population,model,domain,group,method,n,acc_direct,gap_direct,ece_direct,ece_method,d_ece
class,q4b,food101,apple_pie,vcd,24,0.5,-0.1189,0.3253,0.3694,0.0442
class,q4b,food101,baby_back_ribs,vcd,24,0.4167,-0.0475,0.3493,0.2069,-0.1424
class,q4b,food101,baklava,vcd,24,0.8333,-0.1699,0.2131,0.1148,-0.0983
class,q4b,food101,beef_carpaccio,vcd,24,0.1667,0.1407,0.2579,0.5198,0.2619
class,q4b,food101,beef_tartare,vcd,24,0.0833,0.2829,0.3275,0.7273,0.3998
class,q4b,food101,beet_salad,vcd,24,0.6667,-0.0741,0.2368,0.1159,-0.1208
class,q4b,food101,beignets,vcd,24,0.5417,-0.1991,0.2785,0.4926,0.2141
class,q4b,food101,bibimbap,vcd,24,0.2083,0.1635,0.2073,0.3534,0.1461
class,q4b,food101,bread_pudding,vcd,24,0.7917,-0.3882,0.3882,0.1778,-0.2104
class,q4b,food101,breakfast_burrito,vcd,24,0.7083,-0.0987,0.2109,0.3973,0.1864
class,q4b,food101,bruschetta,vcd,24,0.4167,-0.1321,0.276,0.5262,0.2503
class,q4b,food101,caesar_salad,vcd,24,0.9167,-0.3747,0.3747,0.0934,-0.2813
class,q4b,food101,cannoli,vcd,24,0.7083,-0.0471,0.1701,0.1394,-0.0307
class,q4b,food101,caprese_salad,vcd,24,0.5417,-0.1692,0.23,0.2627,0.0327
class,q4b,food101,carrot_cake,vcd,24,0.8333,-0.4637,0.4744,0.2734,-0.201
class,q4b,food101,ceviche,vcd,24,0.3333,0.1089,0.2853,0.4466,0.1613
class,q4b,food101,cheese_plate,vcd,24,0.5,-0.1263,0.2416,0.2612,0.0196
class,q4b,food101,cheesecake,vcd,24,0.5417,-0.1586,0.2222,0.1412,-0.0809
class,q4b,food101,chicken_curry,vcd,24,0.5,-0.1191,0.2312,0.1324,-0.0987
class,q4b,food101,chicken_quesadilla,vcd,24,0.9583,-0.1507,0.1507,0.0355,-0.1152
class,q4b,food101,chicken_wings,vcd,24,0.7917,-0.1849,0.1849,0.1228,-0.0621
class,q4b,food101,chocolate_cake,vcd,24,0.7083,-0.2578,0.3171,0.1948,-0.1222
class,q4b,food101,chocolate_mousse,vcd,24,0.8333,-0.4177,0.4177,0.07,-0.3478
class,q4b,food101,churros,vcd,24,0.5417,0.0687,0.13,0.2863,0.1563
class,q4b,food101,clam_chowder,vcd,24,0.9583,-0.2393,0.2393,0.1427,-0.0966
class,q4b,food101,club_sandwich,vcd,24,0.75,-0.2311,0.3639,0.2588,-0.1051
class,q4b,food101,crab_cakes,vcd,24,0.1667,0.1937,0.3614,0.6036,0.2423
class,q4b,food101,creme_brulee,vcd,24,0.2083,0.1264,0.2553,0.2309,-0.0244
class,q4b,food101,croque_madame,vcd,24,0.0,0.3251,0.3251,0.6633,0.3382
class,q4b,food101,cup_cakes,vcd,24,0.0,0.5011,0.5011,0.6936,0.1924
class,q4b,food101,deviled_eggs,vcd,24,0.9167,-0.3965,0.3965,0.2043,-0.1921
class,q4b,food101,donuts,vcd,24,0.9167,-0.4001,0.4102,0.1981,-0.2121
class,q4b,food101,dumplings,vcd,24,0.2917,0.0562,0.1734,0.3566,0.1833
class,q4b,food101,edamame,vcd,24,0.9167,-0.1838,0.2474,0.1649,-0.0825
class,q4b,food101,eggs_benedict,vcd,24,0.375,0.0078,0.4794,0.4648,-0.0145
class,q4b,food101,escargots,vcd,24,0.125,0.176,0.176,0.6037,0.4277
class,q4b,food101,falafel,vcd,24,0.75,-0.1047,0.1613,0.3984,0.2371
class,q4b,food101,filet_mignon,vcd,24,0.0,0.5031,0.5031,0.6697,0.1666
class,q4b,food101,fish_and_chips,vcd,24,0.5417,-0.1053,0.4474,0.5014,0.054
class,q4b,food101,foie_gras,vcd,24,0.0,0.3625,0.3625,0.7376,0.3751
class,q4b,food101,french_fries,vcd,24,0.9167,-0.3673,0.3673,0.1957,-0.1716
class,q4b,food101,french_onion_soup,vcd,24,0.8333,-0.2846,0.3414,0.1899,-0.1514
class,q4b,food101,french_toast,vcd,24,0.5,-0.1065,0.1671,0.1764,0.0092
class,q4b,food101,fried_calamari,vcd,24,0.4167,-0.044,0.2928,0.372,0.0791
class,q4b,food101,fried_rice,vcd,24,0.9167,-0.4203,0.4322,0.1378,-0.2944
class,q4b,food101,frozen_yogurt,vcd,24,0.25,0.0747,0.1034,0.368,0.2646
class,q4b,food101,garlic_bread,vcd,24,0.5833,-0.2335,0.358,0.3662,0.0082
class,q4b,food101,gnocchi,vcd,24,0.2083,0.216,0.4032,0.5475,0.1443
class,q4b,food101,greek_salad,vcd,24,0.9167,-0.1626,0.1655,0.0944,-0.0711
class,q4b,food101,grilled_cheese_sandwich,vcd,24,0.625,-0.2044,0.3605,0.2493,-0.1112
class,q4b,food101,grilled_salmon,vcd,24,0.25,0.2498,0.3497,0.6189,0.2692
class,q4b,food101,guacamole,vcd,24,0.6667,-0.0723,0.1361,0.243,0.1069
class,q4b,food101,gyoza,vcd,24,0.125,0.3444,0.3444,0.7861,0.4417
class,q4b,food101,hamburger,vcd,24,0.9167,-0.4754,0.4754,0.1686,-0.3068
class,q4b,food101,hot_and_sour_soup,vcd,24,1.0,-0.2601,0.2601,0.1151,-0.145
class,q4b,food101,hot_dog,vcd,24,0.9583,-0.3031,0.3274,0.1034,-0.224
class,q4b,food101,huevos_rancheros,vcd,24,0.0,0.4535,0.4535,0.8019,0.3484
class,q4b,food101,hummus,vcd,24,0.875,-0.2583,0.2837,0.1434,-0.1403
class,q4b,food101,ice_cream,vcd,24,0.6667,-0.104,0.2033,0.355,0.1516
class,q4b,food101,lasagna,vcd,24,0.5417,-0.1377,0.2128,0.2896,0.0769
class,q4b,food101,lobster_bisque,vcd,24,0.9583,-0.2222,0.2537,0.114,-0.1397
class,q4b,food101,lobster_roll_sandwich,vcd,24,0.7917,-0.3225,0.4352,0.3322,-0.103
class,q4b,food101,macaroni_and_cheese,vcd,24,0.875,-0.2309,0.2457,0.1981,-0.0476
class,q4b,food101,macarons,vcd,24,0.5,0.121,0.2923,0.1874,-0.1049
class,q4b,food101,miso_soup,vcd,24,0.875,-0.2772,0.3152,0.2424,-0.0728
class,q4b,food101,mussels,vcd,24,0.8333,-0.4316,0.4316,0.3886,-0.043
class,q4b,food101,nachos,vcd,24,0.9583,-0.2113,0.2279,0.0749,-0.153
class,q4b,food101,omelette,vcd,24,0.4583,0.0494,0.2365,0.3371,0.1006
class,q4b,food101,onion_rings,vcd,24,1.0,-0.3243,0.3243,0.0589,-0.2654
class,q4b,food101,oysters,vcd,24,0.9167,-0.2281,0.2818,0.1263,-0.1556
class,q4b,food101,pad_thai,vcd,24,0.2083,0.1104,0.2209,0.2948,0.0739
class,q4b,food101,paella,vcd,24,0.625,-0.1066,0.1681,0.2011,0.033
class,q4b,food101,pancakes,vcd,24,0.875,-0.3489,0.3681,0.129,-0.239
class,q4b,food101,panna_cotta,vcd,24,0.0,0.4376,0.4376,0.7023,0.2647
class,q4b,food101,peking_duck,vcd,24,0.4167,-0.1253,0.1302,0.2112,0.081
class,q4b,food101,pho,vcd,24,0.0417,0.5958,0.6228,0.7333,0.1106
class,q4b,food101,pizza,vcd,24,0.9583,-0.3482,0.3482,0.1897,-0.1585
class,q4b,food101,pork_chop,vcd,24,0.2083,0.1948,0.4165,0.5426,0.126
class,q4b,food101,poutine,vcd,24,0.6667,-0.1948,0.2209,0.4694,0.2485
class,q4b,food101,prime_rib,vcd,24,0.0,0.4201,0.4201,0.7558,0.3357
class,q4b,food101,pulled_pork_sandwich,vcd,24,0.8333,-0.3263,0.3326,0.1782,-0.1544
class,q4b,food101,ramen,vcd,24,0.6667,-0.1951,0.2405,0.0963,-0.1442
class,q4b,food101,ravioli,vcd,24,0.5417,-0.1427,0.1427,0.2329,0.0902
class,q4b,food101,red_velvet_cake,vcd,24,0.75,-0.2278,0.2994,0.1327,-0.1667
class,q4b,food101,risotto,vcd,24,0.3333,0.1062,0.2125,0.231,0.0185
class,q4b,food101,samosa,vcd,24,0.8333,-0.1138,0.1584,0.1644,0.0059
class,q4b,food101,sashimi,vcd,24,0.75,-0.3601,0.3601,0.4377,0.0776
class,q4b,food101,scallops,vcd,24,0.25,0.2663,0.2663,0.359,0.0927
class,q4b,food101,seaweed_salad,vcd,24,0.875,-0.4894,0.5357,0.2295,-0.3062
class,q4b,food101,shrimp_and_grits,vcd,24,0.375,0.0314,0.2638,0.5361,0.2723
class,q4b,food101,spaghetti_bolognese,vcd,24,0.9167,-0.3222,0.3576,0.1729,-0.1847
class,q4b,food101,spaghetti_carbonara,vcd,24,1.0,-0.3101,0.3101,0.028,-0.2822
class,q4b,food101,spring_rolls,vcd,24,0.875,-0.3801,0.3801,0.1643,-0.2158
class,q4b,food101,steak,vcd,24,0.5,-0.0324,0.193,0.2423,0.0493
class,q4b,food101,strawberry_shortcake,vcd,24,0.0,0.458,0.458,0.8725,0.4145
class,q4b,food101,sushi,vcd,24,0.9167,-0.0823,0.1533,0.054,-0.0993
class,q4b,food101,tacos,vcd,24,0.875,-0.3615,0.3615,0.1512,-0.2103
class,q4b,food101,takoyaki,vcd,24,0.5417,-0.1345,0.2503,0.3101,0.0598
class,q4b,food101,tiramisu,vcd,24,0.9583,-0.5372,0.5372,0.1843,-0.3529
class,q4b,food101,tuna_tartare,vcd,24,0.1667,0.193,0.2211,0.6242,0.4031
class,q4b,food101,waffles,vcd,24,0.8333,-0.27,0.3372,0.1785,-0.1587
class,q4b,food101,apple_pie,mib,24,0.5,-0.1189,0.3253,0.2757,-0.0495
class,q4b,food101,baby_back_ribs,mib,24,0.4167,-0.0475,0.3493,0.2445,-0.1048
class,q4b,food101,baklava,mib,24,0.8333,-0.1699,0.2131,0.0908,-0.1223
class,q4b,food101,beef_carpaccio,mib,24,0.1667,0.1407,0.2579,0.3886,0.1307
class,q4b,food101,beef_tartare,mib,24,0.0833,0.2829,0.3275,0.256,-0.0715
class,q4b,food101,beet_salad,mib,24,0.6667,-0.0741,0.2368,0.3223,0.0855
class,q4b,food101,beignets,mib,24,0.5417,-0.1991,0.2785,0.2431,-0.0354
class,q4b,food101,bibimbap,mib,24,0.2083,0.1635,0.2073,0.2773,0.07
class,q4b,food101,bread_pudding,mib,24,0.7917,-0.3882,0.3882,0.3299,-0.0583
class,q4b,food101,breakfast_burrito,mib,24,0.7083,-0.0987,0.2109,0.1397,-0.0712
class,q4b,food101,bruschetta,mib,24,0.4167,-0.1321,0.276,0.2406,-0.0353
class,q4b,food101,caesar_salad,mib,24,0.9167,-0.3747,0.3747,0.4072,0.0325
class,q4b,food101,cannoli,mib,24,0.7083,-0.0471,0.1701,0.1484,-0.0217
class,q4b,food101,caprese_salad,mib,24,0.5417,-0.1692,0.23,0.287,0.057
class,q4b,food101,carrot_cake,mib,24,0.8333,-0.4637,0.4744,0.4056,-0.0687
class,q4b,food101,ceviche,mib,24,0.3333,0.1089,0.2853,0.1328,-0.1525
class,q4b,food101,cheese_plate,mib,24,0.5,-0.1263,0.2416,0.2624,0.0208
class,q4b,food101,cheesecake,mib,24,0.5417,-0.1586,0.2222,0.3017,0.0796
class,q4b,food101,chicken_curry,mib,24,0.5,-0.1191,0.2312,0.2967,0.0655
class,q4b,food101,chicken_quesadilla,mib,24,0.9583,-0.1507,0.1507,0.0437,-0.1069
class,q4b,food101,chicken_wings,mib,24,0.7917,-0.1849,0.1849,0.3097,0.1248
class,q4b,food101,chocolate_cake,mib,24,0.7083,-0.2578,0.3171,0.292,-0.0251
class,q4b,food101,chocolate_mousse,mib,24,0.8333,-0.4177,0.4177,0.3189,-0.0988
class,q4b,food101,churros,mib,24,0.5417,0.0687,0.13,0.4922,0.3621
class,q4b,food101,clam_chowder,mib,24,0.9583,-0.2393,0.2393,0.3772,0.1379
class,q4b,food101,club_sandwich,mib,24,0.75,-0.2311,0.3639,0.2671,-0.0967
class,q4b,food101,crab_cakes,mib,24,0.1667,0.1937,0.3614,0.3168,-0.0445
class,q4b,food101,creme_brulee,mib,24,0.2083,0.1264,0.2553,0.189,-0.0664
class,q4b,food101,croque_madame,mib,24,0.0,0.3251,0.3251,0.3999,0.0749
class,q4b,food101,cup_cakes,mib,24,0.0,0.5011,0.5011,0.5807,0.0796
class,q4b,food101,deviled_eggs,mib,24,0.9167,-0.3965,0.3965,0.3259,-0.0705
class,q4b,food101,donuts,mib,24,0.9167,-0.4001,0.4102,0.2861,-0.1241
class,q4b,food101,dumplings,mib,24,0.2917,0.0562,0.1734,0.397,0.2236
class,q4b,food101,edamame,mib,24,0.9167,-0.1838,0.2474,0.214,-0.0334
class,q4b,food101,eggs_benedict,mib,24,0.375,0.0078,0.4794,0.2732,-0.2062
class,q4b,food101,escargots,mib,24,0.125,0.176,0.176,0.3181,0.1421
class,q4b,food101,falafel,mib,24,0.75,-0.1047,0.1613,0.1861,0.0248
class,q4b,food101,filet_mignon,mib,24,0.0,0.5031,0.5031,0.5446,0.0415
class,q4b,food101,fish_and_chips,mib,24,0.5417,-0.1053,0.4474,0.3504,-0.097
class,q4b,food101,foie_gras,mib,24,0.0,0.3625,0.3625,0.5089,0.1464
class,q4b,food101,french_fries,mib,24,0.9167,-0.3673,0.3673,0.3226,-0.0447
class,q4b,food101,french_onion_soup,mib,24,0.8333,-0.2846,0.3414,0.2635,-0.0779
class,q4b,food101,french_toast,mib,24,0.5,-0.1065,0.1671,0.2447,0.0775
class,q4b,food101,fried_calamari,mib,24,0.4167,-0.044,0.2928,0.1899,-0.1029
class,q4b,food101,fried_rice,mib,24,0.9167,-0.4203,0.4322,0.1976,-0.2346
class,q4b,food101,frozen_yogurt,mib,24,0.25,0.0747,0.1034,0.346,0.2426
class,q4b,food101,garlic_bread,mib,24,0.5833,-0.2335,0.358,0.3565,-0.0015
class,q4b,food101,gnocchi,mib,24,0.2083,0.216,0.4032,0.1694,-0.2338
class,q4b,food101,greek_salad,mib,24,0.9167,-0.1626,0.1655,0.2878,0.1224
class,q4b,food101,grilled_cheese_sandwich,mib,24,0.625,-0.2044,0.3605,0.1886,-0.172
class,q4b,food101,grilled_salmon,mib,24,0.25,0.2498,0.3497,0.1834,-0.1663
class,q4b,food101,guacamole,mib,24,0.6667,-0.0723,0.1361,0.1397,0.0036
class,q4b,food101,gyoza,mib,24,0.125,0.3444,0.3444,0.3131,-0.0313
class,q4b,food101,hamburger,mib,24,0.9167,-0.4754,0.4754,0.3903,-0.0852
class,q4b,food101,hot_and_sour_soup,mib,24,1.0,-0.2601,0.2601,0.3477,0.0876
class,q4b,food101,hot_dog,mib,24,0.9583,-0.3031,0.3274,0.2391,-0.0883
class,q4b,food101,huevos_rancheros,mib,24,0.0,0.4535,0.4535,0.5441,0.0906
class,q4b,food101,hummus,mib,24,0.875,-0.2583,0.2837,0.092,-0.1917
class,q4b,food101,ice_cream,mib,24,0.6667,-0.104,0.2033,0.2425,0.0391
class,q4b,food101,lasagna,mib,24,0.5417,-0.1377,0.2128,0.2134,0.0007
class,q4b,food101,lobster_bisque,mib,24,0.9583,-0.2222,0.2537,0.3248,0.0711
class,q4b,food101,lobster_roll_sandwich,mib,24,0.7917,-0.3225,0.4352,0.1591,-0.276
class,q4b,food101,macaroni_and_cheese,mib,24,0.875,-0.2309,0.2457,0.1887,-0.0571
class,q4b,food101,macarons,mib,24,0.5,0.121,0.2923,0.3585,0.0661
class,q4b,food101,miso_soup,mib,24,0.875,-0.2772,0.3152,0.327,0.0118
class,q4b,food101,mussels,mib,24,0.8333,-0.4316,0.4316,0.2898,-0.1417
class,q4b,food101,nachos,mib,24,0.9583,-0.2113,0.2279,0.1788,-0.0492
class,q4b,food101,omelette,mib,24,0.4583,0.0494,0.2365,0.2748,0.0382
class,q4b,food101,onion_rings,mib,24,1.0,-0.3243,0.3243,0.3154,-0.0089
class,q4b,food101,oysters,mib,24,0.9167,-0.2281,0.2818,0.1663,-0.1155
class,q4b,food101,pad_thai,mib,24,0.2083,0.1104,0.2209,0.1809,-0.04
class,q4b,food101,paella,mib,24,0.625,-0.1066,0.1681,0.1592,-0.0089
class,q4b,food101,pancakes,mib,24,0.875,-0.3489,0.3681,0.2791,-0.089
class,q4b,food101,panna_cotta,mib,24,0.0,0.4376,0.4376,0.4989,0.0613
class,q4b,food101,peking_duck,mib,24,0.4167,-0.1253,0.1302,0.291,0.1608
class,q4b,food101,pho,mib,24,0.0417,0.5958,0.6228,0.2236,-0.3992
class,q4b,food101,pizza,mib,24,0.9583,-0.3482,0.3482,0.3565,0.0083
class,q4b,food101,pork_chop,mib,24,0.2083,0.1948,0.4165,0.195,-0.2215
class,q4b,food101,poutine,mib,24,0.6667,-0.1948,0.2209,0.1819,-0.039
class,q4b,food101,prime_rib,mib,24,0.0,0.4201,0.4201,0.3851,-0.035
class,q4b,food101,pulled_pork_sandwich,mib,24,0.8333,-0.3263,0.3326,0.2782,-0.0544
class,q4b,food101,ramen,mib,24,0.6667,-0.1951,0.2405,0.3055,0.065
class,q4b,food101,ravioli,mib,24,0.5417,-0.1427,0.1427,0.1719,0.0292
class,q4b,food101,red_velvet_cake,mib,24,0.75,-0.2278,0.2994,0.2773,-0.0221
class,q4b,food101,risotto,mib,24,0.3333,0.1062,0.2125,0.148,-0.0645
class,q4b,food101,samosa,mib,24,0.8333,-0.1138,0.1584,0.163,0.0045
class,q4b,food101,sashimi,mib,24,0.75,-0.3601,0.3601,0.2311,-0.129
class,q4b,food101,scallops,mib,24,0.25,0.2663,0.2663,0.2417,-0.0246
class,q4b,food101,seaweed_salad,mib,24,0.875,-0.4894,0.5357,0.2244,-0.3113
class,q4b,food101,shrimp_and_grits,mib,24,0.375,0.0314,0.2638,0.1911,-0.0727
class,q4b,food101,spaghetti_bolognese,mib,24,0.9167,-0.3222,0.3576,0.3889,0.0313
class,q4b,food101,spaghetti_carbonara,mib,24,1.0,-0.3101,0.3101,0.3874,0.0772
class,q4b,food101,spring_rolls,mib,24,0.875,-0.3801,0.3801,0.3086,-0.0715
class,q4b,food101,steak,mib,24,0.5,-0.0324,0.193,0.2176,0.0247
class,q4b,food101,strawberry_shortcake,mib,24,0.0,0.458,0.458,0.4657,0.0077
class,q4b,food101,sushi,mib,24,0.9167,-0.0823,0.1533,0.1378,-0.0156
class,q4b,food101,tacos,mib,24,0.875,-0.3615,0.3615,0.2739,-0.0876
class,q4b,food101,takoyaki,mib,24,0.5417,-0.1345,0.2503,0.2154,-0.0349
class,q4b,food101,tiramisu,mib,24,0.9583,-0.5372,0.5372,0.2675,-0.2697
class,q4b,food101,tuna_tartare,mib,24,0.1667,0.193,0.2211,0.3331,0.112
class,q4b,food101,waffles,mib,24,0.8333,-0.27,0.3372,0.2224,-0.1148
class,q4b,food101,apple_pie,lcd,24,0.5,-0.1189,0.3253,0.3904,0.0651
class,q4b,food101,baby_back_ribs,lcd,24,0.4167,-0.0475,0.3493,0.2773,-0.0721
class,q4b,food101,baklava,lcd,24,0.8333,-0.1699,0.2131,0.3507,0.1376
class,q4b,food101,beef_carpaccio,lcd,24,0.1667,0.1407,0.2579,0.4417,0.1838
class,q4b,food101,beef_tartare,lcd,24,0.0833,0.2829,0.3275,0.4409,0.1134
class,q4b,food101,beet_salad,lcd,24,0.6667,-0.0741,0.2368,0.3206,0.0839
class,q4b,food101,beignets,lcd,24,0.5417,-0.1991,0.2785,0.2835,0.005
class,q4b,food101,bibimbap,lcd,24,0.2083,0.1635,0.2073,0.2825,0.0753
class,q4b,food101,bread_pudding,lcd,24,0.7917,-0.3882,0.3882,0.2417,-0.1465
class,q4b,food101,breakfast_burrito,lcd,24,0.7083,-0.0987,0.2109,0.1813,-0.0296
class,q4b,food101,bruschetta,lcd,24,0.4167,-0.1321,0.276,0.4646,0.1886
class,q4b,food101,caesar_salad,lcd,24,0.9167,-0.3747,0.3747,0.2781,-0.0966
class,q4b,food101,cannoli,lcd,24,0.7083,-0.0471,0.1701,0.2052,0.0351
class,q4b,food101,caprese_salad,lcd,24,0.5417,-0.1692,0.23,0.2626,0.0326
class,q4b,food101,carrot_cake,lcd,24,0.8333,-0.4637,0.4744,0.3072,-0.1672
class,q4b,food101,ceviche,lcd,24,0.3333,0.1089,0.2853,0.406,0.1206
class,q4b,food101,cheese_plate,lcd,24,0.5,-0.1263,0.2416,0.1844,-0.0572
class,q4b,food101,cheesecake,lcd,24,0.5417,-0.1586,0.2222,0.245,0.0229
class,q4b,food101,chicken_curry,lcd,24,0.5,-0.1191,0.2312,0.3329,0.1017
class,q4b,food101,chicken_quesadilla,lcd,24,0.9583,-0.1507,0.1507,0.0836,-0.0671
class,q4b,food101,chicken_wings,lcd,24,0.7917,-0.1849,0.1849,0.3591,0.1742
class,q4b,food101,chocolate_cake,lcd,24,0.7083,-0.2578,0.3171,0.2363,-0.0808
class,q4b,food101,chocolate_mousse,lcd,24,0.8333,-0.4177,0.4177,0.1756,-0.2421
class,q4b,food101,churros,lcd,24,0.5417,0.0687,0.13,0.3246,0.1945
class,q4b,food101,clam_chowder,lcd,24,0.9583,-0.2393,0.2393,0.4587,0.2194
class,q4b,food101,club_sandwich,lcd,24,0.75,-0.2311,0.3639,0.3019,-0.062
class,q4b,food101,crab_cakes,lcd,24,0.1667,0.1937,0.3614,0.2424,-0.119
class,q4b,food101,creme_brulee,lcd,24,0.2083,0.1264,0.2553,0.3811,0.1257
class,q4b,food101,croque_madame,lcd,24,0.0,0.3251,0.3251,0.5366,0.2116
class,q4b,food101,cup_cakes,lcd,24,0.0,0.5011,0.5011,0.7126,0.2115
class,q4b,food101,deviled_eggs,lcd,24,0.9167,-0.3965,0.3965,0.2871,-0.1093
class,q4b,food101,donuts,lcd,24,0.9167,-0.4001,0.4102,0.3204,-0.0898
class,q4b,food101,dumplings,lcd,24,0.2917,0.0562,0.1734,0.3286,0.1552
class,q4b,food101,edamame,lcd,24,0.9167,-0.1838,0.2474,0.167,-0.0804
class,q4b,food101,eggs_benedict,lcd,24,0.375,0.0078,0.4794,0.462,-0.0173
class,q4b,food101,escargots,lcd,24,0.125,0.176,0.176,0.2318,0.0558
class,q4b,food101,falafel,lcd,24,0.75,-0.1047,0.1613,0.2225,0.0612
class,q4b,food101,filet_mignon,lcd,24,0.0,0.5031,0.5031,0.5613,0.0583
class,q4b,food101,fish_and_chips,lcd,24,0.5417,-0.1053,0.4474,0.1488,-0.2986
class,q4b,food101,foie_gras,lcd,24,0.0,0.3625,0.3625,0.5782,0.2156
class,q4b,food101,french_fries,lcd,24,0.9167,-0.3673,0.3673,0.2092,-0.1581
class,q4b,food101,french_onion_soup,lcd,24,0.8333,-0.2846,0.3414,0.1947,-0.1467
class,q4b,food101,french_toast,lcd,24,0.5,-0.1065,0.1671,0.2284,0.0613
class,q4b,food101,fried_calamari,lcd,24,0.4167,-0.044,0.2928,0.2239,-0.0689
class,q4b,food101,fried_rice,lcd,24,0.9167,-0.4203,0.4322,0.3286,-0.1035
class,q4b,food101,frozen_yogurt,lcd,24,0.25,0.0747,0.1034,0.534,0.4306
class,q4b,food101,garlic_bread,lcd,24,0.5833,-0.2335,0.358,0.1741,-0.1839
class,q4b,food101,gnocchi,lcd,24,0.2083,0.216,0.4032,0.358,-0.0452
class,q4b,food101,greek_salad,lcd,24,0.9167,-0.1626,0.1655,0.2362,0.0708
class,q4b,food101,grilled_cheese_sandwich,lcd,24,0.625,-0.2044,0.3605,0.231,-0.1296
class,q4b,food101,grilled_salmon,lcd,24,0.25,0.2498,0.3497,0.1772,-0.1724
class,q4b,food101,guacamole,lcd,24,0.6667,-0.0723,0.1361,0.2096,0.0735
class,q4b,food101,gyoza,lcd,24,0.125,0.3444,0.3444,0.8574,0.513
class,q4b,food101,hamburger,lcd,24,0.9167,-0.4754,0.4754,0.1706,-0.3049
class,q4b,food101,hot_and_sour_soup,lcd,24,1.0,-0.2601,0.2601,0.423,0.1629
class,q4b,food101,hot_dog,lcd,24,0.9583,-0.3031,0.3274,0.1365,-0.1908
class,q4b,food101,huevos_rancheros,lcd,24,0.0,0.4535,0.4535,0.5382,0.0848
class,q4b,food101,hummus,lcd,24,0.875,-0.2583,0.2837,0.2084,-0.0753
class,q4b,food101,ice_cream,lcd,24,0.6667,-0.104,0.2033,0.3297,0.1264
class,q4b,food101,lasagna,lcd,24,0.5417,-0.1377,0.2128,0.1911,-0.0217
class,q4b,food101,lobster_bisque,lcd,24,0.9583,-0.2222,0.2537,0.6277,0.374
class,q4b,food101,lobster_roll_sandwich,lcd,24,0.7917,-0.3225,0.4352,0.1988,-0.2364
class,q4b,food101,macaroni_and_cheese,lcd,24,0.875,-0.2309,0.2457,0.272,0.0262
class,q4b,food101,macarons,lcd,24,0.5,0.121,0.2923,0.4473,0.155
class,q4b,food101,miso_soup,lcd,24,0.875,-0.2772,0.3152,0.2027,-0.1125
class,q4b,food101,mussels,lcd,24,0.8333,-0.4316,0.4316,0.2134,-0.2181
class,q4b,food101,nachos,lcd,24,0.9583,-0.2113,0.2279,0.0974,-0.1305
class,q4b,food101,omelette,lcd,24,0.4583,0.0494,0.2365,0.2011,-0.0354
class,q4b,food101,onion_rings,lcd,24,1.0,-0.3243,0.3243,0.1157,-0.2086
class,q4b,food101,oysters,lcd,24,0.9167,-0.2281,0.2818,0.2211,-0.0608
class,q4b,food101,pad_thai,lcd,24,0.2083,0.1104,0.2209,0.384,0.1631
class,q4b,food101,paella,lcd,24,0.625,-0.1066,0.1681,0.488,0.3199
class,q4b,food101,pancakes,lcd,24,0.875,-0.3489,0.3681,0.1457,-0.2223
class,q4b,food101,panna_cotta,lcd,24,0.0,0.4376,0.4376,0.6638,0.2262
class,q4b,food101,peking_duck,lcd,24,0.4167,-0.1253,0.1302,0.2607,0.1305
class,q4b,food101,pho,lcd,24,0.0417,0.5958,0.6228,0.4862,-0.1366
class,q4b,food101,pizza,lcd,24,0.9583,-0.3482,0.3482,0.1576,-0.1906
class,q4b,food101,pork_chop,lcd,24,0.2083,0.1948,0.4165,0.3795,-0.037
class,q4b,food101,poutine,lcd,24,0.6667,-0.1948,0.2209,0.2474,0.0265
class,q4b,food101,prime_rib,lcd,24,0.0,0.4201,0.4201,0.5298,0.1097
class,q4b,food101,pulled_pork_sandwich,lcd,24,0.8333,-0.3263,0.3326,0.2116,-0.121
class,q4b,food101,ramen,lcd,24,0.6667,-0.1951,0.2405,0.2642,0.0237
class,q4b,food101,ravioli,lcd,24,0.5417,-0.1427,0.1427,0.2098,0.0671
class,q4b,food101,red_velvet_cake,lcd,24,0.75,-0.2278,0.2994,0.439,0.1396
class,q4b,food101,risotto,lcd,24,0.3333,0.1062,0.2125,0.2849,0.0724
class,q4b,food101,samosa,lcd,24,0.8333,-0.1138,0.1584,0.2246,0.0661
class,q4b,food101,sashimi,lcd,24,0.75,-0.3601,0.3601,0.1689,-0.1912
class,q4b,food101,scallops,lcd,24,0.25,0.2663,0.2663,0.2951,0.0288
class,q4b,food101,seaweed_salad,lcd,24,0.875,-0.4894,0.5357,0.3854,-0.1502
class,q4b,food101,shrimp_and_grits,lcd,24,0.375,0.0314,0.2638,0.3507,0.0869
class,q4b,food101,spaghetti_bolognese,lcd,24,0.9167,-0.3222,0.3576,0.1817,-0.1759
class,q4b,food101,spaghetti_carbonara,lcd,24,1.0,-0.3101,0.3101,0.1489,-0.1613
class,q4b,food101,spring_rolls,lcd,24,0.875,-0.3801,0.3801,0.3061,-0.074
class,q4b,food101,steak,lcd,24,0.5,-0.0324,0.193,0.2083,0.0154
class,q4b,food101,strawberry_shortcake,lcd,24,0.0,0.458,0.458,0.5473,0.0893
class,q4b,food101,sushi,lcd,24,0.9167,-0.0823,0.1533,0.0643,-0.089
class,q4b,food101,tacos,lcd,24,0.875,-0.3615,0.3615,0.2117,-0.1498
class,q4b,food101,takoyaki,lcd,24,0.5417,-0.1345,0.2503,0.1544,-0.0959
class,q4b,food101,tiramisu,lcd,24,0.9583,-0.5372,0.5372,0.1578,-0.3794
class,q4b,food101,tuna_tartare,lcd,24,0.1667,0.193,0.2211,0.481,0.2599
class,q4b,food101,waffles,lcd,24,0.8333,-0.27,0.3372,0.1927,-0.1445
stratum,q4b,food101,low_acc,vcd,600,0.1717,0.2298,0.2559,0.5344,0.2785
stratum,q4b,food101,low_acc,mib,600,0.1717,0.2298,0.2559,0.2053,-0.0507
stratum,q4b,food101,low_acc,lcd,600,0.1717,0.2298,0.2559,0.3952,0.1393
stratum,q4b,food101,middle,vcd,1224,0.6422,-0.1682,0.1682,0.172,0.0039
stratum,q4b,food101,middle,mib,1224,0.6422,-0.1682,0.1682,0.1127,-0.0555
stratum,q4b,food101,middle,lcd,1224,0.6422,-0.1682,0.1682,0.0953,-0.0729
stratum,q4b,food101,high_acc,vcd,600,0.8817,-0.2512,0.2515,0.0707,-0.1808
stratum,q4b,food101,high_acc,mib,600,0.8817,-0.2512,0.2515,0.2375,-0.0141
stratum,q4b,food101,high_acc,lcd,600,0.8817,-0.2512,0.2515,0.0843,-0.1672
bin,q4b,food101,bin1,vcd,288,0.0312,0.405,0.405,0.7209,0.3159
bin,q4b,food101,bin1,mib,288,0.0312,0.405,0.405,0.3771,-0.0279
bin,q4b,food101,bin1,lcd,288,0.0312,0.405,0.405,0.5321,0.1271
bin,q4b,food101,bin2,vcd,312,0.2244,0.1611,0.1863,0.4277,0.2413
bin,q4b,food101,bin2,mib,312,0.2244,0.1611,0.1863,0.1124,-0.0739
bin,q4b,food101,bin2,lcd,312,0.2244,0.1611,0.1863,0.3,0.1137
bin,q4b,food101,bin3,vcd,288,0.434,-0.0521,0.1577,0.2671,0.1094
bin,q4b,food101,bin3,mib,288,0.434,-0.0521,0.1577,0.0994,-0.0583
bin,q4b,food101,bin3,lcd,288,0.434,-0.0521,0.1577,0.1733,0.0155
bin,q4b,food101,bin4,vcd,312,0.5513,-0.1103,0.1498,0.2131,0.0633
bin,q4b,food101,bin4,mib,312,0.5513,-0.1103,0.1498,0.1537,0.0038
bin,q4b,food101,bin4,lcd,312,0.5513,-0.1103,0.1498,0.1517,0.0019
bin,q4b,food101,bin5,vcd,312,0.7115,-0.1812,0.1812,0.2052,0.024
bin,q4b,food101,bin5,mib,312,0.7115,-0.1812,0.1812,0.1254,-0.0559
bin,q4b,food101,bin5,lcd,312,0.7115,-0.1812,0.1812,0.086,-0.0953
bin,q4b,food101,bin6,vcd,288,0.8333,-0.2895,0.2895,0.0985,-0.191
bin,q4b,food101,bin6,mib,288,0.8333,-0.2895,0.2895,0.1795,-0.11
bin,q4b,food101,bin6,lcd,288,0.8333,-0.2895,0.2895,0.143,-0.1466
bin,q4b,food101,bin7,vcd,312,0.9006,-0.3568,0.3574,0.1208,-0.2366
bin,q4b,food101,bin7,mib,312,0.9006,-0.3568,0.3574,0.2735,-0.0838
bin,q4b,food101,bin7,lcd,312,0.9006,-0.3568,0.3574,0.1491,-0.2083
bin,q4b,food101,bin8,vcd,312,0.9583,-0.2722,0.2722,0.0605,-0.2117
bin,q4b,food101,bin8,mib,312,0.9583,-0.2722,0.2722,0.2507,-0.0215
bin,q4b,food101,bin8,lcd,312,0.9583,-0.2722,0.2722,0.0781,-0.1942
mixture,q4b,food101,alpha=0.0,vcd,600,0.1717,0.2298,,,0.2785
mixture,q4b,food101,alpha=0.0,mib,600,0.1717,0.2298,,,-0.0507
mixture,q4b,food101,alpha=0.0,lcd,600,0.1717,0.2298,,,0.1393
mixture,q4b,food101,alpha=0.1,vcd,600,0.2438,0.1808,,,0.2681
mixture,q4b,food101,alpha=0.1,mib,600,0.2438,0.1808,,,-0.0482
mixture,q4b,food101,alpha=0.1,lcd,600,0.2438,0.1808,,,0.1445
mixture,q4b,food101,alpha=0.2,vcd,600,0.3131,0.1342,,,0.2602
mixture,q4b,food101,alpha=0.2,mib,600,0.3131,0.1342,,,-0.0461
mixture,q4b,food101,alpha=0.2,lcd,600,0.3131,0.1342,,,0.1505
mixture,q4b,food101,alpha=0.3,vcd,600,0.3843,0.0865,,,0.2511
mixture,q4b,food101,alpha=0.3,mib,600,0.3843,0.0865,,,-0.0333
mixture,q4b,food101,alpha=0.3,lcd,600,0.3843,0.0865,,,0.1557
mixture,q4b,food101,alpha=0.4,vcd,600,0.4564,0.0365,,,0.24
mixture,q4b,food101,alpha=0.4,mib,600,0.4564,0.0365,,,-0.0
mixture,q4b,food101,alpha=0.4,lcd,600,0.4564,0.0365,,,0.1623
mixture,q4b,food101,alpha=0.5,vcd,600,0.5272,-0.0119,,,0.2122
mixture,q4b,food101,alpha=0.5,mib,600,0.5272,-0.0119,,,0.0296
mixture,q4b,food101,alpha=0.5,lcd,600,0.5272,-0.0119,,,0.1506
mixture,q4b,food101,alpha=0.6,vcd,600,0.5969,-0.058,,,0.1469
mixture,q4b,food101,alpha=0.6,mib,600,0.5969,-0.058,,,0.0351
mixture,q4b,food101,alpha=0.6,lcd,600,0.5969,-0.058,,,0.1063
mixture,q4b,food101,alpha=0.7,vcd,600,0.6676,-0.106,,,0.0531
mixture,q4b,food101,alpha=0.7,mib,600,0.6676,-0.106,,,0.0187
mixture,q4b,food101,alpha=0.7,lcd,600,0.6676,-0.106,,,0.0363
mixture,q4b,food101,alpha=0.8,vcd,600,0.7392,-0.1552,,,-0.0462
mixture,q4b,food101,alpha=0.8,mib,600,0.7392,-0.1552,,,0.0046
mixture,q4b,food101,alpha=0.8,lcd,600,0.7392,-0.1552,,,-0.0397
mixture,q4b,food101,alpha=0.9,vcd,600,0.8114,-0.204,,,-0.1266
mixture,q4b,food101,alpha=0.9,mib,600,0.8114,-0.204,,,-0.0052
mixture,q4b,food101,alpha=0.9,lcd,600,0.8114,-0.204,,,-0.1082
mixture,q4b,food101,alpha=1.0,vcd,600,0.8817,-0.2512,,,-0.1808
mixture,q4b,food101,alpha=1.0,mib,600,0.8817,-0.2512,,,-0.0141
mixture,q4b,food101,alpha=1.0,lcd,600,0.8817,-0.2512,,,-0.1672
class,q9b,food101,apple_pie,vcd,24,0.6667,-0.2185,0.31,0.2831,-0.0269
class,q9b,food101,baby_back_ribs,vcd,24,0.4583,-0.1034,0.2473,0.2938,0.0465
class,q9b,food101,baklava,vcd,24,0.875,-0.0937,0.1193,0.087,-0.0324
class,q9b,food101,beef_carpaccio,vcd,24,0.0833,0.2412,0.2734,0.536,0.2626
class,q9b,food101,beef_tartare,vcd,24,0.125,0.1143,0.1182,0.4983,0.3802
class,q9b,food101,beet_salad,vcd,24,0.9167,-0.2166,0.2396,0.0793,-0.1603
class,q9b,food101,beignets,vcd,24,0.625,-0.283,0.3258,0.2316,-0.0942
class,q9b,food101,bibimbap,vcd,24,0.5417,-0.2119,0.2517,0.2849,0.0333
class,q9b,food101,bread_pudding,vcd,24,0.5833,-0.1742,0.2752,0.2789,0.0038
class,q9b,food101,breakfast_burrito,vcd,24,0.875,-0.2933,0.2933,0.3679,0.0746
class,q9b,food101,bruschetta,vcd,24,0.7083,-0.3081,0.3081,0.1907,-0.1174
class,q9b,food101,caesar_salad,vcd,24,0.9583,-0.1862,0.1925,0.0868,-0.1056
class,q9b,food101,cannoli,vcd,24,0.6667,-0.3002,0.3002,0.4479,0.1477
class,q9b,food101,caprese_salad,vcd,24,0.75,-0.2179,0.4326,0.1157,-0.3169
class,q9b,food101,carrot_cake,vcd,24,0.9167,-0.3826,0.4037,0.128,-0.2757
class,q9b,food101,ceviche,vcd,24,0.1667,0.1967,0.1967,0.5289,0.3322
class,q9b,food101,cheese_plate,vcd,24,0.6667,-0.0688,0.2351,0.069,-0.1661
class,q9b,food101,cheesecake,vcd,24,0.7917,-0.1909,0.2819,0.2514,-0.0306
class,q9b,food101,chicken_curry,vcd,24,0.7917,-0.3171,0.3276,0.1316,-0.196
class,q9b,food101,chicken_quesadilla,vcd,24,0.9583,-0.2974,0.2974,0.0443,-0.2531
class,q9b,food101,chicken_wings,vcd,24,0.9583,-0.5965,0.6505,0.1816,-0.4689
class,q9b,food101,chocolate_cake,vcd,24,0.7917,-0.1493,0.2111,0.2038,-0.0073
class,q9b,food101,chocolate_mousse,vcd,24,0.75,-0.2842,0.3533,0.1415,-0.2118
class,q9b,food101,churros,vcd,24,0.7083,0.0133,0.1587,0.2413,0.0826
class,q9b,food101,clam_chowder,vcd,24,0.9167,-0.2878,0.3163,0.0794,-0.237
class,q9b,food101,club_sandwich,vcd,24,0.9167,-0.2323,0.2323,0.1669,-0.0654
class,q9b,food101,crab_cakes,vcd,24,0.3333,-0.0731,0.17,0.2766,0.1065
class,q9b,food101,creme_brulee,vcd,24,0.0833,0.3238,0.3238,0.74,0.4161
class,q9b,food101,croque_madame,vcd,24,0.0,0.3147,0.3147,0.6915,0.3768
class,q9b,food101,cup_cakes,vcd,24,0.0,0.9042,0.9042,0.9962,0.0919
class,q9b,food101,deviled_eggs,vcd,24,1.0,-0.3797,0.3797,0.2488,-0.1309
class,q9b,food101,donuts,vcd,24,1.0,-0.4343,0.4343,0.1112,-0.3231
class,q9b,food101,dumplings,vcd,24,0.625,-0.3235,0.3235,0.4892,0.1657
class,q9b,food101,edamame,vcd,24,0.9583,-0.2353,0.2353,0.0502,-0.185
class,q9b,food101,eggs_benedict,vcd,24,0.5833,-0.2627,0.3323,0.2462,-0.0861
class,q9b,food101,escargots,vcd,24,0.25,0.1162,0.2059,0.5267,0.3207
class,q9b,food101,falafel,vcd,24,0.75,-0.0866,0.1596,0.1926,0.033
class,q9b,food101,filet_mignon,vcd,24,0.0,0.4007,0.4007,0.7965,0.3958
class,q9b,food101,fish_and_chips,vcd,24,0.8333,-0.3485,0.376,0.1767,-0.1993
class,q9b,food101,foie_gras,vcd,24,0.0,0.3132,0.3132,0.6991,0.3859
class,q9b,food101,french_fries,vcd,24,0.9583,-0.2744,0.3057,0.0557,-0.2499
class,q9b,food101,french_onion_soup,vcd,24,0.875,-0.354,0.354,0.104,-0.25
class,q9b,food101,french_toast,vcd,24,0.7917,-0.3197,0.4053,0.1657,-0.2396
class,q9b,food101,fried_calamari,vcd,24,0.7917,-0.4024,0.4595,0.1358,-0.3237
class,q9b,food101,fried_rice,vcd,24,0.9583,-0.43,0.43,0.0814,-0.3485
class,q9b,food101,frozen_yogurt,vcd,24,0.375,-0.0032,0.1422,0.6234,0.4811
class,q9b,food101,garlic_bread,vcd,24,0.7083,-0.2139,0.2817,0.3838,0.102
class,q9b,food101,gnocchi,vcd,24,0.5417,-0.1095,0.1539,0.2563,0.1024
class,q9b,food101,greek_salad,vcd,24,0.9583,-0.1745,0.1833,0.0616,-0.1217
class,q9b,food101,grilled_cheese_sandwich,vcd,24,0.875,-0.3794,0.3794,0.3089,-0.0705
class,q9b,food101,grilled_salmon,vcd,24,0.3333,0.0668,0.1064,0.4136,0.3072
class,q9b,food101,guacamole,vcd,24,0.75,-0.1921,0.2321,0.1189,-0.1132
class,q9b,food101,gyoza,vcd,24,0.625,-0.2615,0.4584,0.1735,-0.2849
class,q9b,food101,hamburger,vcd,24,0.8333,-0.4597,0.4756,0.0602,-0.4154
class,q9b,food101,hot_and_sour_soup,vcd,24,0.9583,-0.2552,0.2814,0.0545,-0.227
class,q9b,food101,hot_dog,vcd,24,0.875,-0.2813,0.2948,0.1253,-0.1695
class,q9b,food101,huevos_rancheros,vcd,24,0.0,0.3725,0.3725,0.7323,0.3597
class,q9b,food101,hummus,vcd,24,0.75,-0.3803,0.3803,0.2639,-0.1163
class,q9b,food101,ice_cream,vcd,24,0.8333,-0.2916,0.3046,0.2049,-0.0997
class,q9b,food101,lasagna,vcd,24,0.75,-0.2816,0.2894,0.1611,-0.1284
class,q9b,food101,lobster_bisque,vcd,24,1.0,-0.2542,0.2542,0.0456,-0.2085
class,q9b,food101,lobster_roll_sandwich,vcd,24,0.8333,-0.2731,0.2731,0.116,-0.1572
class,q9b,food101,macaroni_and_cheese,vcd,24,0.875,-0.2371,0.3319,0.1911,-0.1407
class,q9b,food101,macarons,vcd,24,0.7083,0.0928,0.145,0.2232,0.0782
class,q9b,food101,miso_soup,vcd,24,0.9167,-0.4494,0.4494,0.0611,-0.3883
class,q9b,food101,mussels,vcd,24,1.0,-0.3029,0.3029,0.2168,-0.0861
class,q9b,food101,nachos,vcd,24,0.875,-0.4669,0.4669,0.2019,-0.265
class,q9b,food101,omelette,vcd,24,0.7083,-0.1941,0.2168,0.1544,-0.0624
class,q9b,food101,onion_rings,vcd,24,0.9583,-0.375,0.375,0.428,0.053
class,q9b,food101,oysters,vcd,24,0.9167,-0.2319,0.2596,0.0646,-0.195
class,q9b,food101,pad_thai,vcd,24,0.5417,-0.2875,0.3289,0.1747,-0.1541
class,q9b,food101,paella,vcd,24,0.7083,-0.2715,0.3017,0.0804,-0.2213
class,q9b,food101,pancakes,vcd,24,0.9583,-0.2474,0.2885,0.0901,-0.1983
class,q9b,food101,panna_cotta,vcd,24,0.0,0.5239,0.5239,0.8786,0.3547
class,q9b,food101,peking_duck,vcd,24,0.6667,-0.3009,0.3656,0.1907,-0.1749
class,q9b,food101,pho,vcd,24,0.0833,0.2757,0.3287,0.8831,0.5544
class,q9b,food101,pizza,vcd,24,0.9583,-0.1532,0.1819,0.051,-0.1309
class,q9b,food101,pork_chop,vcd,24,0.2917,0.0535,0.1466,0.5864,0.4398
class,q9b,food101,poutine,vcd,24,0.5417,-0.0897,0.1582,0.4896,0.3313
class,q9b,food101,prime_rib,vcd,24,0.0,0.4229,0.4229,0.815,0.3922
class,q9b,food101,pulled_pork_sandwich,vcd,24,0.8333,-0.3351,0.3351,0.3966,0.0615
class,q9b,food101,ramen,vcd,24,0.625,-0.329,0.382,0.2753,-0.1067
class,q9b,food101,ravioli,vcd,24,0.7917,-0.4072,0.4219,0.1894,-0.2325
class,q9b,food101,red_velvet_cake,vcd,24,0.7917,-0.0485,0.3036,0.2471,-0.0565
class,q9b,food101,risotto,vcd,24,0.5833,-0.2399,0.4136,0.1907,-0.2229
class,q9b,food101,samosa,vcd,24,0.7917,-0.4063,0.4063,0.291,-0.1153
class,q9b,food101,sashimi,vcd,24,0.4167,0.0767,0.2792,0.2444,-0.0348
class,q9b,food101,scallops,vcd,24,0.2917,-0.0113,0.062,0.2762,0.2143
class,q9b,food101,seaweed_salad,vcd,24,1.0,-0.5468,0.5468,0.197,-0.3498
class,q9b,food101,shrimp_and_grits,vcd,24,0.625,-0.2332,0.3458,0.2383,-0.1075
class,q9b,food101,spaghetti_bolognese,vcd,24,0.9167,-0.4461,0.5384,0.2742,-0.2643
class,q9b,food101,spaghetti_carbonara,vcd,24,1.0,-0.4014,0.4014,0.2409,-0.1605
class,q9b,food101,spring_rolls,vcd,24,0.9583,-0.4278,0.4278,0.205,-0.2229
class,q9b,food101,steak,vcd,24,0.5,-0.0193,0.2355,0.3326,0.0972
class,q9b,food101,strawberry_shortcake,vcd,24,0.25,0.3433,0.3692,0.6556,0.2864
class,q9b,food101,sushi,vcd,24,0.9583,-0.3475,0.3612,0.3246,-0.0366
class,q9b,food101,tacos,vcd,24,0.875,-0.2676,0.3298,0.1946,-0.1352
class,q9b,food101,takoyaki,vcd,24,0.625,-0.2194,0.2315,0.3743,0.1428
class,q9b,food101,tiramisu,vcd,24,0.8333,-0.3691,0.3864,0.0501,-0.3363
class,q9b,food101,tuna_tartare,vcd,24,0.25,-0.0081,0.172,0.6382,0.4662
class,q9b,food101,waffles,vcd,24,0.9167,-0.2688,0.343,0.1475,-0.1955
class,q9b,food101,apple_pie,mib,24,0.6667,-0.2185,0.31,0.1772,-0.1328
class,q9b,food101,baby_back_ribs,mib,24,0.4583,-0.1034,0.2473,0.1338,-0.1135
class,q9b,food101,baklava,mib,24,0.875,-0.0937,0.1193,0.036,-0.0833
class,q9b,food101,beef_carpaccio,mib,24,0.0833,0.2412,0.2734,0.3242,0.0508
class,q9b,food101,beef_tartare,mib,24,0.125,0.1143,0.1182,0.291,0.1729
class,q9b,food101,beet_salad,mib,24,0.9167,-0.2166,0.2396,0.3466,0.107
class,q9b,food101,beignets,mib,24,0.625,-0.283,0.3258,0.1958,-0.13
class,q9b,food101,bibimbap,mib,24,0.5417,-0.2119,0.2517,0.2797,0.028
class,q9b,food101,bread_pudding,mib,24,0.5833,-0.1742,0.2752,0.3564,0.0813
class,q9b,food101,breakfast_burrito,mib,24,0.875,-0.2933,0.2933,0.2734,-0.0199
class,q9b,food101,bruschetta,mib,24,0.7083,-0.3081,0.3081,0.2362,-0.0719
class,q9b,food101,caesar_salad,mib,24,0.9583,-0.1862,0.1925,0.2836,0.0911
class,q9b,food101,cannoli,mib,24,0.6667,-0.3002,0.3002,0.3552,0.055
class,q9b,food101,caprese_salad,mib,24,0.75,-0.2179,0.4326,0.2474,-0.1852
class,q9b,food101,carrot_cake,mib,24,0.9167,-0.3826,0.4037,0.3327,-0.0711
class,q9b,food101,ceviche,mib,24,0.1667,0.1967,0.1967,0.3117,0.115
class,q9b,food101,cheese_plate,mib,24,0.6667,-0.0688,0.2351,0.2806,0.0456
class,q9b,food101,cheesecake,mib,24,0.7917,-0.1909,0.2819,0.2011,-0.0808
class,q9b,food101,chicken_curry,mib,24,0.7917,-0.3171,0.3276,0.2601,-0.0675
class,q9b,food101,chicken_quesadilla,mib,24,0.9583,-0.2974,0.2974,0.1571,-0.1404
class,q9b,food101,chicken_wings,mib,24,0.9583,-0.5965,0.6505,0.4577,-0.1928
class,q9b,food101,chocolate_cake,mib,24,0.7917,-0.1493,0.2111,0.3356,0.1244
class,q9b,food101,chocolate_mousse,mib,24,0.75,-0.2842,0.3533,0.1728,-0.1805
class,q9b,food101,churros,mib,24,0.7083,0.0133,0.1587,0.202,0.0433
class,q9b,food101,clam_chowder,mib,24,0.9167,-0.2878,0.3163,0.2519,-0.0644
class,q9b,food101,club_sandwich,mib,24,0.9167,-0.2323,0.2323,0.261,0.0287
class,q9b,food101,crab_cakes,mib,24,0.3333,-0.0731,0.17,0.1984,0.0284
class,q9b,food101,creme_brulee,mib,24,0.0833,0.3238,0.3238,0.5127,0.1889
class,q9b,food101,croque_madame,mib,24,0.0,0.3147,0.3147,0.4554,0.1406
class,q9b,food101,cup_cakes,mib,24,0.0,0.9042,0.9042,0.9055,0.0013
class,q9b,food101,deviled_eggs,mib,24,1.0,-0.3797,0.3797,0.3375,-0.0422
class,q9b,food101,donuts,mib,24,1.0,-0.4343,0.4343,0.4394,0.0051
class,q9b,food101,dumplings,mib,24,0.625,-0.3235,0.3235,0.2908,-0.0327
class,q9b,food101,edamame,mib,24,0.9583,-0.2353,0.2353,0.2433,0.0081
class,q9b,food101,eggs_benedict,mib,24,0.5833,-0.2627,0.3323,0.2568,-0.0756
class,q9b,food101,escargots,mib,24,0.25,0.1162,0.2059,0.1741,-0.0318
class,q9b,food101,falafel,mib,24,0.75,-0.0866,0.1596,0.1448,-0.0147
class,q9b,food101,filet_mignon,mib,24,0.0,0.4007,0.4007,0.4119,0.0112
class,q9b,food101,fish_and_chips,mib,24,0.8333,-0.3485,0.376,0.2796,-0.0963
class,q9b,food101,foie_gras,mib,24,0.0,0.3132,0.3132,0.2995,-0.0137
class,q9b,food101,french_fries,mib,24,0.9583,-0.2744,0.3057,0.3836,0.0779
class,q9b,food101,french_onion_soup,mib,24,0.875,-0.354,0.354,0.2894,-0.0646
class,q9b,food101,french_toast,mib,24,0.7917,-0.3197,0.4053,0.1791,-0.2261
class,q9b,food101,fried_calamari,mib,24,0.7917,-0.4024,0.4595,0.4496,-0.0099
class,q9b,food101,fried_rice,mib,24,0.9583,-0.43,0.43,0.3603,-0.0696
class,q9b,food101,frozen_yogurt,mib,24,0.375,-0.0032,0.1422,0.1978,0.0556
class,q9b,food101,garlic_bread,mib,24,0.7083,-0.2139,0.2817,0.2149,-0.0668
class,q9b,food101,gnocchi,mib,24,0.5417,-0.1095,0.1539,0.1775,0.0237
class,q9b,food101,greek_salad,mib,24,0.9583,-0.1745,0.1833,0.3762,0.1929
class,q9b,food101,grilled_cheese_sandwich,mib,24,0.875,-0.3794,0.3794,0.2589,-0.1205
class,q9b,food101,grilled_salmon,mib,24,0.3333,0.0668,0.1064,0.2343,0.1279
class,q9b,food101,guacamole,mib,24,0.75,-0.1921,0.2321,0.1808,-0.0513
class,q9b,food101,gyoza,mib,24,0.625,-0.2615,0.4584,0.2118,-0.2466
class,q9b,food101,hamburger,mib,24,0.8333,-0.4597,0.4756,0.2562,-0.2194
class,q9b,food101,hot_and_sour_soup,mib,24,0.9583,-0.2552,0.2814,0.3482,0.0668
class,q9b,food101,hot_dog,mib,24,0.875,-0.2813,0.2948,0.2232,-0.0716
class,q9b,food101,huevos_rancheros,mib,24,0.0,0.3725,0.3725,0.4875,0.115
class,q9b,food101,hummus,mib,24,0.75,-0.3803,0.3803,0.4477,0.0674
class,q9b,food101,ice_cream,mib,24,0.8333,-0.2916,0.3046,0.315,0.0104
class,q9b,food101,lasagna,mib,24,0.75,-0.2816,0.2894,0.2471,-0.0423
class,q9b,food101,lobster_bisque,mib,24,1.0,-0.2542,0.2542,0.2516,-0.0025
class,q9b,food101,lobster_roll_sandwich,mib,24,0.8333,-0.2731,0.2731,0.0923,-0.1808
class,q9b,food101,macaroni_and_cheese,mib,24,0.875,-0.2371,0.3319,0.2959,-0.036
class,q9b,food101,macarons,mib,24,0.7083,0.0928,0.145,0.4425,0.2975
class,q9b,food101,miso_soup,mib,24,0.9167,-0.4494,0.4494,0.1999,-0.2495
class,q9b,food101,mussels,mib,24,1.0,-0.3029,0.3029,0.3524,0.0495
class,q9b,food101,nachos,mib,24,0.875,-0.4669,0.4669,0.384,-0.0829
class,q9b,food101,omelette,mib,24,0.7083,-0.1941,0.2168,0.2248,0.0079
class,q9b,food101,onion_rings,mib,24,0.9583,-0.375,0.375,0.3008,-0.0742
class,q9b,food101,oysters,mib,24,0.9167,-0.2319,0.2596,0.2234,-0.0362
class,q9b,food101,pad_thai,mib,24,0.5417,-0.2875,0.3289,0.2295,-0.0993
class,q9b,food101,paella,mib,24,0.7083,-0.2715,0.3017,0.3225,0.0208
class,q9b,food101,pancakes,mib,24,0.9583,-0.2474,0.2885,0.2028,-0.0856
class,q9b,food101,panna_cotta,mib,24,0.0,0.5239,0.5239,0.6557,0.1318
class,q9b,food101,peking_duck,mib,24,0.6667,-0.3009,0.3656,0.1698,-0.1958
class,q9b,food101,pho,mib,24,0.0833,0.2757,0.3287,0.1491,-0.1796
class,q9b,food101,pizza,mib,24,0.9583,-0.1532,0.1819,0.2393,0.0574
class,q9b,food101,pork_chop,mib,24,0.2917,0.0535,0.1466,0.2726,0.126
class,q9b,food101,poutine,mib,24,0.5417,-0.0897,0.1582,0.143,-0.0152
class,q9b,food101,prime_rib,mib,24,0.0,0.4229,0.4229,0.3947,-0.0282
class,q9b,food101,pulled_pork_sandwich,mib,24,0.8333,-0.3351,0.3351,0.3339,-0.0012
class,q9b,food101,ramen,mib,24,0.625,-0.329,0.382,0.4009,0.0189
class,q9b,food101,ravioli,mib,24,0.7917,-0.4072,0.4219,0.1667,-0.2552
class,q9b,food101,red_velvet_cake,mib,24,0.7917,-0.0485,0.3036,0.4193,0.1157
class,q9b,food101,risotto,mib,24,0.5833,-0.2399,0.4136,0.2235,-0.1901
class,q9b,food101,samosa,mib,24,0.7917,-0.4063,0.4063,0.3194,-0.0869
class,q9b,food101,sashimi,mib,24,0.4167,0.0767,0.2792,0.2506,-0.0285
class,q9b,food101,scallops,mib,24,0.2917,-0.0113,0.062,0.268,0.206
class,q9b,food101,seaweed_salad,mib,24,1.0,-0.5468,0.5468,0.3483,-0.1985
class,q9b,food101,shrimp_and_grits,mib,24,0.625,-0.2332,0.3458,0.3059,-0.0398
class,q9b,food101,spaghetti_bolognese,mib,24,0.9167,-0.4461,0.5384,0.4058,-0.1327
class,q9b,food101,spaghetti_carbonara,mib,24,1.0,-0.4014,0.4014,0.3911,-0.0104
class,q9b,food101,spring_rolls,mib,24,0.9583,-0.4278,0.4278,0.368,-0.0598
class,q9b,food101,steak,mib,24,0.5,-0.0193,0.2355,0.316,0.0805
class,q9b,food101,strawberry_shortcake,mib,24,0.25,0.3433,0.3692,0.3069,-0.0623
class,q9b,food101,sushi,mib,24,0.9583,-0.3475,0.3612,0.2947,-0.0666
class,q9b,food101,tacos,mib,24,0.875,-0.2676,0.3298,0.2973,-0.0325
class,q9b,food101,takoyaki,mib,24,0.625,-0.2194,0.2315,0.2804,0.0489
class,q9b,food101,tiramisu,mib,24,0.8333,-0.3691,0.3864,0.2976,-0.0888
class,q9b,food101,tuna_tartare,mib,24,0.25,-0.0081,0.172,0.2145,0.0425
class,q9b,food101,waffles,mib,24,0.9167,-0.2688,0.343,0.17,-0.1729
class,q9b,food101,apple_pie,lcd,24,0.6667,-0.2185,0.31,0.264,-0.046
class,q9b,food101,baby_back_ribs,lcd,24,0.4583,-0.1034,0.2473,0.2414,-0.0059
class,q9b,food101,baklava,lcd,24,0.875,-0.0937,0.1193,0.1665,0.0471
class,q9b,food101,beef_carpaccio,lcd,24,0.0833,0.2412,0.2734,0.4183,0.1449
class,q9b,food101,beef_tartare,lcd,24,0.125,0.1143,0.1182,0.444,0.3258
class,q9b,food101,beet_salad,lcd,24,0.9167,-0.2166,0.2396,0.238,-0.0016
class,q9b,food101,beignets,lcd,24,0.625,-0.283,0.3258,0.1006,-0.2253
class,q9b,food101,bibimbap,lcd,24,0.5417,-0.2119,0.2517,0.4612,0.2096
class,q9b,food101,bread_pudding,lcd,24,0.5833,-0.1742,0.2752,0.2278,-0.0474
class,q9b,food101,breakfast_burrito,lcd,24,0.875,-0.2933,0.2933,0.1468,-0.1465
class,q9b,food101,bruschetta,lcd,24,0.7083,-0.3081,0.3081,0.1946,-0.1135
class,q9b,food101,caesar_salad,lcd,24,0.9583,-0.1862,0.1925,0.0723,-0.1202
class,q9b,food101,cannoli,lcd,24,0.6667,-0.3002,0.3002,0.2771,-0.0231
class,q9b,food101,caprese_salad,lcd,24,0.75,-0.2179,0.4326,0.4345,0.0019
class,q9b,food101,carrot_cake,lcd,24,0.9167,-0.3826,0.4037,0.2987,-0.105
class,q9b,food101,ceviche,lcd,24,0.1667,0.1967,0.1967,0.4695,0.2728
class,q9b,food101,cheese_plate,lcd,24,0.6667,-0.0688,0.2351,0.2967,0.0616
class,q9b,food101,cheesecake,lcd,24,0.7917,-0.1909,0.2819,0.1619,-0.12
class,q9b,food101,chicken_curry,lcd,24,0.7917,-0.3171,0.3276,0.2691,-0.0585
class,q9b,food101,chicken_quesadilla,lcd,24,0.9583,-0.2974,0.2974,0.3296,0.0322
class,q9b,food101,chicken_wings,lcd,24,0.9583,-0.5965,0.6505,0.332,-0.3184
class,q9b,food101,chocolate_cake,lcd,24,0.7917,-0.1493,0.2111,0.3795,0.1684
class,q9b,food101,chocolate_mousse,lcd,24,0.75,-0.2842,0.3533,0.0754,-0.2779
class,q9b,food101,churros,lcd,24,0.7083,0.0133,0.1587,0.5761,0.4174
class,q9b,food101,clam_chowder,lcd,24,0.9167,-0.2878,0.3163,0.379,0.0627
class,q9b,food101,club_sandwich,lcd,24,0.9167,-0.2323,0.2323,0.2378,0.0055
class,q9b,food101,crab_cakes,lcd,24,0.3333,-0.0731,0.17,0.2248,0.0547
class,q9b,food101,creme_brulee,lcd,24,0.0833,0.3238,0.3238,0.4925,0.1686
class,q9b,food101,croque_madame,lcd,24,0.0,0.3147,0.3147,0.6024,0.2877
class,q9b,food101,cup_cakes,lcd,24,0.0,0.9042,0.9042,0.7268,-0.1774
class,q9b,food101,deviled_eggs,lcd,24,1.0,-0.3797,0.3797,0.1386,-0.2411
class,q9b,food101,donuts,lcd,24,1.0,-0.4343,0.4343,0.2479,-0.1864
class,q9b,food101,dumplings,lcd,24,0.625,-0.3235,0.3235,0.2502,-0.0733
class,q9b,food101,edamame,lcd,24,0.9583,-0.2353,0.2353,0.2032,-0.0321
class,q9b,food101,eggs_benedict,lcd,24,0.5833,-0.2627,0.3323,0.3764,0.044
class,q9b,food101,escargots,lcd,24,0.25,0.1162,0.2059,0.4078,0.2018
class,q9b,food101,falafel,lcd,24,0.75,-0.0866,0.1596,0.3322,0.1727
class,q9b,food101,filet_mignon,lcd,24,0.0,0.4007,0.4007,0.5575,0.1569
class,q9b,food101,fish_and_chips,lcd,24,0.8333,-0.3485,0.376,0.1327,-0.2433
class,q9b,food101,foie_gras,lcd,24,0.0,0.3132,0.3132,0.4493,0.1361
class,q9b,food101,french_fries,lcd,24,0.9583,-0.2744,0.3057,0.1429,-0.1627
class,q9b,food101,french_onion_soup,lcd,24,0.875,-0.354,0.354,0.3569,0.0029
class,q9b,food101,french_toast,lcd,24,0.7917,-0.3197,0.4053,0.4954,0.0901
class,q9b,food101,fried_calamari,lcd,24,0.7917,-0.4024,0.4595,0.1835,-0.276
class,q9b,food101,fried_rice,lcd,24,0.9583,-0.43,0.43,0.1028,-0.3272
class,q9b,food101,frozen_yogurt,lcd,24,0.375,-0.0032,0.1422,0.1681,0.0258
class,q9b,food101,garlic_bread,lcd,24,0.7083,-0.2139,0.2817,0.4844,0.2026
class,q9b,food101,gnocchi,lcd,24,0.5417,-0.1095,0.1539,0.4734,0.3195
class,q9b,food101,greek_salad,lcd,24,0.9583,-0.1745,0.1833,0.1361,-0.0472
class,q9b,food101,grilled_cheese_sandwich,lcd,24,0.875,-0.3794,0.3794,0.3141,-0.0653
class,q9b,food101,grilled_salmon,lcd,24,0.3333,0.0668,0.1064,0.1979,0.0915
class,q9b,food101,guacamole,lcd,24,0.75,-0.1921,0.2321,0.2757,0.0436
class,q9b,food101,gyoza,lcd,24,0.625,-0.2615,0.4584,0.214,-0.2444
class,q9b,food101,hamburger,lcd,24,0.8333,-0.4597,0.4756,0.3032,-0.1724
class,q9b,food101,hot_and_sour_soup,lcd,24,0.9583,-0.2552,0.2814,0.2888,0.0074
class,q9b,food101,hot_dog,lcd,24,0.875,-0.2813,0.2948,0.1794,-0.1154
class,q9b,food101,huevos_rancheros,lcd,24,0.0,0.3725,0.3725,0.4501,0.0776
class,q9b,food101,hummus,lcd,24,0.75,-0.3803,0.3803,0.2444,-0.1359
class,q9b,food101,ice_cream,lcd,24,0.8333,-0.2916,0.3046,0.1889,-0.1157
class,q9b,food101,lasagna,lcd,24,0.75,-0.2816,0.2894,0.2017,-0.0878
class,q9b,food101,lobster_bisque,lcd,24,1.0,-0.2542,0.2542,0.2622,0.008
class,q9b,food101,lobster_roll_sandwich,lcd,24,0.8333,-0.2731,0.2731,0.3119,0.0388
class,q9b,food101,macaroni_and_cheese,lcd,24,0.875,-0.2371,0.3319,0.4117,0.0798
class,q9b,food101,macarons,lcd,24,0.7083,0.0928,0.145,0.2226,0.0776
class,q9b,food101,miso_soup,lcd,24,0.9167,-0.4494,0.4494,0.537,0.0876
class,q9b,food101,mussels,lcd,24,1.0,-0.3029,0.3029,0.1842,-0.1187
class,q9b,food101,nachos,lcd,24,0.875,-0.4669,0.4669,0.2563,-0.2105
class,q9b,food101,omelette,lcd,24,0.7083,-0.1941,0.2168,0.2502,0.0333
class,q9b,food101,onion_rings,lcd,24,0.9583,-0.375,0.375,0.7742,0.3992
class,q9b,food101,oysters,lcd,24,0.9167,-0.2319,0.2596,0.295,0.0354
class,q9b,food101,pad_thai,lcd,24,0.5417,-0.2875,0.3289,0.2677,-0.0612
class,q9b,food101,paella,lcd,24,0.7083,-0.2715,0.3017,0.1388,-0.1628
class,q9b,food101,pancakes,lcd,24,0.9583,-0.2474,0.2885,0.0954,-0.1931
class,q9b,food101,panna_cotta,lcd,24,0.0,0.5239,0.5239,0.5911,0.0672
class,q9b,food101,peking_duck,lcd,24,0.6667,-0.3009,0.3656,0.5137,0.1481
class,q9b,food101,pho,lcd,24,0.0833,0.2757,0.3287,0.4825,0.1538
class,q9b,food101,pizza,lcd,24,0.9583,-0.1532,0.1819,0.3809,0.1989
class,q9b,food101,pork_chop,lcd,24,0.2917,0.0535,0.1466,0.2383,0.0917
class,q9b,food101,poutine,lcd,24,0.5417,-0.0897,0.1582,0.1915,0.0333
class,q9b,food101,prime_rib,lcd,24,0.0,0.4229,0.4229,0.5693,0.1464
class,q9b,food101,pulled_pork_sandwich,lcd,24,0.8333,-0.3351,0.3351,0.1703,-0.1648
class,q9b,food101,ramen,lcd,24,0.625,-0.329,0.382,0.1637,-0.2183
class,q9b,food101,ravioli,lcd,24,0.7917,-0.4072,0.4219,0.1702,-0.2517
class,q9b,food101,red_velvet_cake,lcd,24,0.7917,-0.0485,0.3036,0.2083,-0.0952
class,q9b,food101,risotto,lcd,24,0.5833,-0.2399,0.4136,0.1678,-0.2458
class,q9b,food101,samosa,lcd,24,0.7917,-0.4063,0.4063,0.2316,-0.1746
class,q9b,food101,sashimi,lcd,24,0.4167,0.0767,0.2792,0.1482,-0.131
class,q9b,food101,scallops,lcd,24,0.2917,-0.0113,0.062,0.392,0.33
class,q9b,food101,seaweed_salad,lcd,24,1.0,-0.5468,0.5468,0.1968,-0.3501
class,q9b,food101,shrimp_and_grits,lcd,24,0.625,-0.2332,0.3458,0.2174,-0.1284
class,q9b,food101,spaghetti_bolognese,lcd,24,0.9167,-0.4461,0.5384,0.4507,-0.0878
class,q9b,food101,spaghetti_carbonara,lcd,24,1.0,-0.4014,0.4014,0.2686,-0.1329
class,q9b,food101,spring_rolls,lcd,24,0.9583,-0.4278,0.4278,0.1166,-0.3113
class,q9b,food101,steak,lcd,24,0.5,-0.0193,0.2355,0.2617,0.0262
class,q9b,food101,strawberry_shortcake,lcd,24,0.25,0.3433,0.3692,0.559,0.1898
class,q9b,food101,sushi,lcd,24,0.9583,-0.3475,0.3612,0.1299,-0.2314
class,q9b,food101,tacos,lcd,24,0.875,-0.2676,0.3298,0.1903,-0.1395
class,q9b,food101,takoyaki,lcd,24,0.625,-0.2194,0.2315,0.1547,-0.0768
class,q9b,food101,tiramisu,lcd,24,0.8333,-0.3691,0.3864,0.2292,-0.1572
class,q9b,food101,tuna_tartare,lcd,24,0.25,-0.0081,0.172,0.4264,0.2544
class,q9b,food101,waffles,lcd,24,0.9167,-0.2688,0.343,0.2337,-0.1093
stratum,q9b,food101,low_acc,vcd,600,0.2467,0.148,0.148,0.5281,0.3801
stratum,q9b,food101,low_acc,mib,600,0.2467,0.148,0.148,0.1893,0.0412
stratum,q9b,food101,low_acc,lcd,600,0.2467,0.148,0.148,0.3387,0.1906
stratum,q9b,food101,middle,vcd,1224,0.7525,-0.2621,0.2673,0.1246,-0.1426
stratum,q9b,food101,middle,mib,1224,0.7525,-0.2621,0.2673,0.1813,-0.0859
stratum,q9b,food101,middle,lcd,1224,0.7525,-0.2621,0.2673,0.0912,-0.176
stratum,q9b,food101,high_acc,vcd,600,0.9183,-0.2902,0.2907,0.0794,-0.2112
stratum,q9b,food101,high_acc,mib,600,0.9183,-0.2902,0.2907,0.2607,-0.0299
stratum,q9b,food101,high_acc,lcd,600,0.9183,-0.2902,0.2907,0.092,-0.1987
bin,q9b,food101,bin1,vcd,288,0.0451,0.367,0.367,0.7228,0.3558
bin,q9b,food101,bin1,mib,288,0.0451,0.367,0.367,0.3922,0.0252
bin,q9b,food101,bin1,lcd,288,0.0451,0.367,0.367,0.5191,0.1521
bin,q9b,food101,bin2,vcd,312,0.3718,0.009,0.0933,0.3778,0.2844
bin,q9b,food101,bin2,mib,312,0.3718,0.009,0.0933,0.0935,0.0001
bin,q9b,food101,bin2,lcd,312,0.3718,0.009,0.0933,0.2114,0.1181
bin,q9b,food101,bin3,vcd,288,0.6042,-0.2435,0.2496,0.198,-0.0517
bin,q9b,food101,bin3,mib,288,0.6042,-0.2435,0.2496,0.1187,-0.1309
bin,q9b,food101,bin3,lcd,288,0.6042,-0.2435,0.2496,0.0789,-0.1708
bin,q9b,food101,bin4,vcd,312,0.7115,-0.1794,0.2084,0.1112,-0.0972
bin,q9b,food101,bin4,mib,312,0.7115,-0.1794,0.2084,0.1296,-0.0788
bin,q9b,food101,bin4,lcd,312,0.7115,-0.1794,0.2084,0.1985,-0.0099
bin,q9b,food101,bin5,vcd,312,0.7949,-0.3079,0.3256,0.1323,-0.1934
bin,q9b,food101,bin5,mib,312,0.7949,-0.3079,0.3256,0.2405,-0.0851
bin,q9b,food101,bin5,lcd,312,0.7949,-0.3079,0.3256,0.1216,-0.2041
bin,q9b,food101,bin6,vcd,288,0.8681,-0.2973,0.2977,0.1204,-0.1773
bin,q9b,food101,bin6,mib,288,0.8681,-0.2973,0.2977,0.2345,-0.0632
bin,q9b,food101,bin6,lcd,288,0.8681,-0.2973,0.2977,0.1593,-0.1384
bin,q9b,food101,bin7,vcd,312,0.9359,-0.3322,0.333,0.0554,-0.2777
bin,q9b,food101,bin7,mib,312,0.9359,-0.3322,0.333,0.2594,-0.0736
bin,q9b,food101,bin7,lcd,312,0.9359,-0.3322,0.333,0.1559,-0.1771
bin,q9b,food101,bin8,vcd,312,0.9776,-0.3308,0.3308,0.1205,-0.2103
bin,q9b,food101,bin8,mib,312,0.9776,-0.3308,0.3308,0.3098,-0.021
bin,q9b,food101,bin8,lcd,312,0.9776,-0.3308,0.3308,0.0724,-0.2583
mixture,q9b,food101,alpha=0.0,vcd,600,0.2467,0.148,,,0.3801
mixture,q9b,food101,alpha=0.0,mib,600,0.2467,0.148,,,0.0412
mixture,q9b,food101,alpha=0.0,lcd,600,0.2467,0.148,,,0.1906
mixture,q9b,food101,alpha=0.1,vcd,600,0.3142,0.1036,,,0.3664
mixture,q9b,food101,alpha=0.1,mib,600,0.3142,0.1036,,,0.0403
mixture,q9b,food101,alpha=0.1,lcd,600,0.3142,0.1036,,,0.1964
mixture,q9b,food101,alpha=0.2,vcd,600,0.3809,0.0607,,,0.3505
mixture,q9b,food101,alpha=0.2,mib,600,0.3809,0.0607,,,0.0402
mixture,q9b,food101,alpha=0.2,lcd,600,0.3809,0.0607,,,0.1992
mixture,q9b,food101,alpha=0.3,vcd,600,0.4478,0.0172,,,0.3055
mixture,q9b,food101,alpha=0.3,mib,600,0.4478,0.0172,,,0.0308
mixture,q9b,food101,alpha=0.3,lcd,600,0.4478,0.0172,,,0.1742
mixture,q9b,food101,alpha=0.4,vcd,600,0.5152,-0.027,,,0.2272
mixture,q9b,food101,alpha=0.4,mib,600,0.5152,-0.027,,,0.0096
mixture,q9b,food101,alpha=0.4,lcd,600,0.5152,-0.027,,,0.1145
mixture,q9b,food101,alpha=0.5,vcd,600,0.5813,-0.0707,,,0.1362
mixture,q9b,food101,alpha=0.5,mib,600,0.5813,-0.0707,,,-0.0075
mixture,q9b,food101,alpha=0.5,lcd,600,0.5813,-0.0707,,,0.0458
mixture,q9b,food101,alpha=0.6,vcd,600,0.6492,-0.1146,,,0.0449
mixture,q9b,food101,alpha=0.6,mib,600,0.6492,-0.1146,,,-0.017
mixture,q9b,food101,alpha=0.6,lcd,600,0.6492,-0.1146,,,-0.0242
mixture,q9b,food101,alpha=0.7,vcd,600,0.7168,-0.1587,,,-0.044
mixture,q9b,food101,alpha=0.7,mib,600,0.7168,-0.1587,,,-0.0227
mixture,q9b,food101,alpha=0.7,lcd,600,0.7168,-0.1587,,,-0.0901
mixture,q9b,food101,alpha=0.8,vcd,600,0.7843,-0.2035,,,-0.1194
mixture,q9b,food101,alpha=0.8,mib,600,0.7843,-0.2035,,,-0.0264
mixture,q9b,food101,alpha=0.8,lcd,600,0.7843,-0.2035,,,-0.141
mixture,q9b,food101,alpha=0.9,vcd,600,0.8513,-0.2461,,,-0.1715
mixture,q9b,food101,alpha=0.9,mib,600,0.8513,-0.2461,,,-0.0277
mixture,q9b,food101,alpha=0.9,lcd,600,0.8513,-0.2461,,,-0.1707
mixture,q9b,food101,alpha=1.0,vcd,600,0.9183,-0.2902,,,-0.2112
mixture,q9b,food101,alpha=1.0,mib,600,0.9183,-0.2902,,,-0.0299
mixture,q9b,food101,alpha=1.0,lcd,600,0.9183,-0.2902,,,-0.1987
class,q4b,dogs,affenpinscher,vcd,24,0.0,0.8277,0.8277,0.985,0.1573
class,q4b,dogs,afghan_hound,vcd,24,0.9167,-0.4245,0.4245,0.2421,-0.1824
class,q4b,dogs,african_hunting_dog,vcd,24,0.9583,-0.6146,0.6146,0.1739,-0.4408
class,q4b,dogs,airedale,vcd,24,0.0,0.6841,0.6841,0.8151,0.131
class,q4b,dogs,american_staffordshire_terrier,vcd,24,0.0,0.7554,0.7554,0.8406,0.0852
class,q4b,dogs,appenzeller,vcd,24,0.0,0.7232,0.7232,0.915,0.1918
class,q4b,dogs,australian_terrier,vcd,24,0.0,0.818,0.818,0.905,0.087
class,q4b,dogs,basenji,vcd,24,1.0,-0.1814,0.1814,0.162,-0.0194
class,q4b,dogs,basset,vcd,24,0.0,0.6894,0.6894,0.7339,0.0445
class,q4b,dogs,beagle,vcd,24,0.0,0.6842,0.6842,0.6194,-0.0648
class,q4b,dogs,bedlington_terrier,vcd,24,0.0,0.5613,0.5613,0.5461,-0.0153
class,q4b,dogs,bernese_mountain_dog,vcd,24,0.875,-0.1559,0.2116,0.3957,0.1841
class,q4b,dogs,black,vcd,24,0.0,0.8199,0.8199,0.9609,0.141
class,q4b,dogs,blenheim_spaniel,vcd,24,0.0,0.7371,0.7371,0.912,0.1749
class,q4b,dogs,bloodhound,vcd,24,0.0,0.651,0.651,0.516,-0.135
class,q4b,dogs,bluetick,vcd,24,0.0,0.8357,0.8357,0.9218,0.0861
class,q4b,dogs,border_collie,vcd,24,0.0,0.7385,0.7385,0.7694,0.0309
class,q4b,dogs,border_terrier,vcd,24,0.0,0.7369,0.7369,0.5332,-0.2037
class,q4b,dogs,borzoi,vcd,24,0.125,0.5344,0.5344,0.6374,0.103
class,q4b,dogs,boston_bull,vcd,24,0.0,0.7701,0.7701,0.8451,0.075
class,q4b,dogs,bouvier_des_flandres,vcd,24,0.0,0.8065,0.8065,0.91,0.1035
class,q4b,dogs,boxer,vcd,24,0.0,0.7497,0.7497,0.8481,0.0983
class,q4b,dogs,brabancon_griffon,vcd,24,0.7917,-0.1461,0.1875,0.6068,0.4194
class,q4b,dogs,briard,vcd,24,0.0,0.7813,0.7813,0.8674,0.0861
class,q4b,dogs,brittany_spaniel,vcd,24,0.0,0.8357,0.8357,0.9265,0.0908
class,q4b,dogs,bull_mastiff,vcd,24,0.0,0.7329,0.7329,0.9095,0.1767
class,q4b,dogs,cairn,vcd,24,0.0,0.8279,0.8279,0.8965,0.0686
class,q4b,dogs,cardigan,vcd,24,0.0,0.6149,0.6149,0.8568,0.2418
class,q4b,dogs,chesapeake_bay_retriever,vcd,24,0.0,0.7449,0.7449,0.8763,0.1314
class,q4b,dogs,chihuahua,vcd,24,0.0,0.7158,0.7158,0.5146,-0.2013
class,q4b,dogs,chow,vcd,24,0.0,0.6033,0.6033,0.5547,-0.0487
class,q4b,dogs,clumber,vcd,24,0.0,0.7437,0.7437,0.8652,0.1215
class,q4b,dogs,cocker_spaniel,vcd,24,0.0,0.7554,0.7554,0.8867,0.1314
class,q4b,dogs,collie,vcd,24,0.0417,0.4519,0.4519,0.3908,-0.0611
class,q4b,dogs,curly,vcd,24,0.0,0.7881,0.7881,0.899,0.1108
class,q4b,dogs,dandie_dinmont,vcd,24,0.0,0.7115,0.7115,0.7853,0.0738
class,q4b,dogs,dhole,vcd,24,0.2917,-0.0259,0.1813,0.5117,0.3304
class,q4b,dogs,dingo,vcd,24,0.125,0.5346,0.644,0.6045,-0.0395
class,q4b,dogs,doberman,vcd,24,0.0,0.7754,0.7754,0.6348,-0.1405
class,q4b,dogs,english_foxhound,vcd,24,0.0,0.7233,0.7233,0.746,0.0227
class,q4b,dogs,english_setter,vcd,24,0.0,0.8252,0.8252,0.9225,0.0973
class,q4b,dogs,english_springer,vcd,24,0.0,0.8207,0.8207,0.8197,-0.001
class,q4b,dogs,entlebucher,vcd,24,0.0,0.785,0.785,0.9206,0.1355
class,q4b,dogs,eskimo_dog,vcd,24,0.9167,-0.4157,0.4157,0.6031,0.1874
class,q4b,dogs,flat,vcd,24,0.0,0.7685,0.7685,0.8405,0.072
class,q4b,dogs,french_bulldog,vcd,24,0.0,0.8118,0.8118,0.8821,0.0703
class,q4b,dogs,german_shepherd,vcd,24,0.0,0.7643,0.7643,0.4925,-0.2718
class,q4b,dogs,german_short,vcd,24,0.0,0.8787,0.8787,0.9398,0.061
class,q4b,dogs,giant_schnauzer,vcd,24,0.0,0.8169,0.8169,0.8573,0.0403
class,q4b,dogs,golden_retriever,vcd,24,0.0,0.6628,0.6628,0.5694,-0.0933
class,q4b,dogs,gordon_setter,vcd,24,0.0,0.7904,0.7904,0.9237,0.1333
class,q4b,dogs,great_dane,vcd,24,0.0,0.723,0.723,0.6868,-0.0362
class,q4b,dogs,great_pyrenees,vcd,24,0.0,0.7854,0.7854,0.8929,0.1075
class,q4b,dogs,greater_swiss_mountain_dog,vcd,24,0.8333,-0.0958,0.1553,0.3085,0.1532
class,q4b,dogs,groenendael,vcd,24,0.0,0.7693,0.7693,0.8691,0.0999
class,q4b,dogs,ibizan_hound,vcd,24,1.0,-0.2598,0.2598,0.1913,-0.0684
class,q4b,dogs,irish_setter,vcd,24,0.0,0.7436,0.7436,0.8657,0.1221
class,q4b,dogs,irish_terrier,vcd,24,0.0,0.8261,0.8261,0.8948,0.0686
class,q4b,dogs,irish_water_spaniel,vcd,24,0.0,0.729,0.729,0.8996,0.1706
class,q4b,dogs,irish_wolfhound,vcd,24,0.0,0.7443,0.7443,0.8517,0.1074
class,q4b,dogs,italian_greyhound,vcd,24,0.0,0.8053,0.8053,0.9124,0.1072
class,q4b,dogs,japanese_spaniel,vcd,24,0.0,0.7673,0.7673,0.9209,0.1536
class,q4b,dogs,keeshond,vcd,24,0.0,0.6842,0.6842,0.8598,0.1755
class,q4b,dogs,kelpie,vcd,24,0.0,0.8604,0.8604,0.8838,0.0234
class,q4b,dogs,kerry_blue_terrier,vcd,24,0.0,0.7815,0.7815,0.9408,0.1594
class,q4b,dogs,komondor,vcd,24,0.125,0.4172,0.4615,0.5996,0.138
class,q4b,dogs,kuvasz,vcd,24,0.0,0.7652,0.7652,0.828,0.0628
class,q4b,dogs,labrador_retriever,vcd,24,0.0,0.6418,0.6418,0.8483,0.2065
class,q4b,dogs,lakeland_terrier,vcd,24,0.0,0.8108,0.8108,0.8515,0.0407
class,q4b,dogs,leonberg,vcd,24,0.9167,-0.2337,0.2648,0.3708,0.1061
class,q4b,dogs,lhasa,vcd,24,0.0,0.8649,0.8649,0.9067,0.0418
class,q4b,dogs,malamute,vcd,24,0.0,0.5747,0.5747,0.9186,0.344
class,q4b,dogs,malinois,vcd,24,0.0,0.8224,0.8224,0.9037,0.0813
class,q4b,dogs,maltese_dog,vcd,24,0.9583,-0.0964,0.1324,0.2364,0.1039
class,q4b,dogs,mexican_hairless,vcd,24,0.0,0.7635,0.7635,0.8941,0.1306
class,q4b,dogs,miniature_pinscher,vcd,24,0.0,0.8621,0.8621,0.9462,0.0841
class,q4b,dogs,miniature_poodle,vcd,24,0.9167,-0.2788,0.2788,0.3657,0.0868
class,q4b,dogs,miniature_schnauzer,vcd,24,0.0,0.8314,0.8314,0.8952,0.0638
class,q4b,dogs,newfoundland,vcd,24,0.75,-0.1363,0.2254,0.3972,0.1718
class,q4b,dogs,norfolk_terrier,vcd,24,0.0417,0.7102,0.7247,0.8129,0.0882
class,q4b,dogs,norwegian_elkhound,vcd,24,0.0,0.7857,0.7857,0.8586,0.0729
class,q4b,dogs,norwich_terrier,vcd,24,0.0,0.7197,0.7197,0.6065,-0.1132
class,q4b,dogs,old_english_sheepdog,vcd,24,0.0,0.7931,0.7931,0.8206,0.0274
class,q4b,dogs,otterhound,vcd,24,0.0,0.7959,0.7959,0.908,0.1121
class,q4b,dogs,papillon,vcd,24,0.0,0.821,0.821,0.9289,0.108
class,q4b,dogs,pekinese,vcd,24,0.0,0.7941,0.7941,0.9758,0.1817
class,q4b,dogs,pembroke,vcd,24,0.2083,0.222,0.326,0.602,0.276
class,q4b,dogs,pomeranian,vcd,24,0.0,0.79,0.79,0.8485,0.0585
class,q4b,dogs,pug,vcd,24,1.0,-0.347,0.347,0.0082,-0.3389
class,q4b,dogs,redbone,vcd,24,0.0,0.8284,0.8284,0.8978,0.0695
class,q4b,dogs,rhodesian_ridgeback,vcd,24,0.0,0.7674,0.7674,0.8561,0.0887
class,q4b,dogs,rottweiler,vcd,24,0.0,0.7948,0.7948,0.9364,0.1416
class,q4b,dogs,saint_bernard,vcd,24,0.0,0.7446,0.7446,0.8176,0.073
class,q4b,dogs,saluki,vcd,24,0.0,0.6488,0.6488,0.7199,0.0711
class,q4b,dogs,samoyed,vcd,24,0.0,0.6071,0.6071,0.4298,-0.1773
class,q4b,dogs,schipperke,vcd,24,0.0,0.8374,0.8374,0.9238,0.0864
class,q4b,dogs,scotch_terrier,vcd,24,0.0,0.8135,0.8135,0.8078,-0.0057
class,q4b,dogs,scottish_deerhound,vcd,24,0.0,0.6267,0.6267,0.6922,0.0655
class,q4b,dogs,sealyham_terrier,vcd,24,0.0,0.6818,0.6818,0.6442,-0.0376
class,q4b,dogs,shetland_sheepdog,vcd,24,0.0,0.7535,0.7535,0.9338,0.1803
class,q4b,dogs,shih,vcd,24,0.0,0.7917,0.7917,0.8482,0.0565
class,q4b,dogs,siberian_husky,vcd,24,0.0,0.5859,0.5859,0.3074,-0.2785
class,q4b,dogs,silky_terrier,vcd,24,0.0,0.7488,0.7488,0.7333,-0.0155
class,q4b,dogs,soft,vcd,24,0.0,0.866,0.866,0.9405,0.0745
class,q4b,dogs,staffordshire_bullterrier,vcd,24,0.0,0.7722,0.7722,0.8569,0.0847
class,q4b,dogs,standard_poodle,vcd,24,1.0,-0.3603,0.3603,0.2568,-0.1034
class,q4b,dogs,standard_schnauzer,vcd,24,0.0,0.7993,0.7993,0.7695,-0.0298
class,q4b,dogs,sussex_spaniel,vcd,24,0.0,0.6454,0.6454,0.6602,0.0148
class,q4b,dogs,tibetan_mastiff,vcd,24,0.0,0.6802,0.6802,0.8271,0.1469
class,q4b,dogs,tibetan_terrier,vcd,24,0.0,0.8521,0.8521,0.8476,-0.0045
class,q4b,dogs,toy_poodle,vcd,24,0.9583,-0.2823,0.2823,0.1789,-0.1034
class,q4b,dogs,toy_terrier,vcd,24,0.9583,-0.0833,0.1372,0.1547,0.0175
class,q4b,dogs,vizsla,vcd,24,0.0,0.8252,0.8252,0.8501,0.0249
class,q4b,dogs,walker_hound,vcd,24,1.0,-0.2266,0.2266,0.1708,-0.0559
class,q4b,dogs,weimaraner,vcd,24,0.0,0.7566,0.7566,0.9084,0.1518
class,q4b,dogs,welsh_springer_spaniel,vcd,24,0.0,0.757,0.757,0.8257,0.0687
class,q4b,dogs,west_highland_white_terrier,vcd,24,0.0,0.7486,0.7486,0.8349,0.0862
class,q4b,dogs,whippet,vcd,24,0.0417,0.6407,0.6612,0.6357,-0.0255
class,q4b,dogs,wire,vcd,24,0.0,0.7702,0.7702,0.8487,0.0784
class,q4b,dogs,yorkshire_terrier,vcd,24,0.0,0.6983,0.6983,0.8616,0.1633
class,q4b,dogs,affenpinscher,mib,24,0.0,0.8277,0.8277,0.7069,-0.1209
class,q4b,dogs,afghan_hound,mib,24,0.9167,-0.4245,0.4245,0.435,0.0105
class,q4b,dogs,african_hunting_dog,mib,24,0.9583,-0.6146,0.6146,0.2809,-0.3338
class,q4b,dogs,airedale,mib,24,0.0,0.6841,0.6841,0.3803,-0.3038
class,q4b,dogs,american_staffordshire_terrier,mib,24,0.0,0.7554,0.7554,0.5975,-0.1579
class,q4b,dogs,appenzeller,mib,24,0.0,0.7232,0.7232,0.7261,0.003
class,q4b,dogs,australian_terrier,mib,24,0.0,0.818,0.818,0.2375,-0.5805
class,q4b,dogs,basenji,mib,24,1.0,-0.1814,0.1814,0.2037,0.0223
class,q4b,dogs,basset,mib,24,0.0,0.6894,0.6894,0.1787,-0.5107
class,q4b,dogs,beagle,mib,24,0.0,0.6842,0.6842,0.5039,-0.1803
class,q4b,dogs,bedlington_terrier,mib,24,0.0,0.5613,0.5613,0.2533,-0.308
class,q4b,dogs,bernese_mountain_dog,mib,24,0.875,-0.1559,0.2116,0.3932,0.1816
class,q4b,dogs,black,mib,24,0.0,0.8199,0.8199,0.5959,-0.224
class,q4b,dogs,blenheim_spaniel,mib,24,0.0,0.7371,0.7371,0.343,-0.394
class,q4b,dogs,bloodhound,mib,24,0.0,0.651,0.651,0.3367,-0.3143
class,q4b,dogs,bluetick,mib,24,0.0,0.8357,0.8357,0.6128,-0.2229
class,q4b,dogs,border_collie,mib,24,0.0,0.7385,0.7385,0.4688,-0.2697
class,q4b,dogs,border_terrier,mib,24,0.0,0.7369,0.7369,0.4043,-0.3326
class,q4b,dogs,borzoi,mib,24,0.125,0.5344,0.5344,0.2008,-0.3335
class,q4b,dogs,boston_bull,mib,24,0.0,0.7701,0.7701,0.3246,-0.4455
class,q4b,dogs,bouvier_des_flandres,mib,24,0.0,0.8065,0.8065,0.46,-0.3465
class,q4b,dogs,boxer,mib,24,0.0,0.7497,0.7497,0.3164,-0.4333
class,q4b,dogs,brabancon_griffon,mib,24,0.7917,-0.1461,0.1875,0.5946,0.4071
class,q4b,dogs,briard,mib,24,0.0,0.7813,0.7813,0.6462,-0.1351
class,q4b,dogs,brittany_spaniel,mib,24,0.0,0.8357,0.8357,0.6122,-0.2235
class,q4b,dogs,bull_mastiff,mib,24,0.0,0.7329,0.7329,0.4304,-0.3024
class,q4b,dogs,cairn,mib,24,0.0,0.8279,0.8279,0.3902,-0.4377
class,q4b,dogs,cardigan,mib,24,0.0,0.6149,0.6149,0.3364,-0.2785
class,q4b,dogs,chesapeake_bay_retriever,mib,24,0.0,0.7449,0.7449,0.6308,-0.1142
class,q4b,dogs,chihuahua,mib,24,0.0,0.7158,0.7158,0.3827,-0.3331
class,q4b,dogs,chow,mib,24,0.0,0.6033,0.6033,0.2217,-0.3816
class,q4b,dogs,clumber,mib,24,0.0,0.7437,0.7437,0.305,-0.4386
class,q4b,dogs,cocker_spaniel,mib,24,0.0,0.7554,0.7554,0.3944,-0.3609
class,q4b,dogs,collie,mib,24,0.0417,0.4519,0.4519,0.3243,-0.1276
class,q4b,dogs,curly,mib,24,0.0,0.7881,0.7881,0.5952,-0.1929
class,q4b,dogs,dandie_dinmont,mib,24,0.0,0.7115,0.7115,0.5698,-0.1417
class,q4b,dogs,dhole,mib,24,0.2917,-0.0259,0.1813,0.2835,0.1022
class,q4b,dogs,dingo,mib,24,0.125,0.5346,0.644,0.4986,-0.1454
class,q4b,dogs,doberman,mib,24,0.0,0.7754,0.7754,0.4118,-0.3636
class,q4b,dogs,english_foxhound,mib,24,0.0,0.7233,0.7233,0.4485,-0.2748
class,q4b,dogs,english_setter,mib,24,0.0,0.8252,0.8252,0.6283,-0.1969
class,q4b,dogs,english_springer,mib,24,0.0,0.8207,0.8207,0.395,-0.4257
class,q4b,dogs,entlebucher,mib,24,0.0,0.785,0.785,0.6896,-0.0954
class,q4b,dogs,eskimo_dog,mib,24,0.9167,-0.4157,0.4157,0.401,-0.0147
class,q4b,dogs,flat,mib,24,0.0,0.7685,0.7685,0.6392,-0.1293
class,q4b,dogs,french_bulldog,mib,24,0.0,0.8118,0.8118,0.461,-0.3508
class,q4b,dogs,german_shepherd,mib,24,0.0,0.7643,0.7643,0.2412,-0.523
class,q4b,dogs,german_short,mib,24,0.0,0.8787,0.8787,0.6429,-0.2358
class,q4b,dogs,giant_schnauzer,mib,24,0.0,0.8169,0.8169,0.5533,-0.2636
class,q4b,dogs,golden_retriever,mib,24,0.0,0.6628,0.6628,0.1552,-0.5076
class,q4b,dogs,gordon_setter,mib,24,0.0,0.7904,0.7904,0.5287,-0.2618
class,q4b,dogs,great_dane,mib,24,0.0,0.723,0.723,0.3534,-0.3696
class,q4b,dogs,great_pyrenees,mib,24,0.0,0.7854,0.7854,0.6552,-0.1303
class,q4b,dogs,greater_swiss_mountain_dog,mib,24,0.8333,-0.0958,0.1553,0.3317,0.1764
class,q4b,dogs,groenendael,mib,24,0.0,0.7693,0.7693,0.5447,-0.2245
class,q4b,dogs,ibizan_hound,mib,24,1.0,-0.2598,0.2598,0.2891,0.0293
class,q4b,dogs,irish_setter,mib,24,0.0,0.7436,0.7436,0.2237,-0.5198
class,q4b,dogs,irish_terrier,mib,24,0.0,0.8261,0.8261,0.207,-0.6191
class,q4b,dogs,irish_water_spaniel,mib,24,0.0,0.729,0.729,0.4847,-0.2443
class,q4b,dogs,irish_wolfhound,mib,24,0.0,0.7443,0.7443,0.1916,-0.5526
class,q4b,dogs,italian_greyhound,mib,24,0.0,0.8053,0.8053,0.5419,-0.2634
class,q4b,dogs,japanese_spaniel,mib,24,0.0,0.7673,0.7673,0.1998,-0.5676
class,q4b,dogs,keeshond,mib,24,0.0,0.6842,0.6842,0.5213,-0.163
class,q4b,dogs,kelpie,mib,24,0.0,0.8604,0.8604,0.7232,-0.1373
class,q4b,dogs,kerry_blue_terrier,mib,24,0.0,0.7815,0.7815,0.2576,-0.5239
class,q4b,dogs,komondor,mib,24,0.125,0.4172,0.4615,0.3728,-0.0887
class,q4b,dogs,kuvasz,mib,24,0.0,0.7652,0.7652,0.6358,-0.1294
class,q4b,dogs,labrador_retriever,mib,24,0.0,0.6418,0.6418,0.6036,-0.0381
class,q4b,dogs,lakeland_terrier,mib,24,0.0,0.8108,0.8108,0.351,-0.4598
class,q4b,dogs,leonberg,mib,24,0.9167,-0.2337,0.2648,0.4949,0.2302
class,q4b,dogs,lhasa,mib,24,0.0,0.8649,0.8649,0.7843,-0.0806
class,q4b,dogs,malamute,mib,24,0.0,0.5747,0.5747,0.5971,0.0224
class,q4b,dogs,malinois,mib,24,0.0,0.8224,0.8224,0.4997,-0.3227
class,q4b,dogs,maltese_dog,mib,24,0.9583,-0.0964,0.1324,0.3014,0.1689
class,q4b,dogs,mexican_hairless,mib,24,0.0,0.7635,0.7635,0.4917,-0.2718
class,q4b,dogs,miniature_pinscher,mib,24,0.0,0.8621,0.8621,0.54,-0.3221
class,q4b,dogs,miniature_poodle,mib,24,0.9167,-0.2788,0.2788,0.3072,0.0284
class,q4b,dogs,miniature_schnauzer,mib,24,0.0,0.8314,0.8314,0.2129,-0.6185
class,q4b,dogs,newfoundland,mib,24,0.75,-0.1363,0.2254,0.4298,0.2043
class,q4b,dogs,norfolk_terrier,mib,24,0.0417,0.7102,0.7247,0.2532,-0.4715
class,q4b,dogs,norwegian_elkhound,mib,24,0.0,0.7857,0.7857,0.7186,-0.0671
class,q4b,dogs,norwich_terrier,mib,24,0.0,0.7197,0.7197,0.2009,-0.5188
class,q4b,dogs,old_english_sheepdog,mib,24,0.0,0.7931,0.7931,0.35,-0.4431
class,q4b,dogs,otterhound,mib,24,0.0,0.7959,0.7959,0.5345,-0.2614
class,q4b,dogs,papillon,mib,24,0.0,0.821,0.821,0.3019,-0.5191
class,q4b,dogs,pekinese,mib,24,0.0,0.7941,0.7941,0.6561,-0.1379
class,q4b,dogs,pembroke,mib,24,0.2083,0.222,0.326,0.3085,-0.0175
class,q4b,dogs,pomeranian,mib,24,0.0,0.79,0.79,0.3451,-0.445
class,q4b,dogs,pug,mib,24,1.0,-0.347,0.347,0.1251,-0.2219
class,q4b,dogs,redbone,mib,24,0.0,0.8284,0.8284,0.6911,-0.1373
class,q4b,dogs,rhodesian_ridgeback,mib,24,0.0,0.7674,0.7674,0.507,-0.2604
class,q4b,dogs,rottweiler,mib,24,0.0,0.7948,0.7948,0.3761,-0.4187
class,q4b,dogs,saint_bernard,mib,24,0.0,0.7446,0.7446,0.2847,-0.4599
class,q4b,dogs,saluki,mib,24,0.0,0.6488,0.6488,0.2979,-0.3509
class,q4b,dogs,samoyed,mib,24,0.0,0.6071,0.6071,0.3479,-0.2592
class,q4b,dogs,schipperke,mib,24,0.0,0.8374,0.8374,0.7616,-0.0757
class,q4b,dogs,scotch_terrier,mib,24,0.0,0.8135,0.8135,0.4576,-0.3559
class,q4b,dogs,scottish_deerhound,mib,24,0.0,0.6267,0.6267,0.4641,-0.1626
class,q4b,dogs,sealyham_terrier,mib,24,0.0,0.6818,0.6818,0.2462,-0.4357
class,q4b,dogs,shetland_sheepdog,mib,24,0.0,0.7535,0.7535,0.6545,-0.099
class,q4b,dogs,shih,mib,24,0.0,0.7917,0.7917,0.5019,-0.2898
class,q4b,dogs,siberian_husky,mib,24,0.0,0.5859,0.5859,0.1865,-0.3994
class,q4b,dogs,silky_terrier,mib,24,0.0,0.7488,0.7488,0.2244,-0.5243
class,q4b,dogs,soft,mib,24,0.0,0.866,0.866,0.7919,-0.0741
class,q4b,dogs,staffordshire_bullterrier,mib,24,0.0,0.7722,0.7722,0.6306,-0.1416
class,q4b,dogs,standard_poodle,mib,24,1.0,-0.3603,0.3603,0.2862,-0.0741
class,q4b,dogs,standard_schnauzer,mib,24,0.0,0.7993,0.7993,0.3811,-0.4182
class,q4b,dogs,sussex_spaniel,mib,24,0.0,0.6454,0.6454,0.336,-0.3094
class,q4b,dogs,tibetan_mastiff,mib,24,0.0,0.6802,0.6802,0.3885,-0.2917
class,q4b,dogs,tibetan_terrier,mib,24,0.0,0.8521,0.8521,0.7135,-0.1386
class,q4b,dogs,toy_poodle,mib,24,0.9583,-0.2823,0.2823,0.156,-0.1263
class,q4b,dogs,toy_terrier,mib,24,0.9583,-0.0833,0.1372,0.2255,0.0883
class,q4b,dogs,vizsla,mib,24,0.0,0.8252,0.8252,0.2295,-0.5957
class,q4b,dogs,walker_hound,mib,24,1.0,-0.2266,0.2266,0.2272,0.0006
class,q4b,dogs,weimaraner,mib,24,0.0,0.7566,0.7566,0.2908,-0.4659
class,q4b,dogs,welsh_springer_spaniel,mib,24,0.0,0.757,0.757,0.4086,-0.3485
class,q4b,dogs,west_highland_white_terrier,mib,24,0.0,0.7486,0.7486,0.3923,-0.3563
class,q4b,dogs,whippet,mib,24,0.0417,0.6407,0.6612,0.2963,-0.3649
class,q4b,dogs,wire,mib,24,0.0,0.7702,0.7702,0.1106,-0.6597
class,q4b,dogs,yorkshire_terrier,mib,24,0.0,0.6983,0.6983,0.268,-0.4304
class,q4b,dogs,affenpinscher,lcd,24,0.0,0.8277,0.8277,0.65,-0.1777
class,q4b,dogs,afghan_hound,lcd,24,0.9167,-0.4245,0.4245,0.3724,-0.0521
class,q4b,dogs,african_hunting_dog,lcd,24,0.9583,-0.6146,0.6146,0.3305,-0.2841
class,q4b,dogs,airedale,lcd,24,0.0,0.6841,0.6841,0.2254,-0.4587
class,q4b,dogs,american_staffordshire_terrier,lcd,24,0.0,0.7554,0.7554,0.7001,-0.0553
class,q4b,dogs,appenzeller,lcd,24,0.0,0.7232,0.7232,0.6928,-0.0304
class,q4b,dogs,australian_terrier,lcd,24,0.0,0.818,0.818,0.5539,-0.2641
class,q4b,dogs,basenji,lcd,24,1.0,-0.1814,0.1814,0.2196,0.0382
class,q4b,dogs,basset,lcd,24,0.0,0.6894,0.6894,0.3593,-0.3302
class,q4b,dogs,beagle,lcd,24,0.0,0.6842,0.6842,0.3587,-0.3255
class,q4b,dogs,bedlington_terrier,lcd,24,0.0,0.5613,0.5613,0.5801,0.0187
class,q4b,dogs,bernese_mountain_dog,lcd,24,0.875,-0.1559,0.2116,0.44,0.2285
class,q4b,dogs,black,lcd,24,0.0,0.8199,0.8199,0.7962,-0.0237
class,q4b,dogs,blenheim_spaniel,lcd,24,0.0,0.7371,0.7371,0.6707,-0.0664
class,q4b,dogs,bloodhound,lcd,24,0.0,0.651,0.651,0.3795,-0.2715
class,q4b,dogs,bluetick,lcd,24,0.0,0.8357,0.8357,0.69,-0.1457
class,q4b,dogs,border_collie,lcd,24,0.0,0.7385,0.7385,0.6659,-0.0726
class,q4b,dogs,border_terrier,lcd,24,0.0,0.7369,0.7369,0.3218,-0.4152
class,q4b,dogs,borzoi,lcd,24,0.125,0.5344,0.5344,0.2976,-0.2368
class,q4b,dogs,boston_bull,lcd,24,0.0,0.7701,0.7701,0.3847,-0.3854
class,q4b,dogs,bouvier_des_flandres,lcd,24,0.0,0.8065,0.8065,0.7427,-0.0638
class,q4b,dogs,boxer,lcd,24,0.0,0.7497,0.7497,0.3642,-0.3856
class,q4b,dogs,brabancon_griffon,lcd,24,0.7917,-0.1461,0.1875,0.4984,0.3109
class,q4b,dogs,briard,lcd,24,0.0,0.7813,0.7813,0.7681,-0.0132
class,q4b,dogs,brittany_spaniel,lcd,24,0.0,0.8357,0.8357,0.8447,0.009
class,q4b,dogs,bull_mastiff,lcd,24,0.0,0.7329,0.7329,0.6081,-0.1248
class,q4b,dogs,cairn,lcd,24,0.0,0.8279,0.8279,0.636,-0.1919
class,q4b,dogs,cardigan,lcd,24,0.0,0.6149,0.6149,0.1916,-0.4233
class,q4b,dogs,chesapeake_bay_retriever,lcd,24,0.0,0.7449,0.7449,0.6927,-0.0523
class,q4b,dogs,chihuahua,lcd,24,0.0,0.7158,0.7158,0.4119,-0.3039
class,q4b,dogs,chow,lcd,24,0.0,0.6033,0.6033,0.5587,-0.0446
class,q4b,dogs,clumber,lcd,24,0.0,0.7437,0.7437,0.5931,-0.1505
class,q4b,dogs,cocker_spaniel,lcd,24,0.0,0.7554,0.7554,0.1737,-0.5817
class,q4b,dogs,collie,lcd,24,0.0417,0.4519,0.4519,0.5853,0.1334
class,q4b,dogs,curly,lcd,24,0.0,0.7881,0.7881,0.7412,-0.0469
class,q4b,dogs,dandie_dinmont,lcd,24,0.0,0.7115,0.7115,0.7474,0.0359
class,q4b,dogs,dhole,lcd,24,0.2917,-0.0259,0.1813,0.1307,-0.0506
class,q4b,dogs,dingo,lcd,24,0.125,0.5346,0.644,0.5833,-0.0606
class,q4b,dogs,doberman,lcd,24,0.0,0.7754,0.7754,0.6883,-0.087
class,q4b,dogs,english_foxhound,lcd,24,0.0,0.7233,0.7233,0.6397,-0.0836
class,q4b,dogs,english_setter,lcd,24,0.0,0.8252,0.8252,0.7826,-0.0427
class,q4b,dogs,english_springer,lcd,24,0.0,0.8207,0.8207,0.568,-0.2527
class,q4b,dogs,entlebucher,lcd,24,0.0,0.785,0.785,0.7974,0.0124
class,q4b,dogs,eskimo_dog,lcd,24,0.9167,-0.4157,0.4157,0.3962,-0.0195
class,q4b,dogs,flat,lcd,24,0.0,0.7685,0.7685,0.746,-0.0225
class,q4b,dogs,french_bulldog,lcd,24,0.0,0.8118,0.8118,0.3363,-0.4755
class,q4b,dogs,german_shepherd,lcd,24,0.0,0.7643,0.7643,0.3906,-0.3736
class,q4b,dogs,german_short,lcd,24,0.0,0.8787,0.8787,0.8442,-0.0345
class,q4b,dogs,giant_schnauzer,lcd,24,0.0,0.8169,0.8169,0.7812,-0.0357
class,q4b,dogs,golden_retriever,lcd,24,0.0,0.6628,0.6628,0.685,0.0222
class,q4b,dogs,gordon_setter,lcd,24,0.0,0.7904,0.7904,0.7865,-0.004
class,q4b,dogs,great_dane,lcd,24,0.0,0.723,0.723,0.6187,-0.1043
class,q4b,dogs,great_pyrenees,lcd,24,0.0,0.7854,0.7854,0.7293,-0.0561
class,q4b,dogs,greater_swiss_mountain_dog,lcd,24,0.8333,-0.0958,0.1553,0.2279,0.0725
class,q4b,dogs,groenendael,lcd,24,0.0,0.7693,0.7693,0.8457,0.0764
class,q4b,dogs,ibizan_hound,lcd,24,1.0,-0.2598,0.2598,0.2352,-0.0246
class,q4b,dogs,irish_setter,lcd,24,0.0,0.7436,0.7436,0.533,-0.2106
class,q4b,dogs,irish_terrier,lcd,24,0.0,0.8261,0.8261,0.6123,-0.2138
class,q4b,dogs,irish_water_spaniel,lcd,24,0.0,0.729,0.729,0.6133,-0.1157
class,q4b,dogs,irish_wolfhound,lcd,24,0.0,0.7443,0.7443,0.6064,-0.1378
class,q4b,dogs,italian_greyhound,lcd,24,0.0,0.8053,0.8053,0.396,-0.4093
class,q4b,dogs,japanese_spaniel,lcd,24,0.0,0.7673,0.7673,0.5187,-0.2486
class,q4b,dogs,keeshond,lcd,24,0.0,0.6842,0.6842,0.7305,0.0462
class,q4b,dogs,kelpie,lcd,24,0.0,0.8604,0.8604,0.7991,-0.0614
class,q4b,dogs,kerry_blue_terrier,lcd,24,0.0,0.7815,0.7815,0.6164,-0.165
class,q4b,dogs,komondor,lcd,24,0.125,0.4172,0.4615,0.308,-0.1535
class,q4b,dogs,kuvasz,lcd,24,0.0,0.7652,0.7652,0.8162,0.051
class,q4b,dogs,labrador_retriever,lcd,24,0.0,0.6418,0.6418,0.6994,0.0577
class,q4b,dogs,lakeland_terrier,lcd,24,0.0,0.8108,0.8108,0.686,-0.1248
class,q4b,dogs,leonberg,lcd,24,0.9167,-0.2337,0.2648,0.3735,0.1087
class,q4b,dogs,lhasa,lcd,24,0.0,0.8649,0.8649,0.6808,-0.1842
class,q4b,dogs,malamute,lcd,24,0.0,0.5747,0.5747,0.5811,0.0064
class,q4b,dogs,malinois,lcd,24,0.0,0.8224,0.8224,0.7568,-0.0656
class,q4b,dogs,maltese_dog,lcd,24,0.9583,-0.0964,0.1324,0.1782,0.0457
class,q4b,dogs,mexican_hairless,lcd,24,0.0,0.7635,0.7635,0.6198,-0.1437
class,q4b,dogs,miniature_pinscher,lcd,24,0.0,0.8621,0.8621,0.6456,-0.2166
class,q4b,dogs,miniature_poodle,lcd,24,0.9167,-0.2788,0.2788,0.2678,-0.011
class,q4b,dogs,miniature_schnauzer,lcd,24,0.0,0.8314,0.8314,0.6542,-0.1772
class,q4b,dogs,newfoundland,lcd,24,0.75,-0.1363,0.2254,0.236,0.0106
class,q4b,dogs,norfolk_terrier,lcd,24,0.0417,0.7102,0.7247,0.4292,-0.2955
class,q4b,dogs,norwegian_elkhound,lcd,24,0.0,0.7857,0.7857,0.7273,-0.0583
class,q4b,dogs,norwich_terrier,lcd,24,0.0,0.7197,0.7197,0.3263,-0.3933
class,q4b,dogs,old_english_sheepdog,lcd,24,0.0,0.7931,0.7931,0.7078,-0.0854
class,q4b,dogs,otterhound,lcd,24,0.0,0.7959,0.7959,0.7789,-0.017
class,q4b,dogs,papillon,lcd,24,0.0,0.821,0.821,0.2232,-0.5978
class,q4b,dogs,pekinese,lcd,24,0.0,0.7941,0.7941,0.4628,-0.3313
class,q4b,dogs,pembroke,lcd,24,0.2083,0.222,0.326,0.1801,-0.1459
class,q4b,dogs,pomeranian,lcd,24,0.0,0.79,0.79,0.5607,-0.2293
class,q4b,dogs,pug,lcd,24,1.0,-0.347,0.347,0.0567,-0.2903
class,q4b,dogs,redbone,lcd,24,0.0,0.8284,0.8284,0.7651,-0.0632
class,q4b,dogs,rhodesian_ridgeback,lcd,24,0.0,0.7674,0.7674,0.7327,-0.0347
class,q4b,dogs,rottweiler,lcd,24,0.0,0.7948,0.7948,0.6999,-0.0949
class,q4b,dogs,saint_bernard,lcd,24,0.0,0.7446,0.7446,0.5122,-0.2324
class,q4b,dogs,saluki,lcd,24,0.0,0.6488,0.6488,0.67,0.0212
class,q4b,dogs,samoyed,lcd,24,0.0,0.6071,0.6071,0.3218,-0.2853
class,q4b,dogs,schipperke,lcd,24,0.0,0.8374,0.8374,0.7303,-0.107
class,q4b,dogs,scotch_terrier,lcd,24,0.0,0.8135,0.8135,0.568,-0.2455
class,q4b,dogs,scottish_deerhound,lcd,24,0.0,0.6267,0.6267,0.5686,-0.0581
class,q4b,dogs,sealyham_terrier,lcd,24,0.0,0.6818,0.6818,0.4607,-0.2212
class,q4b,dogs,shetland_sheepdog,lcd,24,0.0,0.7535,0.7535,0.439,-0.3145
class,q4b,dogs,shih,lcd,24,0.0,0.7917,0.7917,0.2277,-0.564
class,q4b,dogs,siberian_husky,lcd,24,0.0,0.5859,0.5859,0.3313,-0.2546
class,q4b,dogs,silky_terrier,lcd,24,0.0,0.7488,0.7488,0.5934,-0.1554
class,q4b,dogs,soft,lcd,24,0.0,0.866,0.866,0.7305,-0.1355
class,q4b,dogs,staffordshire_bullterrier,lcd,24,0.0,0.7722,0.7722,0.7736,0.0015
class,q4b,dogs,standard_poodle,lcd,24,1.0,-0.3603,0.3603,0.2915,-0.0688
class,q4b,dogs,standard_schnauzer,lcd,24,0.0,0.7993,0.7993,0.5726,-0.2267
class,q4b,dogs,sussex_spaniel,lcd,24,0.0,0.6454,0.6454,0.2574,-0.3881
class,q4b,dogs,tibetan_mastiff,lcd,24,0.0,0.6802,0.6802,0.5467,-0.1335
class,q4b,dogs,tibetan_terrier,lcd,24,0.0,0.8521,0.8521,0.7763,-0.0758
class,q4b,dogs,toy_poodle,lcd,24,0.9583,-0.2823,0.2823,0.2326,-0.0497
class,q4b,dogs,toy_terrier,lcd,24,0.9583,-0.0833,0.1372,0.1808,0.0436
class,q4b,dogs,vizsla,lcd,24,0.0,0.8252,0.8252,0.7923,-0.0328
class,q4b,dogs,walker_hound,lcd,24,1.0,-0.2266,0.2266,0.211,-0.0156
class,q4b,dogs,weimaraner,lcd,24,0.0,0.7566,0.7566,0.3424,-0.4142
class,q4b,dogs,welsh_springer_spaniel,lcd,24,0.0,0.757,0.757,0.5775,-0.1795
class,q4b,dogs,west_highland_white_terrier,lcd,24,0.0,0.7486,0.7486,0.588,-0.1606
class,q4b,dogs,whippet,lcd,24,0.0417,0.6407,0.6612,0.2063,-0.4549
class,q4b,dogs,wire,lcd,24,0.0,0.7702,0.7702,0.4958,-0.2744
class,q4b,dogs,yorkshire_terrier,lcd,24,0.0,0.6983,0.6983,0.5397,-0.1586
stratum,q4b,dogs,low_acc,vcd,720,0.0042,0.747,0.747,0.8036,0.0566
stratum,q4b,dogs,low_acc,mib,720,0.0042,0.747,0.747,0.3193,-0.4277
stratum,q4b,dogs,low_acc,lcd,720,0.0042,0.747,0.747,0.5494,-0.1976
stratum,q4b,dogs,middle,vcd,1440,0.0007,0.7677,0.7677,0.8344,0.0667
stratum,q4b,dogs,middle,mib,1440,0.0007,0.7677,0.7677,0.3583,-0.4094
stratum,q4b,dogs,middle,lcd,1440,0.0007,0.7677,0.7677,0.5922,-0.1755
stratum,q4b,dogs,high_acc,vcd,720,0.5528,0.0866,0.1513,0.3302,0.179
stratum,q4b,dogs,high_acc,mib,720,0.5528,0.0866,0.1513,0.2002,0.0489
stratum,q4b,dogs,high_acc,lcd,720,0.5528,0.0866,0.1513,0.2147,0.0634
bin,q4b,dogs,bin1,vcd,360,0.0,0.7355,0.7355,0.7718,0.0363
bin,q4b,dogs,bin1,mib,360,0.0,0.7355,0.7355,0.2951,-0.4404
bin,q4b,dogs,bin1,lcd,360,0.0,0.7355,0.7355,0.4858,-0.2497
bin,q4b,dogs,bin2,vcd,360,0.0,0.7458,0.7458,0.8074,0.0616
bin,q4b,dogs,bin2,mib,360,0.0,0.7458,0.7458,0.3575,-0.3883
bin,q4b,dogs,bin2,lcd,360,0.0,0.7458,0.7458,0.5428,-0.203
bin,q4b,dogs,bin3,vcd,360,0.0,0.7779,0.7779,0.8143,0.0364
bin,q4b,dogs,bin3,mib,360,0.0,0.7779,0.7779,0.388,-0.39
bin,q4b,dogs,bin3,lcd,360,0.0,0.7779,0.7779,0.6595,-0.1184
bin,q4b,dogs,bin4,vcd,360,0.0,0.7628,0.7628,0.8876,0.1249
bin,q4b,dogs,bin4,mib,360,0.0,0.7628,0.7628,0.409,-0.3537
bin,q4b,dogs,bin4,lcd,360,0.0,0.7628,0.7628,0.6489,-0.1139
bin,q4b,dogs,bin5,vcd,360,0.0,0.7723,0.7723,0.8269,0.0546
bin,q4b,dogs,bin5,mib,360,0.0,0.7723,0.7723,0.3389,-0.4334
bin,q4b,dogs,bin5,lcd,360,0.0,0.7723,0.7723,0.5403,-0.2319
bin,q4b,dogs,bin6,vcd,360,0.0,0.752,0.752,0.7664,0.0145
bin,q4b,dogs,bin6,mib,360,0.0,0.752,0.752,0.3363,-0.4157
bin,q4b,dogs,bin6,lcd,360,0.0,0.752,0.752,0.5511,-0.2009
bin,q4b,dogs,bin7,vcd,360,0.1694,0.4622,0.4793,0.6507,0.1714
bin,q4b,dogs,bin7,mib,360,0.1694,0.4622,0.4793,0.2411,-0.2382
bin,q4b,dogs,bin7,lcd,360,0.1694,0.4622,0.4793,0.3506,-0.1287
bin,q4b,dogs,bin8,vcd,360,0.9472,-0.2704,0.2704,0.1918,-0.0786
bin,q4b,dogs,bin8,mib,360,0.9472,-0.2704,0.2704,0.1822,-0.0882
bin,q4b,dogs,bin8,lcd,360,0.9472,-0.2704,0.2704,0.1395,-0.1309
mixture,q4b,dogs,alpha=0.0,vcd,600,0.0043,0.7467,,,0.0567
mixture,q4b,dogs,alpha=0.0,mib,600,0.0043,0.7467,,,-0.4253
mixture,q4b,dogs,alpha=0.0,lcd,600,0.0043,0.7467,,,-0.1972
mixture,q4b,dogs,alpha=0.1,vcd,600,0.0593,0.6801,,,0.0702
mixture,q4b,dogs,alpha=0.1,mib,600,0.0593,0.6801,,,-0.3845
mixture,q4b,dogs,alpha=0.1,lcd,600,0.0593,0.6801,,,-0.1718
mixture,q4b,dogs,alpha=0.2,vcd,600,0.1136,0.6154,,,0.0864
mixture,q4b,dogs,alpha=0.2,mib,600,0.1136,0.6154,,,-0.3391
mixture,q4b,dogs,alpha=0.2,lcd,600,0.1136,0.6154,,,-0.1415
mixture,q4b,dogs,alpha=0.3,vcd,600,0.1689,0.5487,,,0.0985
mixture,q4b,dogs,alpha=0.3,mib,600,0.1689,0.5487,,,-0.2962
mixture,q4b,dogs,alpha=0.3,lcd,600,0.1689,0.5487,,,-0.1139
mixture,q4b,dogs,alpha=0.4,vcd,600,0.2235,0.482,,,0.1123
mixture,q4b,dogs,alpha=0.4,mib,600,0.2235,0.482,,,-0.2471
mixture,q4b,dogs,alpha=0.4,lcd,600,0.2235,0.482,,,-0.0866
mixture,q4b,dogs,alpha=0.5,vcd,600,0.2789,0.4163,,,0.1245
mixture,q4b,dogs,alpha=0.5,mib,600,0.2789,0.4163,,,-0.2025
mixture,q4b,dogs,alpha=0.5,lcd,600,0.2789,0.4163,,,-0.0612
mixture,q4b,dogs,alpha=0.6,vcd,600,0.3334,0.3502,,,0.1341
mixture,q4b,dogs,alpha=0.6,mib,600,0.3334,0.3502,,,-0.155
mixture,q4b,dogs,alpha=0.6,lcd,600,0.3334,0.3502,,,-0.035
mixture,q4b,dogs,alpha=0.7,vcd,600,0.3897,0.2849,,,0.1438
mixture,q4b,dogs,alpha=0.7,mib,600,0.3897,0.2849,,,-0.1047
mixture,q4b,dogs,alpha=0.7,lcd,600,0.3897,0.2849,,,-0.0098
mixture,q4b,dogs,alpha=0.8,vcd,600,0.4422,0.2197,,,0.1576
mixture,q4b,dogs,alpha=0.8,mib,600,0.4422,0.2197,,,-0.0557
mixture,q4b,dogs,alpha=0.8,lcd,600,0.4422,0.2197,,,0.0172
mixture,q4b,dogs,alpha=0.9,vcd,600,0.4991,0.1515,,,0.1648
mixture,q4b,dogs,alpha=0.9,mib,600,0.4991,0.1515,,,-0.0056
mixture,q4b,dogs,alpha=0.9,lcd,600,0.4991,0.1515,,,0.0394
mixture,q4b,dogs,alpha=1.0,vcd,600,0.5538,0.0855,,,0.1779
mixture,q4b,dogs,alpha=1.0,mib,600,0.5538,0.0855,,,0.0477
mixture,q4b,dogs,alpha=1.0,lcd,600,0.5538,0.0855,,,0.0634
class,q9b,dogs,affenpinscher,vcd,24,0.0,0.6593,0.6593,0.7649,0.1056
class,q9b,dogs,afghan_hound,vcd,24,0.9583,-0.3423,0.3423,0.1963,-0.146
class,q9b,dogs,african_hunting_dog,vcd,24,1.0,-0.6069,0.6069,0.3494,-0.2575
class,q9b,dogs,airedale,vcd,24,0.0,0.6731,0.6731,0.7579,0.0848
class,q9b,dogs,american_staffordshire_terrier,vcd,24,0.0,0.6921,0.6921,0.8294,0.1373
class,q9b,dogs,appenzeller,vcd,24,0.0,0.6972,0.6972,0.7671,0.0699
class,q9b,dogs,australian_terrier,vcd,24,0.0,0.6942,0.6942,0.7391,0.0449
class,q9b,dogs,basenji,vcd,24,1.0,-0.2865,0.2865,0.17,-0.1165
class,q9b,dogs,basset,vcd,24,0.0,0.6044,0.6044,0.7221,0.1177
class,q9b,dogs,beagle,vcd,24,0.0,0.6077,0.6077,0.8243,0.2166
class,q9b,dogs,bedlington_terrier,vcd,24,0.0,0.6069,0.6069,0.7528,0.1459
class,q9b,dogs,bernese_mountain_dog,vcd,24,0.7083,-0.0993,0.1412,0.2332,0.0919
class,q9b,dogs,black,vcd,24,0.0,0.6589,0.6589,0.7346,0.0757
class,q9b,dogs,blenheim_spaniel,vcd,24,0.0,0.6208,0.6208,0.7229,0.1021
class,q9b,dogs,bloodhound,vcd,24,0.0,0.5947,0.5947,0.7905,0.1959
class,q9b,dogs,bluetick,vcd,24,0.0,0.6742,0.6742,0.8132,0.139
class,q9b,dogs,border_collie,vcd,24,0.0,0.593,0.593,0.6004,0.0074
class,q9b,dogs,border_terrier,vcd,24,0.0,0.7258,0.7258,0.8043,0.0784
class,q9b,dogs,borzoi,vcd,24,0.0,0.6333,0.6333,0.7209,0.0876
class,q9b,dogs,boston_bull,vcd,24,0.0417,0.5475,0.6089,0.628,0.0191
class,q9b,dogs,bouvier_des_flandres,vcd,24,0.0,0.6688,0.6688,0.7681,0.0993
class,q9b,dogs,boxer,vcd,24,0.0,0.5631,0.5631,0.7707,0.2076
class,q9b,dogs,brabancon_griffon,vcd,24,0.7917,-0.1867,0.2598,0.287,0.0272
class,q9b,dogs,briard,vcd,24,0.0,0.7076,0.7076,0.8642,0.1566
class,q9b,dogs,brittany_spaniel,vcd,24,0.0,0.6417,0.6417,0.7316,0.0899
class,q9b,dogs,bull_mastiff,vcd,24,0.0,0.6542,0.6542,0.7551,0.1009
class,q9b,dogs,cairn,vcd,24,0.0,0.7347,0.7347,0.8691,0.1344
class,q9b,dogs,cardigan,vcd,24,0.0417,0.4992,0.4992,0.6994,0.2002
class,q9b,dogs,chesapeake_bay_retriever,vcd,24,0.0,0.6739,0.6739,0.823,0.1491
class,q9b,dogs,chihuahua,vcd,24,0.0,0.648,0.648,0.8752,0.2272
class,q9b,dogs,chow,vcd,24,0.0,0.6161,0.6161,0.6928,0.0766
class,q9b,dogs,clumber,vcd,24,0.0,0.6373,0.6373,0.7601,0.1228
class,q9b,dogs,cocker_spaniel,vcd,24,0.0,0.6469,0.6469,0.7571,0.1103
class,q9b,dogs,collie,vcd,24,0.0,0.6207,0.6207,0.7579,0.1372
class,q9b,dogs,curly,vcd,24,0.0,0.6618,0.6618,0.7539,0.0921
class,q9b,dogs,dandie_dinmont,vcd,24,0.0,0.6786,0.6786,0.7875,0.1089
class,q9b,dogs,dhole,vcd,24,0.6667,-0.2234,0.3734,0.6268,0.2534
class,q9b,dogs,dingo,vcd,24,0.0,0.6498,0.6498,0.804,0.1542
class,q9b,dogs,doberman,vcd,24,0.125,0.4574,0.582,0.6919,0.1099
class,q9b,dogs,english_foxhound,vcd,24,0.0,0.5788,0.5788,0.7366,0.1578
class,q9b,dogs,english_setter,vcd,24,0.0,0.7319,0.7319,0.8149,0.0831
class,q9b,dogs,english_springer,vcd,24,0.0,0.734,0.734,0.8679,0.1339
class,q9b,dogs,entlebucher,vcd,24,0.0,0.628,0.628,0.6853,0.0573
class,q9b,dogs,eskimo_dog,vcd,24,0.9167,-0.3522,0.3522,0.4619,0.1097
class,q9b,dogs,flat,vcd,24,0.0,0.6433,0.6433,0.8226,0.1793
class,q9b,dogs,french_bulldog,vcd,24,0.0,0.605,0.605,0.762,0.1569
class,q9b,dogs,german_shepherd,vcd,24,0.0,0.5931,0.5931,0.6073,0.0142
class,q9b,dogs,german_short,vcd,24,0.0,0.6639,0.6639,0.7288,0.0649
class,q9b,dogs,giant_schnauzer,vcd,24,0.0,0.6794,0.6794,0.8088,0.1294
class,q9b,dogs,golden_retriever,vcd,24,0.0,0.6643,0.6643,0.787,0.1227
class,q9b,dogs,gordon_setter,vcd,24,0.0,0.6293,0.6293,0.7214,0.0921
class,q9b,dogs,great_dane,vcd,24,0.0,0.6676,0.6676,0.6981,0.0305
class,q9b,dogs,great_pyrenees,vcd,24,0.0,0.6767,0.6767,0.8856,0.2089
class,q9b,dogs,greater_swiss_mountain_dog,vcd,24,0.8333,-0.2346,0.3138,0.1818,-0.132
class,q9b,dogs,groenendael,vcd,24,0.0,0.6122,0.6122,0.6207,0.0085
class,q9b,dogs,ibizan_hound,vcd,24,0.9583,-0.3791,0.3791,0.2827,-0.0963
class,q9b,dogs,irish_setter,vcd,24,0.0,0.6882,0.6882,0.7672,0.079
class,q9b,dogs,irish_terrier,vcd,24,0.0,0.6393,0.6393,0.7319,0.0926
class,q9b,dogs,irish_water_spaniel,vcd,24,0.0,0.5324,0.5324,0.6566,0.1242
class,q9b,dogs,irish_wolfhound,vcd,24,0.0,0.603,0.603,0.7444,0.1414
class,q9b,dogs,italian_greyhound,vcd,24,0.0,0.6397,0.6397,0.8017,0.162
class,q9b,dogs,japanese_spaniel,vcd,24,0.0,0.6478,0.6478,0.7296,0.0817
class,q9b,dogs,keeshond,vcd,24,0.0,0.6462,0.6462,0.7843,0.1381
class,q9b,dogs,kelpie,vcd,24,0.0,0.6821,0.6821,0.7287,0.0466
class,q9b,dogs,kerry_blue_terrier,vcd,24,0.0,0.584,0.584,0.6801,0.0961
class,q9b,dogs,komondor,vcd,24,0.0,0.5817,0.5817,0.8342,0.2525
class,q9b,dogs,kuvasz,vcd,24,0.0,0.7527,0.7527,0.8669,0.1142
class,q9b,dogs,labrador_retriever,vcd,24,0.0,0.6683,0.6683,0.8227,0.1544
class,q9b,dogs,lakeland_terrier,vcd,24,0.0,0.7121,0.7121,0.8925,0.1804
class,q9b,dogs,leonberg,vcd,24,0.9167,-0.2703,0.2953,0.2141,-0.0811
class,q9b,dogs,lhasa,vcd,24,0.0,0.7503,0.7503,0.8813,0.1309
class,q9b,dogs,malamute,vcd,24,0.0,0.6581,0.6581,0.8204,0.1623
class,q9b,dogs,malinois,vcd,24,0.0,0.7136,0.7136,0.816,0.1024
class,q9b,dogs,maltese_dog,vcd,24,0.9583,-0.2498,0.2843,0.148,-0.1363
class,q9b,dogs,mexican_hairless,vcd,24,0.0,0.4888,0.4888,0.679,0.1903
class,q9b,dogs,miniature_pinscher,vcd,24,0.0,0.6741,0.6741,0.7991,0.125
class,q9b,dogs,miniature_poodle,vcd,24,0.8333,-0.2994,0.344,0.3821,0.0381
class,q9b,dogs,miniature_schnauzer,vcd,24,0.0,0.7429,0.7429,0.9168,0.174
class,q9b,dogs,newfoundland,vcd,24,0.625,-0.0374,0.1225,0.245,0.1225
class,q9b,dogs,norfolk_terrier,vcd,24,0.0,0.6815,0.6815,0.8061,0.1247
class,q9b,dogs,norwegian_elkhound,vcd,24,0.0,0.6325,0.6325,0.694,0.0615
class,q9b,dogs,norwich_terrier,vcd,24,0.0,0.6347,0.6347,0.819,0.1842
class,q9b,dogs,old_english_sheepdog,vcd,24,0.0,0.6695,0.6695,0.8335,0.1641
class,q9b,dogs,otterhound,vcd,24,0.0,0.6398,0.6398,0.7196,0.0798
class,q9b,dogs,papillon,vcd,24,0.0,0.6322,0.6322,0.73,0.0978
class,q9b,dogs,pekinese,vcd,24,0.0,0.6225,0.6225,0.8813,0.2588
class,q9b,dogs,pembroke,vcd,24,0.0417,0.4106,0.4106,0.782,0.3714
class,q9b,dogs,pomeranian,vcd,24,0.0,0.5854,0.5854,0.8142,0.2289
class,q9b,dogs,pug,vcd,24,1.0,-0.4333,0.4333,0.2201,-0.2132
class,q9b,dogs,redbone,vcd,24,0.0,0.7212,0.7212,0.8212,0.0999
class,q9b,dogs,rhodesian_ridgeback,vcd,24,0.0,0.6751,0.6751,0.8908,0.2157
class,q9b,dogs,rottweiler,vcd,24,0.0,0.7072,0.7072,0.8699,0.1627
class,q9b,dogs,saint_bernard,vcd,24,0.0,0.6283,0.6283,0.6839,0.0556
class,q9b,dogs,saluki,vcd,24,0.0,0.6896,0.6896,0.8122,0.1226
class,q9b,dogs,samoyed,vcd,24,0.0,0.5885,0.5885,0.7609,0.1724
class,q9b,dogs,schipperke,vcd,24,0.0,0.6651,0.6651,0.7742,0.1091
class,q9b,dogs,scotch_terrier,vcd,24,0.0,0.6621,0.6621,0.8114,0.1493
class,q9b,dogs,scottish_deerhound,vcd,24,0.0,0.5928,0.5928,0.645,0.0522
class,q9b,dogs,sealyham_terrier,vcd,24,0.0,0.6669,0.6669,0.7265,0.0596
class,q9b,dogs,shetland_sheepdog,vcd,24,0.0,0.6607,0.6607,0.8375,0.1768
class,q9b,dogs,shih,vcd,24,0.0,0.7101,0.7101,0.8581,0.148
class,q9b,dogs,siberian_husky,vcd,24,0.0,0.6524,0.6524,0.5463,-0.1061
class,q9b,dogs,silky_terrier,vcd,24,0.0,0.701,0.701,0.7604,0.0594
class,q9b,dogs,soft,vcd,24,0.0,0.711,0.711,0.8818,0.1708
class,q9b,dogs,staffordshire_bullterrier,vcd,24,0.0,0.7132,0.7132,0.8336,0.1205
class,q9b,dogs,standard_poodle,vcd,24,1.0,-0.5496,0.5496,0.3694,-0.1802
class,q9b,dogs,standard_schnauzer,vcd,24,0.0,0.7064,0.7064,0.8049,0.0984
class,q9b,dogs,sussex_spaniel,vcd,24,0.0,0.6716,0.6716,0.7931,0.1216
class,q9b,dogs,tibetan_mastiff,vcd,24,0.0,0.6995,0.6995,0.8581,0.1586
class,q9b,dogs,tibetan_terrier,vcd,24,0.0,0.7798,0.7798,0.8937,0.1139
class,q9b,dogs,toy_poodle,vcd,24,0.8333,-0.3317,0.3527,0.2501,-0.1026
class,q9b,dogs,toy_terrier,vcd,24,0.9583,-0.24,0.2542,0.1524,-0.1018
class,q9b,dogs,vizsla,vcd,24,0.0,0.7391,0.7391,0.8287,0.0896
class,q9b,dogs,walker_hound,vcd,24,0.9583,-0.2918,0.3298,0.2872,-0.0426
class,q9b,dogs,weimaraner,vcd,24,0.0,0.6614,0.6614,0.8676,0.2062
class,q9b,dogs,welsh_springer_spaniel,vcd,24,0.0,0.7047,0.7047,0.7437,0.039
class,q9b,dogs,west_highland_white_terrier,vcd,24,0.0,0.7464,0.7464,0.9302,0.1838
class,q9b,dogs,whippet,vcd,24,0.0,0.6571,0.6571,0.8458,0.1887
class,q9b,dogs,wire,vcd,24,0.0,0.6569,0.6569,0.7763,0.1195
class,q9b,dogs,yorkshire_terrier,vcd,24,0.0,0.6182,0.6182,0.639,0.0208
class,q9b,dogs,affenpinscher,mib,24,0.0,0.6593,0.6593,0.5697,-0.0896
class,q9b,dogs,afghan_hound,mib,24,0.9583,-0.3423,0.3423,0.1979,-0.1444
class,q9b,dogs,african_hunting_dog,mib,24,1.0,-0.6069,0.6069,0.3706,-0.2363
class,q9b,dogs,airedale,mib,24,0.0,0.6731,0.6731,0.3179,-0.3552
class,q9b,dogs,american_staffordshire_terrier,mib,24,0.0,0.6921,0.6921,0.6738,-0.0183
class,q9b,dogs,appenzeller,mib,24,0.0,0.6972,0.6972,0.7329,0.0357
class,q9b,dogs,australian_terrier,mib,24,0.0,0.6942,0.6942,0.1741,-0.5201
class,q9b,dogs,basenji,mib,24,1.0,-0.2865,0.2865,0.3334,0.0468
class,q9b,dogs,basset,mib,24,0.0,0.6044,0.6044,0.3771,-0.2273
class,q9b,dogs,beagle,mib,24,0.0,0.6077,0.6077,0.3745,-0.2331
class,q9b,dogs,bedlington_terrier,mib,24,0.0,0.6069,0.6069,0.1727,-0.4342
class,q9b,dogs,bernese_mountain_dog,mib,24,0.7083,-0.0993,0.1412,0.5179,0.3767
class,q9b,dogs,black,mib,24,0.0,0.6589,0.6589,0.5742,-0.0847
class,q9b,dogs,blenheim_spaniel,mib,24,0.0,0.6208,0.6208,0.5036,-0.1173
class,q9b,dogs,bloodhound,mib,24,0.0,0.5947,0.5947,0.2609,-0.3338
class,q9b,dogs,bluetick,mib,24,0.0,0.6742,0.6742,0.5843,-0.09
class,q9b,dogs,border_collie,mib,24,0.0,0.593,0.593,0.4953,-0.0977
class,q9b,dogs,border_terrier,mib,24,0.0,0.7258,0.7258,0.2365,-0.4893
class,q9b,dogs,borzoi,mib,24,0.0,0.6333,0.6333,0.1233,-0.51
class,q9b,dogs,boston_bull,mib,24,0.0417,0.5475,0.6089,0.3037,-0.3051
class,q9b,dogs,bouvier_des_flandres,mib,24,0.0,0.6688,0.6688,0.5229,-0.146
class,q9b,dogs,boxer,mib,24,0.0,0.5631,0.5631,0.2683,-0.2948
class,q9b,dogs,brabancon_griffon,mib,24,0.7917,-0.1867,0.2598,0.4497,0.1899
class,q9b,dogs,briard,mib,24,0.0,0.7076,0.7076,0.6363,-0.0713
class,q9b,dogs,brittany_spaniel,mib,24,0.0,0.6417,0.6417,0.5257,-0.116
class,q9b,dogs,bull_mastiff,mib,24,0.0,0.6542,0.6542,0.6042,-0.05
class,q9b,dogs,cairn,mib,24,0.0,0.7347,0.7347,0.4389,-0.2957
class,q9b,dogs,cardigan,mib,24,0.0417,0.4992,0.4992,0.3907,-0.1085
class,q9b,dogs,chesapeake_bay_retriever,mib,24,0.0,0.6739,0.6739,0.6572,-0.0167
class,q9b,dogs,chihuahua,mib,24,0.0,0.648,0.648,0.4632,-0.1848
class,q9b,dogs,chow,mib,24,0.0,0.6161,0.6161,0.178,-0.4381
class,q9b,dogs,clumber,mib,24,0.0,0.6373,0.6373,0.5246,-0.1127
class,q9b,dogs,cocker_spaniel,mib,24,0.0,0.6469,0.6469,0.4783,-0.1686
class,q9b,dogs,collie,mib,24,0.0,0.6207,0.6207,0.3574,-0.2632
class,q9b,dogs,curly,mib,24,0.0,0.6618,0.6618,0.5452,-0.1166
class,q9b,dogs,dandie_dinmont,mib,24,0.0,0.6786,0.6786,0.6633,-0.0153
class,q9b,dogs,dhole,mib,24,0.6667,-0.2234,0.3734,0.2165,-0.1569
class,q9b,dogs,dingo,mib,24,0.0,0.6498,0.6498,0.6098,-0.04
class,q9b,dogs,doberman,mib,24,0.125,0.4574,0.582,0.3064,-0.2756
class,q9b,dogs,english_foxhound,mib,24,0.0,0.5788,0.5788,0.4429,-0.1359
class,q9b,dogs,english_setter,mib,24,0.0,0.7319,0.7319,0.4439,-0.288
class,q9b,dogs,english_springer,mib,24,0.0,0.734,0.734,0.6184,-0.1156
class,q9b,dogs,entlebucher,mib,24,0.0,0.628,0.628,0.6101,-0.0179
class,q9b,dogs,eskimo_dog,mib,24,0.9167,-0.3522,0.3522,0.2688,-0.0834
class,q9b,dogs,flat,mib,24,0.0,0.6433,0.6433,0.6321,-0.0112
class,q9b,dogs,french_bulldog,mib,24,0.0,0.605,0.605,0.3022,-0.3029
class,q9b,dogs,german_shepherd,mib,24,0.0,0.5931,0.5931,0.4335,-0.1596
class,q9b,dogs,german_short,mib,24,0.0,0.6639,0.6639,0.5088,-0.1551
class,q9b,dogs,giant_schnauzer,mib,24,0.0,0.6794,0.6794,0.3785,-0.3009
class,q9b,dogs,golden_retriever,mib,24,0.0,0.6643,0.6643,0.3808,-0.2835
class,q9b,dogs,gordon_setter,mib,24,0.0,0.6293,0.6293,0.5432,-0.0861
class,q9b,dogs,great_dane,mib,24,0.0,0.6676,0.6676,0.1961,-0.4715
class,q9b,dogs,great_pyrenees,mib,24,0.0,0.6767,0.6767,0.5895,-0.0873
class,q9b,dogs,greater_swiss_mountain_dog,mib,24,0.8333,-0.2346,0.3138,0.3553,0.0416
class,q9b,dogs,groenendael,mib,24,0.0,0.6122,0.6122,0.5901,-0.0221
class,q9b,dogs,ibizan_hound,mib,24,0.9583,-0.3791,0.3791,0.3194,-0.0597
class,q9b,dogs,irish_setter,mib,24,0.0,0.6882,0.6882,0.3434,-0.3448
class,q9b,dogs,irish_terrier,mib,24,0.0,0.6393,0.6393,0.4103,-0.2291
class,q9b,dogs,irish_water_spaniel,mib,24,0.0,0.5324,0.5324,0.5146,-0.0179
class,q9b,dogs,irish_wolfhound,mib,24,0.0,0.603,0.603,0.3211,-0.2819
class,q9b,dogs,italian_greyhound,mib,24,0.0,0.6397,0.6397,0.49,-0.1496
class,q9b,dogs,japanese_spaniel,mib,24,0.0,0.6478,0.6478,0.244,-0.4038
class,q9b,dogs,keeshond,mib,24,0.0,0.6462,0.6462,0.5486,-0.0976
class,q9b,dogs,kelpie,mib,24,0.0,0.6821,0.6821,0.6425,-0.0396
class,q9b,dogs,kerry_blue_terrier,mib,24,0.0,0.584,0.584,0.4721,-0.1119
class,q9b,dogs,komondor,mib,24,0.0,0.5817,0.5817,0.3607,-0.221
class,q9b,dogs,kuvasz,mib,24,0.0,0.7527,0.7527,0.6748,-0.0779
class,q9b,dogs,labrador_retriever,mib,24,0.0,0.6683,0.6683,0.593,-0.0753
class,q9b,dogs,lakeland_terrier,mib,24,0.0,0.7121,0.7121,0.4338,-0.2782
class,q9b,dogs,leonberg,mib,24,0.9167,-0.2703,0.2953,0.1174,-0.1779
class,q9b,dogs,lhasa,mib,24,0.0,0.7503,0.7503,0.6621,-0.0882
class,q9b,dogs,malamute,mib,24,0.0,0.6581,0.6581,0.3966,-0.2615
class,q9b,dogs,malinois,mib,24,0.0,0.7136,0.7136,0.6495,-0.0641
class,q9b,dogs,maltese_dog,mib,24,0.9583,-0.2498,0.2843,0.4048,0.1206
class,q9b,dogs,mexican_hairless,mib,24,0.0,0.4888,0.4888,0.6028,0.114
class,q9b,dogs,miniature_pinscher,mib,24,0.0,0.6741,0.6741,0.5161,-0.1581
class,q9b,dogs,miniature_poodle,mib,24,0.8333,-0.2994,0.344,0.4111,0.0672
class,q9b,dogs,miniature_schnauzer,mib,24,0.0,0.7429,0.7429,0.2125,-0.5304
class,q9b,dogs,newfoundland,mib,24,0.625,-0.0374,0.1225,0.3283,0.2058
class,q9b,dogs,norfolk_terrier,mib,24,0.0,0.6815,0.6815,0.4538,-0.2276
class,q9b,dogs,norwegian_elkhound,mib,24,0.0,0.6325,0.6325,0.5688,-0.0637
class,q9b,dogs,norwich_terrier,mib,24,0.0,0.6347,0.6347,0.2594,-0.3753
class,q9b,dogs,old_english_sheepdog,mib,24,0.0,0.6695,0.6695,0.1982,-0.4713
class,q9b,dogs,otterhound,mib,24,0.0,0.6398,0.6398,0.5343,-0.1054
class,q9b,dogs,papillon,mib,24,0.0,0.6322,0.6322,0.193,-0.4392
class,q9b,dogs,pekinese,mib,24,0.0,0.6225,0.6225,0.3326,-0.2899
class,q9b,dogs,pembroke,mib,24,0.0417,0.4106,0.4106,0.3557,-0.0549
class,q9b,dogs,pomeranian,mib,24,0.0,0.5854,0.5854,0.437,-0.1484
class,q9b,dogs,pug,mib,24,1.0,-0.4333,0.4333,0.3027,-0.1306
class,q9b,dogs,redbone,mib,24,0.0,0.7212,0.7212,0.4306,-0.2907
class,q9b,dogs,rhodesian_ridgeback,mib,24,0.0,0.6751,0.6751,0.5339,-0.1412
class,q9b,dogs,rottweiler,mib,24,0.0,0.7072,0.7072,0.5317,-0.1756
class,q9b,dogs,saint_bernard,mib,24,0.0,0.6283,0.6283,0.3421,-0.2862
class,q9b,dogs,saluki,mib,24,0.0,0.6896,0.6896,0.3164,-0.3732
class,q9b,dogs,samoyed,mib,24,0.0,0.5885,0.5885,0.1912,-0.3973
class,q9b,dogs,schipperke,mib,24,0.0,0.6651,0.6651,0.632,-0.0331
class,q9b,dogs,scotch_terrier,mib,24,0.0,0.6621,0.6621,0.4923,-0.1698
class,q9b,dogs,scottish_deerhound,mib,24,0.0,0.5928,0.5928,0.5395,-0.0533
class,q9b,dogs,sealyham_terrier,mib,24,0.0,0.6669,0.6669,0.2964,-0.3704
class,q9b,dogs,shetland_sheepdog,mib,24,0.0,0.6607,0.6607,0.5602,-0.1005
class,q9b,dogs,shih,mib,24,0.0,0.7101,0.7101,0.6467,-0.0634
class,q9b,dogs,siberian_husky,mib,24,0.0,0.6524,0.6524,0.3603,-0.2921
class,q9b,dogs,silky_terrier,mib,24,0.0,0.701,0.701,0.2897,-0.4113
class,q9b,dogs,soft,mib,24,0.0,0.711,0.711,0.6349,-0.0762
class,q9b,dogs,staffordshire_bullterrier,mib,24,0.0,0.7132,0.7132,0.6623,-0.0509
class,q9b,dogs,standard_poodle,mib,24,1.0,-0.5496,0.5496,0.3191,-0.2305
class,q9b,dogs,standard_schnauzer,mib,24,0.0,0.7064,0.7064,0.2694,-0.4371
class,q9b,dogs,sussex_spaniel,mib,24,0.0,0.6716,0.6716,0.4319,-0.2397
class,q9b,dogs,tibetan_mastiff,mib,24,0.0,0.6995,0.6995,0.5038,-0.1957
class,q9b,dogs,tibetan_terrier,mib,24,0.0,0.7798,0.7798,0.6356,-0.1441
class,q9b,dogs,toy_poodle,mib,24,0.8333,-0.3317,0.3527,0.3935,0.0408
class,q9b,dogs,toy_terrier,mib,24,0.9583,-0.24,0.2542,0.3671,0.1129
class,q9b,dogs,vizsla,mib,24,0.0,0.7391,0.7391,0.5771,-0.1619
class,q9b,dogs,walker_hound,mib,24,0.9583,-0.2918,0.3298,0.3457,0.0159
class,q9b,dogs,weimaraner,mib,24,0.0,0.6614,0.6614,0.1326,-0.5287
class,q9b,dogs,welsh_springer_spaniel,mib,24,0.0,0.7047,0.7047,0.5118,-0.193
class,q9b,dogs,west_highland_white_terrier,mib,24,0.0,0.7464,0.7464,0.6945,-0.0519
class,q9b,dogs,whippet,mib,24,0.0,0.6571,0.6571,0.182,-0.4751
class,q9b,dogs,wire,mib,24,0.0,0.6569,0.6569,0.4524,-0.2045
class,q9b,dogs,yorkshire_terrier,mib,24,0.0,0.6182,0.6182,0.2375,-0.3807
class,q9b,dogs,affenpinscher,lcd,24,0.0,0.6593,0.6593,0.828,0.1687
class,q9b,dogs,afghan_hound,lcd,24,0.9583,-0.3423,0.3423,0.2173,-0.1251
class,q9b,dogs,african_hunting_dog,lcd,24,1.0,-0.6069,0.6069,0.5807,-0.0261
class,q9b,dogs,airedale,lcd,24,0.0,0.6731,0.6731,0.8509,0.1778
class,q9b,dogs,american_staffordshire_terrier,lcd,24,0.0,0.6921,0.6921,0.7559,0.0639
class,q9b,dogs,appenzeller,lcd,24,0.0,0.6972,0.6972,0.6996,0.0024
class,q9b,dogs,australian_terrier,lcd,24,0.0,0.6942,0.6942,0.7888,0.0946
class,q9b,dogs,basenji,lcd,24,1.0,-0.2865,0.2865,0.1816,-0.105
class,q9b,dogs,basset,lcd,24,0.0,0.6044,0.6044,0.4296,-0.1748
class,q9b,dogs,beagle,lcd,24,0.0,0.6077,0.6077,0.4657,-0.142
class,q9b,dogs,bedlington_terrier,lcd,24,0.0,0.6069,0.6069,0.7763,0.1694
class,q9b,dogs,bernese_mountain_dog,lcd,24,0.7083,-0.0993,0.1412,0.3283,0.1871
class,q9b,dogs,black,lcd,24,0.0,0.6589,0.6589,0.7857,0.1268
class,q9b,dogs,blenheim_spaniel,lcd,24,0.0,0.6208,0.6208,0.7767,0.1559
class,q9b,dogs,bloodhound,lcd,24,0.0,0.5947,0.5947,0.6396,0.045
class,q9b,dogs,bluetick,lcd,24,0.0,0.6742,0.6742,0.764,0.0897
class,q9b,dogs,border_collie,lcd,24,0.0,0.593,0.593,0.6088,0.0158
class,q9b,dogs,border_terrier,lcd,24,0.0,0.7258,0.7258,0.8333,0.1075
class,q9b,dogs,borzoi,lcd,24,0.0,0.6333,0.6333,0.7685,0.1352
class,q9b,dogs,boston_bull,lcd,24,0.0417,0.5475,0.6089,0.584,-0.0249
class,q9b,dogs,bouvier_des_flandres,lcd,24,0.0,0.6688,0.6688,0.8292,0.1604
class,q9b,dogs,boxer,lcd,24,0.0,0.5631,0.5631,0.3301,-0.233
class,q9b,dogs,brabancon_griffon,lcd,24,0.7917,-0.1867,0.2598,0.2823,0.0225
class,q9b,dogs,briard,lcd,24,0.0,0.7076,0.7076,0.8477,0.1401
class,q9b,dogs,brittany_spaniel,lcd,24,0.0,0.6417,0.6417,0.6602,0.0185
class,q9b,dogs,bull_mastiff,lcd,24,0.0,0.6542,0.6542,0.727,0.0728
class,q9b,dogs,cairn,lcd,24,0.0,0.7347,0.7347,0.8222,0.0875
class,q9b,dogs,cardigan,lcd,24,0.0417,0.4992,0.4992,0.2289,-0.2703
class,q9b,dogs,chesapeake_bay_retriever,lcd,24,0.0,0.6739,0.6739,0.7637,0.0898
class,q9b,dogs,chihuahua,lcd,24,0.0,0.648,0.648,0.7204,0.0724
class,q9b,dogs,chow,lcd,24,0.0,0.6161,0.6161,0.6738,0.0577
class,q9b,dogs,clumber,lcd,24,0.0,0.6373,0.6373,0.713,0.0757
class,q9b,dogs,cocker_spaniel,lcd,24,0.0,0.6469,0.6469,0.8027,0.1558
class,q9b,dogs,collie,lcd,24,0.0,0.6207,0.6207,0.7786,0.158
class,q9b,dogs,curly,lcd,24,0.0,0.6618,0.6618,0.777,0.1152
class,q9b,dogs,dandie_dinmont,lcd,24,0.0,0.6786,0.6786,0.8154,0.1368
class,q9b,dogs,dhole,lcd,24,0.6667,-0.2234,0.3734,0.2273,-0.1461
class,q9b,dogs,dingo,lcd,24,0.0,0.6498,0.6498,0.591,-0.0588
class,q9b,dogs,doberman,lcd,24,0.125,0.4574,0.582,0.5743,-0.0077
class,q9b,dogs,english_foxhound,lcd,24,0.0,0.5788,0.5788,0.7327,0.154
class,q9b,dogs,english_setter,lcd,24,0.0,0.7319,0.7319,0.8302,0.0983
class,q9b,dogs,english_springer,lcd,24,0.0,0.734,0.734,0.7634,0.0294
class,q9b,dogs,entlebucher,lcd,24,0.0,0.628,0.628,0.776,0.148
class,q9b,dogs,eskimo_dog,lcd,24,0.9167,-0.3522,0.3522,0.4514,0.0993
class,q9b,dogs,flat,lcd,24,0.0,0.6433,0.6433,0.7796,0.1363
class,q9b,dogs,french_bulldog,lcd,24,0.0,0.605,0.605,0.4047,-0.2004
class,q9b,dogs,german_shepherd,lcd,24,0.0,0.5931,0.5931,0.7836,0.1905
class,q9b,dogs,german_short,lcd,24,0.0,0.6639,0.6639,0.6741,0.0102
class,q9b,dogs,giant_schnauzer,lcd,24,0.0,0.6794,0.6794,0.8823,0.2029
class,q9b,dogs,golden_retriever,lcd,24,0.0,0.6643,0.6643,0.8227,0.1584
class,q9b,dogs,gordon_setter,lcd,24,0.0,0.6293,0.6293,0.7945,0.1652
class,q9b,dogs,great_dane,lcd,24,0.0,0.6676,0.6676,0.8073,0.1398
class,q9b,dogs,great_pyrenees,lcd,24,0.0,0.6767,0.6767,0.775,0.0983
class,q9b,dogs,greater_swiss_mountain_dog,lcd,24,0.8333,-0.2346,0.3138,0.1476,-0.1662
class,q9b,dogs,groenendael,lcd,24,0.0,0.6122,0.6122,0.825,0.2128
class,q9b,dogs,ibizan_hound,lcd,24,0.9583,-0.3791,0.3791,0.3332,-0.0459
class,q9b,dogs,irish_setter,lcd,24,0.0,0.6882,0.6882,0.8152,0.1269
class,q9b,dogs,irish_terrier,lcd,24,0.0,0.6393,0.6393,0.764,0.1247
class,q9b,dogs,irish_water_spaniel,lcd,24,0.0,0.5324,0.5324,0.6481,0.1157
class,q9b,dogs,irish_wolfhound,lcd,24,0.0,0.603,0.603,0.7125,0.1095
class,q9b,dogs,italian_greyhound,lcd,24,0.0,0.6397,0.6397,0.6611,0.0214
class,q9b,dogs,japanese_spaniel,lcd,24,0.0,0.6478,0.6478,0.7356,0.0877
class,q9b,dogs,keeshond,lcd,24,0.0,0.6462,0.6462,0.699,0.0528
class,q9b,dogs,kelpie,lcd,24,0.0,0.6821,0.6821,0.7563,0.0742
class,q9b,dogs,kerry_blue_terrier,lcd,24,0.0,0.584,0.584,0.7771,0.1931
class,q9b,dogs,komondor,lcd,24,0.0,0.5817,0.5817,0.7203,0.1386
class,q9b,dogs,kuvasz,lcd,24,0.0,0.7527,0.7527,0.8299,0.0772
class,q9b,dogs,labrador_retriever,lcd,24,0.0,0.6683,0.6683,0.7157,0.0474
class,q9b,dogs,lakeland_terrier,lcd,24,0.0,0.7121,0.7121,0.7523,0.0402
class,q9b,dogs,leonberg,lcd,24,0.9167,-0.2703,0.2953,0.2354,-0.0599
class,q9b,dogs,lhasa,lcd,24,0.0,0.7503,0.7503,0.8079,0.0575
class,q9b,dogs,malamute,lcd,24,0.0,0.6581,0.6581,0.7033,0.0452
class,q9b,dogs,malinois,lcd,24,0.0,0.7136,0.7136,0.878,0.1644
class,q9b,dogs,maltese_dog,lcd,24,0.9583,-0.2498,0.2843,0.2778,-0.0064
class,q9b,dogs,mexican_hairless,lcd,24,0.0,0.4888,0.4888,0.6148,0.126
class,q9b,dogs,miniature_pinscher,lcd,24,0.0,0.6741,0.6741,0.7309,0.0568
class,q9b,dogs,miniature_poodle,lcd,24,0.8333,-0.2994,0.344,0.226,-0.1179
class,q9b,dogs,miniature_schnauzer,lcd,24,0.0,0.7429,0.7429,0.8773,0.1345
class,q9b,dogs,newfoundland,lcd,24,0.625,-0.0374,0.1225,0.3068,0.1844
class,q9b,dogs,norfolk_terrier,lcd,24,0.0,0.6815,0.6815,0.7759,0.0944
class,q9b,dogs,norwegian_elkhound,lcd,24,0.0,0.6325,0.6325,0.7372,0.1047
class,q9b,dogs,norwich_terrier,lcd,24,0.0,0.6347,0.6347,0.7295,0.0947
class,q9b,dogs,old_english_sheepdog,lcd,24,0.0,0.6695,0.6695,0.806,0.1366
class,q9b,dogs,otterhound,lcd,24,0.0,0.6398,0.6398,0.7717,0.1319
class,q9b,dogs,papillon,lcd,24,0.0,0.6322,0.6322,0.7488,0.1166
class,q9b,dogs,pekinese,lcd,24,0.0,0.6225,0.6225,0.7286,0.1061
class,q9b,dogs,pembroke,lcd,24,0.0417,0.4106,0.4106,0.0827,-0.3279
class,q9b,dogs,pomeranian,lcd,24,0.0,0.5854,0.5854,0.3595,-0.2259
class,q9b,dogs,pug,lcd,24,1.0,-0.4333,0.4333,0.1884,-0.2449
class,q9b,dogs,redbone,lcd,24,0.0,0.7212,0.7212,0.8016,0.0804
class,q9b,dogs,rhodesian_ridgeback,lcd,24,0.0,0.6751,0.6751,0.6262,-0.0489
class,q9b,dogs,rottweiler,lcd,24,0.0,0.7072,0.7072,0.6643,-0.0429
class,q9b,dogs,saint_bernard,lcd,24,0.0,0.6283,0.6283,0.5918,-0.0365
class,q9b,dogs,saluki,lcd,24,0.0,0.6896,0.6896,0.7706,0.0809
class,q9b,dogs,samoyed,lcd,24,0.0,0.5885,0.5885,0.7152,0.1267
class,q9b,dogs,schipperke,lcd,24,0.0,0.6651,0.6651,0.7916,0.1265
class,q9b,dogs,scotch_terrier,lcd,24,0.0,0.6621,0.6621,0.7804,0.1183
class,q9b,dogs,scottish_deerhound,lcd,24,0.0,0.5928,0.5928,0.7409,0.1481
class,q9b,dogs,sealyham_terrier,lcd,24,0.0,0.6669,0.6669,0.8672,0.2004
class,q9b,dogs,shetland_sheepdog,lcd,24,0.0,0.6607,0.6607,0.696,0.0353
class,q9b,dogs,shih,lcd,24,0.0,0.7101,0.7101,0.8059,0.0958
class,q9b,dogs,siberian_husky,lcd,24,0.0,0.6524,0.6524,0.5477,-0.1048
class,q9b,dogs,silky_terrier,lcd,24,0.0,0.701,0.701,0.7819,0.0809
class,q9b,dogs,soft,lcd,24,0.0,0.711,0.711,0.8427,0.1317
class,q9b,dogs,staffordshire_bullterrier,lcd,24,0.0,0.7132,0.7132,0.7789,0.0657
class,q9b,dogs,standard_poodle,lcd,24,1.0,-0.5496,0.5496,0.2975,-0.2521
class,q9b,dogs,standard_schnauzer,lcd,24,0.0,0.7064,0.7064,0.8458,0.1393
class,q9b,dogs,sussex_spaniel,lcd,24,0.0,0.6716,0.6716,0.7539,0.0823
class,q9b,dogs,tibetan_mastiff,lcd,24,0.0,0.6995,0.6995,0.7662,0.0667
class,q9b,dogs,tibetan_terrier,lcd,24,0.0,0.7798,0.7798,0.9303,0.1505
class,q9b,dogs,toy_poodle,lcd,24,0.8333,-0.3317,0.3527,0.2124,-0.1402
class,q9b,dogs,toy_terrier,lcd,24,0.9583,-0.24,0.2542,0.1632,-0.0909
class,q9b,dogs,vizsla,lcd,24,0.0,0.7391,0.7391,0.8048,0.0657
class,q9b,dogs,walker_hound,lcd,24,0.9583,-0.2918,0.3298,0.1856,-0.1442
class,q9b,dogs,weimaraner,lcd,24,0.0,0.6614,0.6614,0.5507,-0.1107
class,q9b,dogs,welsh_springer_spaniel,lcd,24,0.0,0.7047,0.7047,0.7536,0.0488
class,q9b,dogs,west_highland_white_terrier,lcd,24,0.0,0.7464,0.7464,0.8725,0.1261
class,q9b,dogs,whippet,lcd,24,0.0,0.6571,0.6571,0.7583,0.1012
class,q9b,dogs,wire,lcd,24,0.0,0.6569,0.6569,0.7919,0.135
class,q9b,dogs,yorkshire_terrier,lcd,24,0.0,0.6182,0.6182,0.7751,0.1569
stratum,q9b,dogs,low_acc,vcd,720,0.0014,0.6558,0.6558,0.7651,0.1092
stratum,q9b,dogs,low_acc,mib,720,0.0014,0.6558,0.6558,0.4452,-0.2107
stratum,q9b,dogs,low_acc,lcd,720,0.0014,0.6558,0.6558,0.7344,0.0785
stratum,q9b,dogs,middle,vcd,1440,0.0,0.6647,0.6647,0.7904,0.1257
stratum,q9b,dogs,middle,mib,1440,0.0,0.6647,0.6647,0.4112,-0.2535
stratum,q9b,dogs,middle,lcd,1440,0.0,0.6647,0.6647,0.7495,0.0848
stratum,q9b,dogs,high_acc,vcd,720,0.5375,0.0492,0.146,0.2496,0.1035
stratum,q9b,dogs,high_acc,mib,720,0.5375,0.0492,0.146,0.1445,-0.0015
stratum,q9b,dogs,high_acc,lcd,720,0.5375,0.0492,0.146,0.2484,0.1024
bin,q9b,dogs,bin1,vcd,360,0.0,0.649,0.649,0.7563,0.1073
bin,q9b,dogs,bin1,mib,360,0.0,0.649,0.649,0.348,-0.301
bin,q9b,dogs,bin1,lcd,360,0.0,0.649,0.649,0.7058,0.0567
bin,q9b,dogs,bin2,vcd,360,0.0,0.6535,0.6535,0.779,0.1255
bin,q9b,dogs,bin2,mib,360,0.0,0.6535,0.6535,0.4712,-0.1824
bin,q9b,dogs,bin2,lcd,360,0.0,0.6535,0.6535,0.7115,0.0579
bin,q9b,dogs,bin3,vcd,360,0.0,0.653,0.653,0.7536,0.1005
bin,q9b,dogs,bin3,mib,360,0.0,0.653,0.653,0.4131,-0.2399
bin,q9b,dogs,bin3,lcd,360,0.0,0.653,0.653,0.7558,0.1028
bin,q9b,dogs,bin4,vcd,360,0.0,0.6541,0.6541,0.7861,0.132
bin,q9b,dogs,bin4,mib,360,0.0,0.6541,0.6541,0.4575,-0.1966
bin,q9b,dogs,bin4,lcd,360,0.0,0.6541,0.6541,0.7441,0.09
bin,q9b,dogs,bin5,vcd,360,0.0,0.649,0.649,0.7945,0.1455
bin,q9b,dogs,bin5,mib,360,0.0,0.649,0.649,0.3841,-0.265
bin,q9b,dogs,bin5,lcd,360,0.0,0.649,0.649,0.6981,0.049
bin,q9b,dogs,bin6,vcd,360,0.0,0.6727,0.6727,0.7782,0.1055
bin,q9b,dogs,bin6,mib,360,0.0,0.6727,0.6727,0.4103,-0.2624
bin,q9b,dogs,bin6,lcd,360,0.0,0.6727,0.6727,0.7614,0.0887
bin,q9b,dogs,bin7,vcd,360,0.15,0.4745,0.5058,0.637,0.1311
bin,q9b,dogs,bin7,mib,360,0.15,0.4745,0.5058,0.2883,-0.2176
bin,q9b,dogs,bin7,lcd,360,0.15,0.4745,0.5058,0.5428,0.037
bin,q9b,dogs,bin8,vcd,360,0.9278,-0.3369,0.3379,0.195,-0.1429
bin,q9b,dogs,bin8,mib,360,0.9278,-0.3369,0.3379,0.2868,-0.0511
bin,q9b,dogs,bin8,lcd,360,0.9278,-0.3369,0.3379,0.1558,-0.1821
mixture,q9b,dogs,alpha=0.0,vcd,600,0.0013,0.6561,,,0.109
mixture,q9b,dogs,alpha=0.0,mib,600,0.0013,0.6561,,,-0.2115
mixture,q9b,dogs,alpha=0.0,lcd,600,0.0013,0.6561,,,0.0781
mixture,q9b,dogs,alpha=0.1,vcd,600,0.0552,0.5947,,,0.1108
mixture,q9b,dogs,alpha=0.1,mib,600,0.0552,0.5947,,,-0.1969
mixture,q9b,dogs,alpha=0.1,lcd,600,0.0552,0.5947,,,0.0848
mixture,q9b,dogs,alpha=0.2,vcd,600,0.1088,0.5341,,,0.1125
mixture,q9b,dogs,alpha=0.2,mib,600,0.1088,0.5341,,,-0.1812
mixture,q9b,dogs,alpha=0.2,lcd,600,0.1088,0.5341,,,0.0936
mixture,q9b,dogs,alpha=0.3,vcd,600,0.1628,0.4728,,,0.1139
mixture,q9b,dogs,alpha=0.3,mib,600,0.1628,0.4728,,,-0.1656
mixture,q9b,dogs,alpha=0.3,lcd,600,0.1628,0.4728,,,0.1003
mixture,q9b,dogs,alpha=0.4,vcd,600,0.2159,0.4131,,,0.1141
mixture,q9b,dogs,alpha=0.4,mib,600,0.2159,0.4131,,,-0.1528
mixture,q9b,dogs,alpha=0.4,lcd,600,0.2159,0.4131,,,0.1045
mixture,q9b,dogs,alpha=0.5,vcd,600,0.2685,0.3534,,,0.1138
mixture,q9b,dogs,alpha=0.5,mib,600,0.2685,0.3534,,,-0.138
mixture,q9b,dogs,alpha=0.5,lcd,600,0.2685,0.3534,,,0.1108
mixture,q9b,dogs,alpha=0.6,vcd,600,0.3236,0.291,,,0.1102
mixture,q9b,dogs,alpha=0.6,mib,600,0.3236,0.291,,,-0.1236
mixture,q9b,dogs,alpha=0.6,lcd,600,0.3236,0.291,,,0.111
mixture,q9b,dogs,alpha=0.7,vcd,600,0.3772,0.2306,,,0.1029
mixture,q9b,dogs,alpha=0.7,mib,600,0.3772,0.2306,,,-0.1015
mixture,q9b,dogs,alpha=0.7,lcd,600,0.3772,0.2306,,,0.111
mixture,q9b,dogs,alpha=0.8,vcd,600,0.4301,0.1707,,,0.0968
mixture,q9b,dogs,alpha=0.8,mib,600,0.4301,0.1707,,,-0.0724
mixture,q9b,dogs,alpha=0.8,lcd,600,0.4301,0.1707,,,0.108
mixture,q9b,dogs,alpha=0.9,vcd,600,0.4836,0.1101,,,0.0928
mixture,q9b,dogs,alpha=0.9,mib,600,0.4836,0.1101,,,-0.044
mixture,q9b,dogs,alpha=0.9,lcd,600,0.4836,0.1101,,,0.1027
mixture,q9b,dogs,alpha=1.0,vcd,600,0.5386,0.0481,,,0.1036
mixture,q9b,dogs,alpha=1.0,mib,600,0.5386,0.0481,,,-0.0006
mixture,q9b,dogs,alpha=1.0,lcd,600,0.5386,0.0481,,,0.1045
