model,source_id,feature,availability,source_path,source_key_or_line,available_rows,total_rows,stored_file_bytes,stored_file_bytes_source,measurement_scope,details
qwen35_4b,1,wall_s,present_in_formal_rows,data/responses/formal/qwen35_4b.jsonl.gz,$.wall_s; original source lines 1-39488,39488,39488,28178125,data/responses/formal/manifest.json#$.models[0].output_bytes,"Existing per-answer wall_s: perf_counter immediately before image loading through image conversion, prompt/session construction, generation and session cleanup; measured before Ledger.add serialization. Model loading and ledger writing are outside this interval. Prefill/decode are not separated.","{""bound_receipt_values"":[],""first_observed_source_line"":1,""null_rows"":0,""segment_first_line"":1,""segment_last_line"":39488,""size_scope"":""whole consolidated gzip; repeated per field/source, do not sum"",""source_path"":""outputs/raw/acceleration_v4/panel5_food_formal_4029_v1/qwen35_4b/shard_000_of_004/formal.jsonl""}"
qwen35_4b,1,tokens,present_in_formal_rows,data/responses/formal/qwen35_4b.jsonl.gz,$.tokens; original source lines 1-39488,39488,39488,28178125,data/responses/formal/manifest.json#$.models[0].output_bytes,"len(tokens) from the saved token-ID list, including any saved stop/EOS token; no retokenization. sum/mean use only rows with a saved list.","{""bound_receipt_values"":[],""first_observed_source_line"":1,""null_rows"":0,""segment_first_line"":1,""segment_last_line"":39488,""size_scope"":""whole consolidated gzip; repeated per field/source, do not sum"",""source_path"":""outputs/raw/acceleration_v4/panel5_food_formal_4029_v1/qwen35_4b/shard_000_of_004/formal.jsonl""}"
qwen35_4b,1,selected_log_probabilities,present_in_formal_rows,data/responses/formal/qwen35_4b.jsonl.gz,$.selected_log_probabilities; original source lines 1-39488,39488,39488,28178125,data/responses/formal/manifest.json#$.models[0].output_bytes,Stored field coverage; absent measurements remain empty,"{""bound_receipt_values"":[],""first_observed_source_line"":1,""null_rows"":0,""segment_first_line"":1,""segment_last_line"":39488,""size_scope"":""whole consolidated gzip; repeated per field/source, do not sum"",""source_path"":""outputs/raw/acceleration_v4/panel5_food_formal_4029_v1/qwen35_4b/shard_000_of_004/formal.jsonl""}"
qwen35_4b,1,sequence_log_probability,present_in_formal_rows,data/responses/formal/qwen35_4b.jsonl.gz,$.sequence_log_probability; original source lines 1-39488,39488,39488,28178125,data/responses/formal/manifest.json#$.models[0].output_bytes,Stored field coverage; absent measurements remain empty,"{""bound_receipt_values"":[],""first_observed_source_line"":1,""null_rows"":0,""segment_first_line"":1,""segment_last_line"":39488,""size_scope"":""whole consolidated gzip; repeated per field/source, do not sum"",""source_path"":""outputs/raw/acceleration_v4/panel5_food_formal_4029_v1/qwen35_4b/shard_000_of_004/formal.jsonl""}"
qwen35_4b,1,first_probability,present_in_formal_rows,data/responses/formal/qwen35_4b.jsonl.gz,$.first_probability; original source lines 1-39488,39488,39488,28178125,data/responses/formal/manifest.json#$.models[0].output_bytes,Stored field coverage; absent measurements remain empty,"{""bound_receipt_values"":[],""first_observed_source_line"":1,""null_rows"":0,""segment_first_line"":1,""segment_last_line"":39488,""size_scope"":""whole consolidated gzip; repeated per field/source, do not sum"",""source_path"":""outputs/raw/acceleration_v4/panel5_food_formal_4029_v1/qwen35_4b/shard_000_of_004/formal.jsonl""}"
qwen35_4b,1,batch_size,absent_in_formal_rows_and_bound_receipts,data/responses/formal/qwen35_4b.jsonl.gz,$.batch_size; original source lines 1-39488,0,39488,28178125,data/responses/formal/manifest.json#$.models[0].output_bytes,Stored field coverage; absent measurements remain empty,"{""bound_receipt_values"":[],""first_observed_source_line"":null,""null_rows"":0,""segment_first_line"":1,""segment_last_line"":39488,""size_scope"":""whole consolidated gzip; repeated per field/source, do not sum"",""source_path"":""outputs/raw/acceleration_v4/panel5_food_formal_4029_v1/qwen35_4b/shard_000_of_004/formal.jsonl""}"
qwen35_4b,1,prefill_s,absent_in_formal_rows_and_bound_receipts,data/responses/formal/qwen35_4b.jsonl.gz,$.prefill_s; original source lines 1-39488,0,39488,28178125,data/responses/formal/manifest.json#$.models[0].output_bytes,Stored field coverage; absent measurements remain empty,"{""bound_receipt_values"":[],""first_observed_source_line"":null,""null_rows"":0,""segment_first_line"":1,""segment_last_line"":39488,""size_scope"":""whole consolidated gzip; repeated per field/source, do not sum"",""source_path"":""outputs/raw/acceleration_v4/panel5_food_formal_4029_v1/qwen35_4b/shard_000_of_004/formal.jsonl""}"
qwen35_4b,1,prefill_seconds,absent_in_formal_rows_and_bound_receipts,data/responses/formal/qwen35_4b.jsonl.gz,$.prefill_seconds; original source lines 1-39488,0,39488,28178125,data/responses/formal/manifest.json#$.models[0].output_bytes,Stored field coverage; absent measurements remain empty,"{""bound_receipt_values"":[],""first_observed_source_line"":null,""null_rows"":0,""segment_first_line"":1,""segment_last_line"":39488,""size_scope"":""whole consolidated gzip; repeated per field/source, do not sum"",""source_path"":""outputs/raw/acceleration_v4/panel5_food_formal_4029_v1/qwen35_4b/shard_000_of_004/formal.jsonl""}"
qwen35_4b,1,decode_s,absent_in_formal_rows_and_bound_receipts,data/responses/formal/qwen35_4b.jsonl.gz,$.decode_s; original source lines 1-39488,0,39488,28178125,data/responses/formal/manifest.json#$.models[0].output_bytes,Stored field coverage; absent measurements remain empty,"{""bound_receipt_values"":[],""first_observed_source_line"":null,""null_rows"":0,""segment_first_line"":1,""segment_last_line"":39488,""size_scope"":""whole consolidated gzip; repeated per field/source, do not sum"",""source_path"":""outputs/raw/acceleration_v4/panel5_food_formal_4029_v1/qwen35_4b/shard_000_of_004/formal.jsonl""}"
qwen35_4b,1,decode_seconds,absent_in_formal_rows_and_bound_receipts,data/responses/formal/qwen35_4b.jsonl.gz,$.decode_seconds; original source lines 1-39488,0,39488,28178125,data/responses/formal/manifest.json#$.models[0].output_bytes,Stored field coverage; absent measurements remain empty,"{""bound_receipt_values"":[],""first_observed_source_line"":null,""null_rows"":0,""segment_first_line"":1,""segment_last_line"":39488,""size_scope"":""whole consolidated gzip; repeated per field/source, do not sum"",""source_path"":""outputs/raw/acceleration_v4/panel5_food_formal_4029_v1/qwen35_4b/shard_000_of_004/formal.jsonl""}"
qwen35_4b,1,peak_memory_allocated,absent_in_formal_rows_and_bound_receipts,data/responses/formal/qwen35_4b.jsonl.gz,$.peak_memory_allocated; original source lines 1-39488,0,39488,28178125,data/responses/formal/manifest.json#$.models[0].output_bytes,Stored field coverage; absent measurements remain empty,"{""bound_receipt_values"":[],""first_observed_source_line"":null,""null_rows"":0,""segment_first_line"":1,""segment_last_line"":39488,""size_scope"":""whole consolidated gzip; repeated per field/source, do not sum"",""source_path"":""outputs/raw/acceleration_v4/panel5_food_formal_4029_v1/qwen35_4b/shard_000_of_004/formal.jsonl""}"
qwen35_4b,1,peak_memory_bytes,absent_in_formal_rows_and_bound_receipts,data/responses/formal/qwen35_4b.jsonl.gz,$.peak_memory_bytes; original source lines 1-39488,0,39488,28178125,data/responses/formal/manifest.json#$.models[0].output_bytes,Stored field coverage; absent measurements remain empty,"{""bound_receipt_values"":[],""first_observed_source_line"":null,""null_rows"":0,""segment_first_line"":1,""segment_last_line"":39488,""size_scope"":""whole consolidated gzip; repeated per field/source, do not sum"",""source_path"":""outputs/raw/acceleration_v4/panel5_food_formal_4029_v1/qwen35_4b/shard_000_of_004/formal.jsonl""}"
qwen35_4b,1,peak_gpu_memory_mb,absent_in_formal_rows_and_bound_receipts,data/responses/formal/qwen35_4b.jsonl.gz,$.peak_gpu_memory_mb; original source lines 1-39488,0,39488,28178125,data/responses/formal/manifest.json#$.models[0].output_bytes,Stored field coverage; absent measurements remain empty,"{""bound_receipt_values"":[],""first_observed_source_line"":null,""null_rows"":0,""segment_first_line"":1,""segment_last_line"":39488,""size_scope"":""whole consolidated gzip; repeated per field/source, do not sum"",""source_path"":""outputs/raw/acceleration_v4/panel5_food_formal_4029_v1/qwen35_4b/shard_000_of_004/formal.jsonl""}"
qwen35_4b,1,max_memory_allocated,absent_in_formal_rows_and_bound_receipts,data/responses/formal/qwen35_4b.jsonl.gz,$.max_memory_allocated; original source lines 1-39488,0,39488,28178125,data/responses/formal/manifest.json#$.models[0].output_bytes,Stored field coverage; absent measurements remain empty,"{""bound_receipt_values"":[],""first_observed_source_line"":null,""null_rows"":0,""segment_first_line"":1,""segment_last_line"":39488,""size_scope"":""whole consolidated gzip; repeated per field/source, do not sum"",""source_path"":""outputs/raw/acceleration_v4/panel5_food_formal_4029_v1/qwen35_4b/shard_000_of_004/formal.jsonl""}"
qwen35_4b,1,cache_hits,absent_in_formal_rows_and_bound_receipts,data/responses/formal/qwen35_4b.jsonl.gz,$.cache_hits; original source lines 1-39488,0,39488,28178125,data/responses/formal/manifest.json#$.models[0].output_bytes,Stored field coverage; absent measurements remain empty,"{""bound_receipt_values"":[],""first_observed_source_line"":null,""null_rows"":0,""segment_first_line"":1,""segment_last_line"":39488,""size_scope"":""whole consolidated gzip; repeated per field/source, do not sum"",""source_path"":""outputs/raw/acceleration_v4/panel5_food_formal_4029_v1/qwen35_4b/shard_000_of_004/formal.jsonl""}"
qwen35_4b,1,cache_misses,absent_in_formal_rows_and_bound_receipts,data/responses/formal/qwen35_4b.jsonl.gz,$.cache_misses; original source lines 1-39488,0,39488,28178125,data/responses/formal/manifest.json#$.models[0].output_bytes,Stored field coverage; absent measurements remain empty,"{""bound_receipt_values"":[],""first_observed_source_line"":null,""null_rows"":0,""segment_first_line"":1,""segment_last_line"":39488,""size_scope"":""whole consolidated gzip; repeated per field/source, do not sum"",""source_path"":""outputs/raw/acceleration_v4/panel5_food_formal_4029_v1/qwen35_4b/shard_000_of_004/formal.jsonl""}"
qwen35_4b,1,cache_bytes,absent_in_formal_rows_and_bound_receipts,data/responses/formal/qwen35_4b.jsonl.gz,$.cache_bytes; original source lines 1-39488,0,39488,28178125,data/responses/formal/manifest.json#$.models[0].output_bytes,Stored field coverage; absent measurements remain empty,"{""bound_receipt_values"":[],""first_observed_source_line"":null,""null_rows"":0,""segment_first_line"":1,""segment_last_line"":39488,""size_scope"":""whole consolidated gzip; repeated per field/source, do not sum"",""source_path"":""outputs/raw/acceleration_v4/panel5_food_formal_4029_v1/qwen35_4b/shard_000_of_004/formal.jsonl""}"
qwen35_4b,1,hardware_identity,present_in_bound_identity,/home/g203-4028/projects/knowledge-deficit-mitigation-archive/20260929/historical_outputs.tar::outputs/raw/acceleration_v4/panel5_food_formal_4029_v1/qwen35_4b/shard_000_of_004/formal.identity.json,"$.definition.execution.{host,hostname,physical_gpus,gpu_uuids}",39488,39488,,,Execution identity matched to every raw row in this source segment,"{""gpu_uuids"":{""4"":""GPU-61ea2925-9905-7f56-cd64-7a792a32efef""},""host"":""4029"",""hostname"":""WS-4029GP-TRT"",""physical_gpus"":[""4""]}"
qwen35_4b,2,wall_s,present_in_formal_rows,data/responses/formal/qwen35_4b.jsonl.gz,$.wall_s; original source lines 1-38720,38720,38720,28178125,data/responses/formal/manifest.json#$.models[0].output_bytes,"Existing per-answer wall_s: perf_counter immediately before image loading through image conversion, prompt/session construction, generation and session cleanup; measured before Ledger.add serialization. Model loading and ledger writing are outside this interval. Prefill/decode are not separated.","{""bound_receipt_values"":[],""first_observed_source_line"":1,""null_rows"":0,""segment_first_line"":39489,""segment_last_line"":78208,""size_scope"":""whole consolidated gzip; repeated per field/source, do not sum"",""source_path"":""outputs/raw/acceleration_v4/panel5_food_formal_4029_v1/qwen35_4b/shard_001_of_004/formal.jsonl""}"
qwen35_4b,2,tokens,present_in_formal_rows,data/responses/formal/qwen35_4b.jsonl.gz,$.tokens; original source lines 1-38720,38720,38720,28178125,data/responses/formal/manifest.json#$.models[0].output_bytes,"len(tokens) from the saved token-ID list, including any saved stop/EOS token; no retokenization. sum/mean use only rows with a saved list.","{""bound_receipt_values"":[],""first_observed_source_line"":1,""null_rows"":0,""segment_first_line"":39489,""segment_last_line"":78208,""size_scope"":""whole consolidated gzip; repeated per field/source, do not sum"",""source_path"":""outputs/raw/acceleration_v4/panel5_food_formal_4029_v1/qwen35_4b/shard_001_of_004/formal.jsonl""}"
qwen35_4b,2,selected_log_probabilities,present_in_formal_rows,data/responses/formal/qwen35_4b.jsonl.gz,$.selected_log_probabilities; original source lines 1-38720,38720,38720,28178125,data/responses/formal/manifest.json#$.models[0].output_bytes,Stored field coverage; absent measurements remain empty,"{""bound_receipt_values"":[],""first_observed_source_line"":1,""null_rows"":0,""segment_first_line"":39489,""segment_last_line"":78208,""size_scope"":""whole consolidated gzip; repeated per field/source, do not sum"",""source_path"":""outputs/raw/acceleration_v4/panel5_food_formal_4029_v1/qwen35_4b/shard_001_of_004/formal.jsonl""}"
qwen35_4b,2,sequence_log_probability,present_in_formal_rows,data/responses/formal/qwen35_4b.jsonl.gz,$.sequence_log_probability; original source lines 1-38720,38720,38720,28178125,data/responses/formal/manifest.json#$.models[0].output_bytes,Stored field coverage; absent measurements remain empty,"{""bound_receipt_values"":[],""first_observed_source_line"":1,""null_rows"":0,""segment_first_line"":39489,""segment_last_line"":78208,""size_scope"":""whole consolidated gzip; repeated per field/source, do not sum"",""source_path"":""outputs/raw/acceleration_v4/panel5_food_formal_4029_v1/qwen35_4b/shard_001_of_004/formal.jsonl""}"
qwen35_4b,2,first_probability,present_in_formal_rows,data/responses/formal/qwen35_4b.jsonl.gz,$.first_probability; original source lines 1-38720,38720,38720,28178125,data/responses/formal/manifest.json#$.models[0].output_bytes,Stored field coverage; absent measurements remain empty,"{""bound_receipt_values"":[],""first_observed_source_line"":1,""null_rows"":0,""segment_first_line"":39489,""segment_last_line"":78208,""size_scope"":""whole consolidated gzip; repeated per field/source, do not sum"",""source_path"":""outputs/raw/acceleration_v4/panel5_food_formal_4029_v1/qwen35_4b/shard_001_of_004/formal.jsonl""}"
qwen35_4b,2,batch_size,absent_in_formal_rows_and_bound_receipts,data/responses/formal/qwen35_4b.jsonl.gz,$.batch_size; original source lines 1-38720,0,38720,28178125,data/responses/formal/manifest.json#$.models[0].output_bytes,Stored field coverage; absent measurements remain empty,"{""bound_receipt_values"":[],""first_observed_source_line"":null,""null_rows"":0,""segment_first_line"":39489,""segment_last_line"":78208,""size_scope"":""whole consolidated gzip; repeated per field/source, do not sum"",""source_path"":""outputs/raw/acceleration_v4/panel5_food_formal_4029_v1/qwen35_4b/shard_001_of_004/formal.jsonl""}"
qwen35_4b,2,prefill_s,absent_in_formal_rows_and_bound_receipts,data/responses/formal/qwen35_4b.jsonl.gz,$.prefill_s; original source lines 1-38720,0,38720,28178125,data/responses/formal/manifest.json#$.models[0].output_bytes,Stored field coverage; absent measurements remain empty,"{""bound_receipt_values"":[],""first_observed_source_line"":null,""null_rows"":0,""segment_first_line"":39489,""segment_last_line"":78208,""size_scope"":""whole consolidated gzip; repeated per field/source, do not sum"",""source_path"":""outputs/raw/acceleration_v4/panel5_food_formal_4029_v1/qwen35_4b/shard_001_of_004/formal.jsonl""}"
qwen35_4b,2,prefill_seconds,absent_in_formal_rows_and_bound_receipts,data/responses/formal/qwen35_4b.jsonl.gz,$.prefill_seconds; original source lines 1-38720,0,38720,28178125,data/responses/formal/manifest.json#$.models[0].output_bytes,Stored field coverage; absent measurements remain empty,"{""bound_receipt_values"":[],""first_observed_source_line"":null,""null_rows"":0,""segment_first_line"":39489,""segment_last_line"":78208,""size_scope"":""whole consolidated gzip; repeated per field/source, do not sum"",""source_path"":""outputs/raw/acceleration_v4/panel5_food_formal_4029_v1/qwen35_4b/shard_001_of_004/formal.jsonl""}"
qwen35_4b,2,decode_s,absent_in_formal_rows_and_bound_receipts,data/responses/formal/qwen35_4b.jsonl.gz,$.decode_s; original source lines 1-38720,0,38720,28178125,data/responses/formal/manifest.json#$.models[0].output_bytes,Stored field coverage; absent measurements remain empty,"{""bound_receipt_values"":[],""first_observed_source_line"":null,""null_rows"":0,""segment_first_line"":39489,""segment_last_line"":78208,""size_scope"":""whole consolidated gzip; repeated per field/source, do not sum"",""source_path"":""outputs/raw/acceleration_v4/panel5_food_formal_4029_v1/qwen35_4b/shard_001_of_004/formal.jsonl""}"
qwen35_4b,2,decode_seconds,absent_in_formal_rows_and_bound_receipts,data/responses/formal/qwen35_4b.jsonl.gz,$.decode_seconds; original source lines 1-38720,0,38720,28178125,data/responses/formal/manifest.json#$.models[0].output_bytes,Stored field coverage; absent measurements remain empty,"{""bound_receipt_values"":[],""first_observed_source_line"":null,""null_rows"":0,""segment_first_line"":39489,""segment_last_line"":78208,""size_scope"":""whole consolidated gzip; repeated per field/source, do not sum"",""source_path"":""outputs/raw/acceleration_v4/panel5_food_formal_4029_v1/qwen35_4b/shard_001_of_004/formal.jsonl""}"
qwen35_4b,2,peak_memory_allocated,absent_in_formal_rows_and_bound_receipts,data/responses/formal/qwen35_4b.jsonl.gz,$.peak_memory_allocated; original source lines 1-38720,0,38720,28178125,data/responses/formal/manifest.json#$.models[0].output_bytes,Stored field coverage; absent measurements remain empty,"{""bound_receipt_values"":[],""first_observed_source_line"":null,""null_rows"":0,""segment_first_line"":39489,""segment_last_line"":78208,""size_scope"":""whole consolidated gzip; repeated per field/source, do not sum"",""source_path"":""outputs/raw/acceleration_v4/panel5_food_formal_4029_v1/qwen35_4b/shard_001_of_004/formal.jsonl""}"
qwen35_4b,2,peak_memory_bytes,absent_in_formal_rows_and_bound_receipts,data/responses/formal/qwen35_4b.jsonl.gz,$.peak_memory_bytes; original source lines 1-38720,0,38720,28178125,data/responses/formal/manifest.json#$.models[0].output_bytes,Stored field coverage; absent measurements remain empty,"{""bound_receipt_values"":[],""first_observed_source_line"":null,""null_rows"":0,""segment_first_line"":39489,""segment_last_line"":78208,""size_scope"":""whole consolidated gzip; repeated per field/source, do not sum"",""source_path"":""outputs/raw/acceleration_v4/panel5_food_formal_4029_v1/qwen35_4b/shard_001_of_004/formal.jsonl""}"
qwen35_4b,2,peak_gpu_memory_mb,absent_in_formal_rows_and_bound_receipts,data/responses/formal/qwen35_4b.jsonl.gz,$.peak_gpu_memory_mb; original source lines 1-38720,0,38720,28178125,data/responses/formal/manifest.json#$.models[0].output_bytes,Stored field coverage; absent measurements remain empty,"{""bound_receipt_values"":[],""first_observed_source_line"":null,""null_rows"":0,""segment_first_line"":39489,""segment_last_line"":78208,""size_scope"":""whole consolidated gzip; repeated per field/source, do not sum"",""source_path"":""outputs/raw/acceleration_v4/panel5_food_formal_4029_v1/qwen35_4b/shard_001_of_004/formal.jsonl""}"
qwen35_4b,2,max_memory_allocated,absent_in_formal_rows_and_bound_receipts,data/responses/formal/qwen35_4b.jsonl.gz,$.max_memory_allocated; original source lines 1-38720,0,38720,28178125,data/responses/formal/manifest.json#$.models[0].output_bytes,Stored field coverage; absent measurements remain empty,"{""bound_receipt_values"":[],""first_observed_source_line"":null,""null_rows"":0,""segment_first_line"":39489,""segment_last_line"":78208,""size_scope"":""whole consolidated gzip; repeated per field/source, do not sum"",""source_path"":""outputs/raw/acceleration_v4/panel5_food_formal_4029_v1/qwen35_4b/shard_001_of_004/formal.jsonl""}"
qwen35_4b,2,cache_hits,absent_in_formal_rows_and_bound_receipts,data/responses/formal/qwen35_4b.jsonl.gz,$.cache_hits; original source lines 1-38720,0,38720,28178125,data/responses/formal/manifest.json#$.models[0].output_bytes,Stored field coverage; absent measurements remain empty,"{""bound_receipt_values"":[],""first_observed_source_line"":null,""null_rows"":0,""segment_first_line"":39489,""segment_last_line"":78208,""size_scope"":""whole consolidated gzip; repeated per field/source, do not sum"",""source_path"":""outputs/raw/acceleration_v4/panel5_food_formal_4029_v1/qwen35_4b/shard_001_of_004/formal.jsonl""}"
qwen35_4b,2,cache_misses,absent_in_formal_rows_and_bound_receipts,data/responses/formal/qwen35_4b.jsonl.gz,$.cache_misses; original source lines 1-38720,0,38720,28178125,data/responses/formal/manifest.json#$.models[0].output_bytes,Stored field coverage; absent measurements remain empty,"{""bound_receipt_values"":[],""first_observed_source_line"":null,""null_rows"":0,""segment_first_line"":39489,""segment_last_line"":78208,""size_scope"":""whole consolidated gzip; repeated per field/source, do not sum"",""source_path"":""outputs/raw/acceleration_v4/panel5_food_formal_4029_v1/qwen35_4b/shard_001_of_004/formal.jsonl""}"
qwen35_4b,2,cache_bytes,absent_in_formal_rows_and_bound_receipts,data/responses/formal/qwen35_4b.jsonl.gz,$.cache_bytes; original source lines 1-38720,0,38720,28178125,data/responses/formal/manifest.json#$.models[0].output_bytes,Stored field coverage; absent measurements remain empty,"{""bound_receipt_values"":[],""first_observed_source_line"":null,""null_rows"":0,""segment_first_line"":39489,""segment_last_line"":78208,""size_scope"":""whole consolidated gzip; repeated per field/source, do not sum"",""source_path"":""outputs/raw/acceleration_v4/panel5_food_formal_4029_v1/qwen35_4b/shard_001_of_004/formal.jsonl""}"
qwen35_4b,2,hardware_identity,present_in_bound_identity,/home/g203-4028/projects/knowledge-deficit-mitigation-archive/20260929/historical_outputs.tar::outputs/raw/acceleration_v4/panel5_food_formal_4029_v1/qwen35_4b/shard_001_of_004/formal.identity.json,"$.definition.execution.{host,hostname,physical_gpus,gpu_uuids}",38720,38720,,,Execution identity matched to every raw row in this source segment,"{""gpu_uuids"":{""5"":""GPU-9b75e96c-6e9c-a160-def5-b2d5dd70bdc4""},""host"":""4029"",""hostname"":""WS-4029GP-TRT"",""physical_gpus"":[""5""]}"
qwen35_4b,3,wall_s,present_in_formal_rows,data/responses/formal/qwen35_4b.jsonl.gz,$.wall_s; original source lines 1-39360,39360,39360,28178125,data/responses/formal/manifest.json#$.models[0].output_bytes,"Existing per-answer wall_s: perf_counter immediately before image loading through image conversion, prompt/session construction, generation and session cleanup; measured before Ledger.add serialization. Model loading and ledger writing are outside this interval. Prefill/decode are not separated.","{""bound_receipt_values"":[],""first_observed_source_line"":1,""null_rows"":0,""segment_first_line"":78209,""segment_last_line"":117568,""size_scope"":""whole consolidated gzip; repeated per field/source, do not sum"",""source_path"":""outputs/raw/acceleration_v4/panel5_food_formal_4029_v1/qwen35_4b/shard_002_of_004/formal.jsonl""}"
qwen35_4b,3,tokens,present_in_formal_rows,data/responses/formal/qwen35_4b.jsonl.gz,$.tokens; original source lines 1-39360,39360,39360,28178125,data/responses/formal/manifest.json#$.models[0].output_bytes,"len(tokens) from the saved token-ID list, including any saved stop/EOS token; no retokenization. sum/mean use only rows with a saved list.","{""bound_receipt_values"":[],""first_observed_source_line"":1,""null_rows"":0,""segment_first_line"":78209,""segment_last_line"":117568,""size_scope"":""whole consolidated gzip; repeated per field/source, do not sum"",""source_path"":""outputs/raw/acceleration_v4/panel5_food_formal_4029_v1/qwen35_4b/shard_002_of_004/formal.jsonl""}"
qwen35_4b,3,selected_log_probabilities,present_in_formal_rows,data/responses/formal/qwen35_4b.jsonl.gz,$.selected_log_probabilities; original source lines 1-39360,39360,39360,28178125,data/responses/formal/manifest.json#$.models[0].output_bytes,Stored field coverage; absent measurements remain empty,"{""bound_receipt_values"":[],""first_observed_source_line"":1,""null_rows"":0,""segment_first_line"":78209,""segment_last_line"":117568,""size_scope"":""whole consolidated gzip; repeated per field/source, do not sum"",""source_path"":""outputs/raw/acceleration_v4/panel5_food_formal_4029_v1/qwen35_4b/shard_002_of_004/formal.jsonl""}"
qwen35_4b,3,sequence_log_probability,present_in_formal_rows,data/responses/formal/qwen35_4b.jsonl.gz,$.sequence_log_probability; original source lines 1-39360,39360,39360,28178125,data/responses/formal/manifest.json#$.models[0].output_bytes,Stored field coverage; absent measurements remain empty,"{""bound_receipt_values"":[],""first_observed_source_line"":1,""null_rows"":0,""segment_first_line"":78209,""segment_last_line"":117568,""size_scope"":""whole consolidated gzip; repeated per field/source, do not sum"",""source_path"":""outputs/raw/acceleration_v4/panel5_food_formal_4029_v1/qwen35_4b/shard_002_of_004/formal.jsonl""}"
qwen35_4b,3,first_probability,present_in_formal_rows,data/responses/formal/qwen35_4b.jsonl.gz,$.first_probability; original source lines 1-39360,39360,39360,28178125,data/responses/formal/manifest.json#$.models[0].output_bytes,Stored field coverage; absent measurements remain empty,"{""bound_receipt_values"":[],""first_observed_source_line"":1,""null_rows"":0,""segment_first_line"":78209,""segment_last_line"":117568,""size_scope"":""whole consolidated gzip; repeated per field/source, do not sum"",""source_path"":""outputs/raw/acceleration_v4/panel5_food_formal_4029_v1/qwen35_4b/shard_002_of_004/formal.jsonl""}"
qwen35_4b,3,batch_size,absent_in_formal_rows_and_bound_receipts,data/responses/formal/qwen35_4b.jsonl.gz,$.batch_size; original source lines 1-39360,0,39360,28178125,data/responses/formal/manifest.json#$.models[0].output_bytes,Stored field coverage; absent measurements remain empty,"{""bound_receipt_values"":[],""first_observed_source_line"":null,""null_rows"":0,""segment_first_line"":78209,""segment_last_line"":117568,""size_scope"":""whole consolidated gzip; repeated per field/source, do not sum"",""source_path"":""outputs/raw/acceleration_v4/panel5_food_formal_4029_v1/qwen35_4b/shard_002_of_004/formal.jsonl""}"
qwen35_4b,3,prefill_s,absent_in_formal_rows_and_bound_receipts,data/responses/formal/qwen35_4b.jsonl.gz,$.prefill_s; original source lines 1-39360,0,39360,28178125,data/responses/formal/manifest.json#$.models[0].output_bytes,Stored field coverage; absent measurements remain empty,"{""bound_receipt_values"":[],""first_observed_source_line"":null,""null_rows"":0,""segment_first_line"":78209,""segment_last_line"":117568,""size_scope"":""whole consolidated gzip; repeated per field/source, do not sum"",""source_path"":""outputs/raw/acceleration_v4/panel5_food_formal_4029_v1/qwen35_4b/shard_002_of_004/formal.jsonl""}"
qwen35_4b,3,prefill_seconds,absent_in_formal_rows_and_bound_receipts,data/responses/formal/qwen35_4b.jsonl.gz,$.prefill_seconds; original source lines 1-39360,0,39360,28178125,data/responses/formal/manifest.json#$.models[0].output_bytes,Stored field coverage; absent measurements remain empty,"{""bound_receipt_values"":[],""first_observed_source_line"":null,""null_rows"":0,""segment_first_line"":78209,""segment_last_line"":117568,""size_scope"":""whole consolidated gzip; repeated per field/source, do not sum"",""source_path"":""outputs/raw/acceleration_v4/panel5_food_formal_4029_v1/qwen35_4b/shard_002_of_004/formal.jsonl""}"
qwen35_4b,3,decode_s,absent_in_formal_rows_and_bound_receipts,data/responses/formal/qwen35_4b.jsonl.gz,$.decode_s; original source lines 1-39360,0,39360,28178125,data/responses/formal/manifest.json#$.models[0].output_bytes,Stored field coverage; absent measurements remain empty,"{""bound_receipt_values"":[],""first_observed_source_line"":null,""null_rows"":0,""segment_first_line"":78209,""segment_last_line"":117568,""size_scope"":""whole consolidated gzip; repeated per field/source, do not sum"",""source_path"":""outputs/raw/acceleration_v4/panel5_food_formal_4029_v1/qwen35_4b/shard_002_of_004/formal.jsonl""}"
qwen35_4b,3,decode_seconds,absent_in_formal_rows_and_bound_receipts,data/responses/formal/qwen35_4b.jsonl.gz,$.decode_seconds; original source lines 1-39360,0,39360,28178125,data/responses/formal/manifest.json#$.models[0].output_bytes,Stored field coverage; absent measurements remain empty,"{""bound_receipt_values"":[],""first_observed_source_line"":null,""null_rows"":0,""segment_first_line"":78209,""segment_last_line"":117568,""size_scope"":""whole consolidated gzip; repeated per field/source, do not sum"",""source_path"":""outputs/raw/acceleration_v4/panel5_food_formal_4029_v1/qwen35_4b/shard_002_of_004/formal.jsonl""}"
qwen35_4b,3,peak_memory_allocated,absent_in_formal_rows_and_bound_receipts,data/responses/formal/qwen35_4b.jsonl.gz,$.peak_memory_allocated; original source lines 1-39360,0,39360,28178125,data/responses/formal/manifest.json#$.models[0].output_bytes,Stored field coverage; absent measurements remain empty,"{""bound_receipt_values"":[],""first_observed_source_line"":null,""null_rows"":0,""segment_first_line"":78209,""segment_last_line"":117568,""size_scope"":""whole consolidated gzip; repeated per field/source, do not sum"",""source_path"":""outputs/raw/acceleration_v4/panel5_food_formal_4029_v1/qwen35_4b/shard_002_of_004/formal.jsonl""}"
qwen35_4b,3,peak_memory_bytes,absent_in_formal_rows_and_bound_receipts,data/responses/formal/qwen35_4b.jsonl.gz,$.peak_memory_bytes; original source lines 1-39360,0,39360,28178125,data/responses/formal/manifest.json#$.models[0].output_bytes,Stored field coverage; absent measurements remain empty,"{""bound_receipt_values"":[],""first_observed_source_line"":null,""null_rows"":0,""segment_first_line"":78209,""segment_last_line"":117568,""size_scope"":""whole consolidated gzip; repeated per field/source, do not sum"",""source_path"":""outputs/raw/acceleration_v4/panel5_food_formal_4029_v1/qwen35_4b/shard_002_of_004/formal.jsonl""}"
qwen35_4b,3,peak_gpu_memory_mb,absent_in_formal_rows_and_bound_receipts,data/responses/formal/qwen35_4b.jsonl.gz,$.peak_gpu_memory_mb; original source lines 1-39360,0,39360,28178125,data/responses/formal/manifest.json#$.models[0].output_bytes,Stored field coverage; absent measurements remain empty,"{""bound_receipt_values"":[],""first_observed_source_line"":null,""null_rows"":0,""segment_first_line"":78209,""segment_last_line"":117568,""size_scope"":""whole consolidated gzip; repeated per field/source, do not sum"",""source_path"":""outputs/raw/acceleration_v4/panel5_food_formal_4029_v1/qwen35_4b/shard_002_of_004/formal.jsonl""}"
qwen35_4b,3,max_memory_allocated,absent_in_formal_rows_and_bound_receipts,data/responses/formal/qwen35_4b.jsonl.gz,$.max_memory_allocated; original source lines 1-39360,0,39360,28178125,data/responses/formal/manifest.json#$.models[0].output_bytes,Stored field coverage; absent measurements remain empty,"{""bound_receipt_values"":[],""first_observed_source_line"":null,""null_rows"":0,""segment_first_line"":78209,""segment_last_line"":117568,""size_scope"":""whole consolidated gzip; repeated per field/source, do not sum"",""source_path"":""outputs/raw/acceleration_v4/panel5_food_formal_4029_v1/qwen35_4b/shard_002_of_004/formal.jsonl""}"
qwen35_4b,3,cache_hits,absent_in_formal_rows_and_bound_receipts,data/responses/formal/qwen35_4b.jsonl.gz,$.cache_hits; original source lines 1-39360,0,39360,28178125,data/responses/formal/manifest.json#$.models[0].output_bytes,Stored field coverage; absent measurements remain empty,"{""bound_receipt_values"":[],""first_observed_source_line"":null,""null_rows"":0,""segment_first_line"":78209,""segment_last_line"":117568,""size_scope"":""whole consolidated gzip; repeated per field/source, do not sum"",""source_path"":""outputs/raw/acceleration_v4/panel5_food_formal_4029_v1/qwen35_4b/shard_002_of_004/formal.jsonl""}"
qwen35_4b,3,cache_misses,absent_in_formal_rows_and_bound_receipts,data/responses/formal/qwen35_4b.jsonl.gz,$.cache_misses; original source lines 1-39360,0,39360,28178125,data/responses/formal/manifest.json#$.models[0].output_bytes,Stored field coverage; absent measurements remain empty,"{""bound_receipt_values"":[],""first_observed_source_line"":null,""null_rows"":0,""segment_first_line"":78209,""segment_last_line"":117568,""size_scope"":""whole consolidated gzip; repeated per field/source, do not sum"",""source_path"":""outputs/raw/acceleration_v4/panel5_food_formal_4029_v1/qwen35_4b/shard_002_of_004/formal.jsonl""}"
qwen35_4b,3,cache_bytes,absent_in_formal_rows_and_bound_receipts,data/responses/formal/qwen35_4b.jsonl.gz,$.cache_bytes; original source lines 1-39360,0,39360,28178125,data/responses/formal/manifest.json#$.models[0].output_bytes,Stored field coverage; absent measurements remain empty,"{""bound_receipt_values"":[],""first_observed_source_line"":null,""null_rows"":0,""segment_first_line"":78209,""segment_last_line"":117568,""size_scope"":""whole consolidated gzip; repeated per field/source, do not sum"",""source_path"":""outputs/raw/acceleration_v4/panel5_food_formal_4029_v1/qwen35_4b/shard_002_of_004/formal.jsonl""}"
qwen35_4b,3,hardware_identity,present_in_bound_identity,/home/g203-4028/projects/knowledge-deficit-mitigation-archive/20260929/historical_outputs.tar::outputs/raw/acceleration_v4/panel5_food_formal_4029_v1/qwen35_4b/shard_002_of_004/formal.identity.json,"$.definition.execution.{host,hostname,physical_gpus,gpu_uuids}",39360,39360,,,Execution identity matched to every raw row in this source segment,"{""gpu_uuids"":{""6"":""GPU-29f1d73d-b468-c7bc-3bcf-50be58b67d33""},""host"":""4029"",""hostname"":""WS-4029GP-TRT"",""physical_gpus"":[""6""]}"
qwen35_4b,4,wall_s,present_in_formal_rows,data/responses/formal/qwen35_4b.jsonl.gz,$.wall_s; original source lines 1-37568,37568,37568,28178125,data/responses/formal/manifest.json#$.models[0].output_bytes,"Existing per-answer wall_s: perf_counter immediately before image loading through image conversion, prompt/session construction, generation and session cleanup; measured before Ledger.add serialization. Model loading and ledger writing are outside this interval. Prefill/decode are not separated.","{""bound_receipt_values"":[],""first_observed_source_line"":1,""null_rows"":0,""segment_first_line"":117569,""segment_last_line"":155136,""size_scope"":""whole consolidated gzip; repeated per field/source, do not sum"",""source_path"":""outputs/raw/acceleration_v4/panel5_food_formal_4029_v1/qwen35_4b/shard_003_of_004/formal.jsonl""}"
qwen35_4b,4,tokens,present_in_formal_rows,data/responses/formal/qwen35_4b.jsonl.gz,$.tokens; original source lines 1-37568,37568,37568,28178125,data/responses/formal/manifest.json#$.models[0].output_bytes,"len(tokens) from the saved token-ID list, including any saved stop/EOS token; no retokenization. sum/mean use only rows with a saved list.","{""bound_receipt_values"":[],""first_observed_source_line"":1,""null_rows"":0,""segment_first_line"":117569,""segment_last_line"":155136,""size_scope"":""whole consolidated gzip; repeated per field/source, do not sum"",""source_path"":""outputs/raw/acceleration_v4/panel5_food_formal_4029_v1/qwen35_4b/shard_003_of_004/formal.jsonl""}"
qwen35_4b,4,selected_log_probabilities,present_in_formal_rows,data/responses/formal/qwen35_4b.jsonl.gz,$.selected_log_probabilities; original source lines 1-37568,37568,37568,28178125,data/responses/formal/manifest.json#$.models[0].output_bytes,Stored field coverage; absent measurements remain empty,"{""bound_receipt_values"":[],""first_observed_source_line"":1,""null_rows"":0,""segment_first_line"":117569,""segment_last_line"":155136,""size_scope"":""whole consolidated gzip; repeated per field/source, do not sum"",""source_path"":""outputs/raw/acceleration_v4/panel5_food_formal_4029_v1/qwen35_4b/shard_003_of_004/formal.jsonl""}"
qwen35_4b,4,sequence_log_probability,present_in_formal_rows,data/responses/formal/qwen35_4b.jsonl.gz,$.sequence_log_probability; original source lines 1-37568,37568,37568,28178125,data/responses/formal/manifest.json#$.models[0].output_bytes,Stored field coverage; absent measurements remain empty,"{""bound_receipt_values"":[],""first_observed_source_line"":1,""null_rows"":0,""segment_first_line"":117569,""segment_last_line"":155136,""size_scope"":""whole consolidated gzip; repeated per field/source, do not sum"",""source_path"":""outputs/raw/acceleration_v4/panel5_food_formal_4029_v1/qwen35_4b/shard_003_of_004/formal.jsonl""}"
qwen35_4b,4,first_probability,present_in_formal_rows,data/responses/formal/qwen35_4b.jsonl.gz,$.first_probability; original source lines 1-37568,37568,37568,28178125,data/responses/formal/manifest.json#$.models[0].output_bytes,Stored field coverage; absent measurements remain empty,"{""bound_receipt_values"":[],""first_observed_source_line"":1,""null_rows"":0,""segment_first_line"":117569,""segment_last_line"":155136,""size_scope"":""whole consolidated gzip; repeated per field/source, do not sum"",""source_path"":""outputs/raw/acceleration_v4/panel5_food_formal_4029_v1/qwen35_4b/shard_003_of_004/formal.jsonl""}"
qwen35_4b,4,batch_size,absent_in_formal_rows_and_bound_receipts,data/responses/formal/qwen35_4b.jsonl.gz,$.batch_size; original source lines 1-37568,0,37568,28178125,data/responses/formal/manifest.json#$.models[0].output_bytes,Stored field coverage; absent measurements remain empty,"{""bound_receipt_values"":[],""first_observed_source_line"":null,""null_rows"":0,""segment_first_line"":117569,""segment_last_line"":155136,""size_scope"":""whole consolidated gzip; repeated per field/source, do not sum"",""source_path"":""outputs/raw/acceleration_v4/panel5_food_formal_4029_v1/qwen35_4b/shard_003_of_004/formal.jsonl""}"
qwen35_4b,4,prefill_s,absent_in_formal_rows_and_bound_receipts,data/responses/formal/qwen35_4b.jsonl.gz,$.prefill_s; original source lines 1-37568,0,37568,28178125,data/responses/formal/manifest.json#$.models[0].output_bytes,Stored field coverage; absent measurements remain empty,"{""bound_receipt_values"":[],""first_observed_source_line"":null,""null_rows"":0,""segment_first_line"":117569,""segment_last_line"":155136,""size_scope"":""whole consolidated gzip; repeated per field/source, do not sum"",""source_path"":""outputs/raw/acceleration_v4/panel5_food_formal_4029_v1/qwen35_4b/shard_003_of_004/formal.jsonl""}"
qwen35_4b,4,prefill_seconds,absent_in_formal_rows_and_bound_receipts,data/responses/formal/qwen35_4b.jsonl.gz,$.prefill_seconds; original source lines 1-37568,0,37568,28178125,data/responses/formal/manifest.json#$.models[0].output_bytes,Stored field coverage; absent measurements remain empty,"{""bound_receipt_values"":[],""first_observed_source_line"":null,""null_rows"":0,""segment_first_line"":117569,""segment_last_line"":155136,""size_scope"":""whole consolidated gzip; repeated per field/source, do not sum"",""source_path"":""outputs/raw/acceleration_v4/panel5_food_formal_4029_v1/qwen35_4b/shard_003_of_004/formal.jsonl""}"
qwen35_4b,4,decode_s,absent_in_formal_rows_and_bound_receipts,data/responses/formal/qwen35_4b.jsonl.gz,$.decode_s; original source lines 1-37568,0,37568,28178125,data/responses/formal/manifest.json#$.models[0].output_bytes,Stored field coverage; absent measurements remain empty,"{""bound_receipt_values"":[],""first_observed_source_line"":null,""null_rows"":0,""segment_first_line"":117569,""segment_last_line"":155136,""size_scope"":""whole consolidated gzip; repeated per field/source, do not sum"",""source_path"":""outputs/raw/acceleration_v4/panel5_food_formal_4029_v1/qwen35_4b/shard_003_of_004/formal.jsonl""}"
qwen35_4b,4,decode_seconds,absent_in_formal_rows_and_bound_receipts,data/responses/formal/qwen35_4b.jsonl.gz,$.decode_seconds; original source lines 1-37568,0,37568,28178125,data/responses/formal/manifest.json#$.models[0].output_bytes,Stored field coverage; absent measurements remain empty,"{""bound_receipt_values"":[],""first_observed_source_line"":null,""null_rows"":0,""segment_first_line"":117569,""segment_last_line"":155136,""size_scope"":""whole consolidated gzip; repeated per field/source, do not sum"",""source_path"":""outputs/raw/acceleration_v4/panel5_food_formal_4029_v1/qwen35_4b/shard_003_of_004/formal.jsonl""}"
qwen35_4b,4,peak_memory_allocated,absent_in_formal_rows_and_bound_receipts,data/responses/formal/qwen35_4b.jsonl.gz,$.peak_memory_allocated; original source lines 1-37568,0,37568,28178125,data/responses/formal/manifest.json#$.models[0].output_bytes,Stored field coverage; absent measurements remain empty,"{""bound_receipt_values"":[],""first_observed_source_line"":null,""null_rows"":0,""segment_first_line"":117569,""segment_last_line"":155136,""size_scope"":""whole consolidated gzip; repeated per field/source, do not sum"",""source_path"":""outputs/raw/acceleration_v4/panel5_food_formal_4029_v1/qwen35_4b/shard_003_of_004/formal.jsonl""}"
qwen35_4b,4,peak_memory_bytes,absent_in_formal_rows_and_bound_receipts,data/responses/formal/qwen35_4b.jsonl.gz,$.peak_memory_bytes; original source lines 1-37568,0,37568,28178125,data/responses/formal/manifest.json#$.models[0].output_bytes,Stored field coverage; absent measurements remain empty,"{""bound_receipt_values"":[],""first_observed_source_line"":null,""null_rows"":0,""segment_first_line"":117569,""segment_last_line"":155136,""size_scope"":""whole consolidated gzip; repeated per field/source, do not sum"",""source_path"":""outputs/raw/acceleration_v4/panel5_food_formal_4029_v1/qwen35_4b/shard_003_of_004/formal.jsonl""}"
qwen35_4b,4,peak_gpu_memory_mb,absent_in_formal_rows_and_bound_receipts,data/responses/formal/qwen35_4b.jsonl.gz,$.peak_gpu_memory_mb; original source lines 1-37568,0,37568,28178125,data/responses/formal/manifest.json#$.models[0].output_bytes,Stored field coverage; absent measurements remain empty,"{""bound_receipt_values"":[],""first_observed_source_line"":null,""null_rows"":0,""segment_first_line"":117569,""segment_last_line"":155136,""size_scope"":""whole consolidated gzip; repeated per field/source, do not sum"",""source_path"":""outputs/raw/acceleration_v4/panel5_food_formal_4029_v1/qwen35_4b/shard_003_of_004/formal.jsonl""}"
qwen35_4b,4,max_memory_allocated,absent_in_formal_rows_and_bound_receipts,data/responses/formal/qwen35_4b.jsonl.gz,$.max_memory_allocated; original source lines 1-37568,0,37568,28178125,data/responses/formal/manifest.json#$.models[0].output_bytes,Stored field coverage; absent measurements remain empty,"{""bound_receipt_values"":[],""first_observed_source_line"":null,""null_rows"":0,""segment_first_line"":117569,""segment_last_line"":155136,""size_scope"":""whole consolidated gzip; repeated per field/source, do not sum"",""source_path"":""outputs/raw/acceleration_v4/panel5_food_formal_4029_v1/qwen35_4b/shard_003_of_004/formal.jsonl""}"
qwen35_4b,4,cache_hits,absent_in_formal_rows_and_bound_receipts,data/responses/formal/qwen35_4b.jsonl.gz,$.cache_hits; original source lines 1-37568,0,37568,28178125,data/responses/formal/manifest.json#$.models[0].output_bytes,Stored field coverage; absent measurements remain empty,"{""bound_receipt_values"":[],""first_observed_source_line"":null,""null_rows"":0,""segment_first_line"":117569,""segment_last_line"":155136,""size_scope"":""whole consolidated gzip; repeated per field/source, do not sum"",""source_path"":""outputs/raw/acceleration_v4/panel5_food_formal_4029_v1/qwen35_4b/shard_003_of_004/formal.jsonl""}"
qwen35_4b,4,cache_misses,absent_in_formal_rows_and_bound_receipts,data/responses/formal/qwen35_4b.jsonl.gz,$.cache_misses; original source lines 1-37568,0,37568,28178125,data/responses/formal/manifest.json#$.models[0].output_bytes,Stored field coverage; absent measurements remain empty,"{""bound_receipt_values"":[],""first_observed_source_line"":null,""null_rows"":0,""segment_first_line"":117569,""segment_last_line"":155136,""size_scope"":""whole consolidated gzip; repeated per field/source, do not sum"",""source_path"":""outputs/raw/acceleration_v4/panel5_food_formal_4029_v1/qwen35_4b/shard_003_of_004/formal.jsonl""}"
qwen35_4b,4,cache_bytes,absent_in_formal_rows_and_bound_receipts,data/responses/formal/qwen35_4b.jsonl.gz,$.cache_bytes; original source lines 1-37568,0,37568,28178125,data/responses/formal/manifest.json#$.models[0].output_bytes,Stored field coverage; absent measurements remain empty,"{""bound_receipt_values"":[],""first_observed_source_line"":null,""null_rows"":0,""segment_first_line"":117569,""segment_last_line"":155136,""size_scope"":""whole consolidated gzip; repeated per field/source, do not sum"",""source_path"":""outputs/raw/acceleration_v4/panel5_food_formal_4029_v1/qwen35_4b/shard_003_of_004/formal.jsonl""}"
qwen35_4b,4,hardware_identity,present_in_bound_identity,/home/g203-4028/projects/knowledge-deficit-mitigation-archive/20260929/historical_outputs.tar::outputs/raw/acceleration_v4/panel5_food_formal_4029_v1/qwen35_4b/shard_003_of_004/formal.identity.json,"$.definition.execution.{host,hostname,physical_gpus,gpu_uuids}",37568,37568,,,Execution identity matched to every raw row in this source segment,"{""gpu_uuids"":{""7"":""GPU-56668d27-36e1-c40a-c1c2-272ef76b13a1""},""host"":""4029"",""hostname"":""WS-4029GP-TRT"",""physical_gpus"":[""7""]}"
minicpm26,5,wall_s,present_in_formal_rows,data/responses/formal/minicpm26.jsonl.gz,$.wall_s; original source lines 1-155136,155136,155136,29154484,data/responses/formal/manifest.json#$.models[1].output_bytes,"Existing per-answer wall_s: perf_counter immediately before image loading through image conversion, prompt/session construction, generation and session cleanup; measured before Ledger.add serialization. Model loading and ledger writing are outside this interval. Prefill/decode are not separated.","{""bound_receipt_values"":[],""first_observed_source_line"":1,""null_rows"":0,""segment_first_line"":1,""segment_last_line"":155136,""size_scope"":""whole consolidated gzip; repeated per field/source, do not sum"",""source_path"":""outputs/raw/acceleration_v4/panel5_food_formal_v4/minicpm26/shard_000_of_001/formal.jsonl""}"
minicpm26,5,tokens,present_in_formal_rows,data/responses/formal/minicpm26.jsonl.gz,$.tokens; original source lines 1-155136,155136,155136,29154484,data/responses/formal/manifest.json#$.models[1].output_bytes,"len(tokens) from the saved token-ID list, including any saved stop/EOS token; no retokenization. sum/mean use only rows with a saved list.","{""bound_receipt_values"":[],""first_observed_source_line"":1,""null_rows"":0,""segment_first_line"":1,""segment_last_line"":155136,""size_scope"":""whole consolidated gzip; repeated per field/source, do not sum"",""source_path"":""outputs/raw/acceleration_v4/panel5_food_formal_v4/minicpm26/shard_000_of_001/formal.jsonl""}"
minicpm26,5,selected_log_probabilities,present_in_formal_rows,data/responses/formal/minicpm26.jsonl.gz,$.selected_log_probabilities; original source lines 1-155136,155136,155136,29154484,data/responses/formal/manifest.json#$.models[1].output_bytes,Stored field coverage; absent measurements remain empty,"{""bound_receipt_values"":[],""first_observed_source_line"":1,""null_rows"":0,""segment_first_line"":1,""segment_last_line"":155136,""size_scope"":""whole consolidated gzip; repeated per field/source, do not sum"",""source_path"":""outputs/raw/acceleration_v4/panel5_food_formal_v4/minicpm26/shard_000_of_001/formal.jsonl""}"
minicpm26,5,sequence_log_probability,present_in_formal_rows,data/responses/formal/minicpm26.jsonl.gz,$.sequence_log_probability; original source lines 1-155136,155136,155136,29154484,data/responses/formal/manifest.json#$.models[1].output_bytes,Stored field coverage; absent measurements remain empty,"{""bound_receipt_values"":[],""first_observed_source_line"":1,""null_rows"":0,""segment_first_line"":1,""segment_last_line"":155136,""size_scope"":""whole consolidated gzip; repeated per field/source, do not sum"",""source_path"":""outputs/raw/acceleration_v4/panel5_food_formal_v4/minicpm26/shard_000_of_001/formal.jsonl""}"
minicpm26,5,first_probability,present_in_formal_rows,data/responses/formal/minicpm26.jsonl.gz,$.first_probability; original source lines 1-155136,155136,155136,29154484,data/responses/formal/manifest.json#$.models[1].output_bytes,Stored field coverage; absent measurements remain empty,"{""bound_receipt_values"":[],""first_observed_source_line"":1,""null_rows"":0,""segment_first_line"":1,""segment_last_line"":155136,""size_scope"":""whole consolidated gzip; repeated per field/source, do not sum"",""source_path"":""outputs/raw/acceleration_v4/panel5_food_formal_v4/minicpm26/shard_000_of_001/formal.jsonl""}"
minicpm26,5,batch_size,absent_in_formal_rows_and_bound_receipts,data/responses/formal/minicpm26.jsonl.gz,$.batch_size; original source lines 1-155136,0,155136,29154484,data/responses/formal/manifest.json#$.models[1].output_bytes,Stored field coverage; absent measurements remain empty,"{""bound_receipt_values"":[],""first_observed_source_line"":null,""null_rows"":0,""segment_first_line"":1,""segment_last_line"":155136,""size_scope"":""whole consolidated gzip; repeated per field/source, do not sum"",""source_path"":""outputs/raw/acceleration_v4/panel5_food_formal_v4/minicpm26/shard_000_of_001/formal.jsonl""}"
minicpm26,5,prefill_s,absent_in_formal_rows_and_bound_receipts,data/responses/formal/minicpm26.jsonl.gz,$.prefill_s; original source lines 1-155136,0,155136,29154484,data/responses/formal/manifest.json#$.models[1].output_bytes,Stored field coverage; absent measurements remain empty,"{""bound_receipt_values"":[],""first_observed_source_line"":null,""null_rows"":0,""segment_first_line"":1,""segment_last_line"":155136,""size_scope"":""whole consolidated gzip; repeated per field/source, do not sum"",""source_path"":""outputs/raw/acceleration_v4/panel5_food_formal_v4/minicpm26/shard_000_of_001/formal.jsonl""}"
minicpm26,5,prefill_seconds,absent_in_formal_rows_and_bound_receipts,data/responses/formal/minicpm26.jsonl.gz,$.prefill_seconds; original source lines 1-155136,0,155136,29154484,data/responses/formal/manifest.json#$.models[1].output_bytes,Stored field coverage; absent measurements remain empty,"{""bound_receipt_values"":[],""first_observed_source_line"":null,""null_rows"":0,""segment_first_line"":1,""segment_last_line"":155136,""size_scope"":""whole consolidated gzip; repeated per field/source, do not sum"",""source_path"":""outputs/raw/acceleration_v4/panel5_food_formal_v4/minicpm26/shard_000_of_001/formal.jsonl""}"
minicpm26,5,decode_s,absent_in_formal_rows_and_bound_receipts,data/responses/formal/minicpm26.jsonl.gz,$.decode_s; original source lines 1-155136,0,155136,29154484,data/responses/formal/manifest.json#$.models[1].output_bytes,Stored field coverage; absent measurements remain empty,"{""bound_receipt_values"":[],""first_observed_source_line"":null,""null_rows"":0,""segment_first_line"":1,""segment_last_line"":155136,""size_scope"":""whole consolidated gzip; repeated per field/source, do not sum"",""source_path"":""outputs/raw/acceleration_v4/panel5_food_formal_v4/minicpm26/shard_000_of_001/formal.jsonl""}"
minicpm26,5,decode_seconds,absent_in_formal_rows_and_bound_receipts,data/responses/formal/minicpm26.jsonl.gz,$.decode_seconds; original source lines 1-155136,0,155136,29154484,data/responses/formal/manifest.json#$.models[1].output_bytes,Stored field coverage; absent measurements remain empty,"{""bound_receipt_values"":[],""first_observed_source_line"":null,""null_rows"":0,""segment_first_line"":1,""segment_last_line"":155136,""size_scope"":""whole consolidated gzip; repeated per field/source, do not sum"",""source_path"":""outputs/raw/acceleration_v4/panel5_food_formal_v4/minicpm26/shard_000_of_001/formal.jsonl""}"
minicpm26,5,peak_memory_allocated,absent_in_formal_rows_and_bound_receipts,data/responses/formal/minicpm26.jsonl.gz,$.peak_memory_allocated; original source lines 1-155136,0,155136,29154484,data/responses/formal/manifest.json#$.models[1].output_bytes,Stored field coverage; absent measurements remain empty,"{""bound_receipt_values"":[],""first_observed_source_line"":null,""null_rows"":0,""segment_first_line"":1,""segment_last_line"":155136,""size_scope"":""whole consolidated gzip; repeated per field/source, do not sum"",""source_path"":""outputs/raw/acceleration_v4/panel5_food_formal_v4/minicpm26/shard_000_of_001/formal.jsonl""}"
minicpm26,5,peak_memory_bytes,absent_in_formal_rows_and_bound_receipts,data/responses/formal/minicpm26.jsonl.gz,$.peak_memory_bytes; original source lines 1-155136,0,155136,29154484,data/responses/formal/manifest.json#$.models[1].output_bytes,Stored field coverage; absent measurements remain empty,"{""bound_receipt_values"":[],""first_observed_source_line"":null,""null_rows"":0,""segment_first_line"":1,""segment_last_line"":155136,""size_scope"":""whole consolidated gzip; repeated per field/source, do not sum"",""source_path"":""outputs/raw/acceleration_v4/panel5_food_formal_v4/minicpm26/shard_000_of_001/formal.jsonl""}"
minicpm26,5,peak_gpu_memory_mb,absent_in_formal_rows_and_bound_receipts,data/responses/formal/minicpm26.jsonl.gz,$.peak_gpu_memory_mb; original source lines 1-155136,0,155136,29154484,data/responses/formal/manifest.json#$.models[1].output_bytes,Stored field coverage; absent measurements remain empty,"{""bound_receipt_values"":[],""first_observed_source_line"":null,""null_rows"":0,""segment_first_line"":1,""segment_last_line"":155136,""size_scope"":""whole consolidated gzip; repeated per field/source, do not sum"",""source_path"":""outputs/raw/acceleration_v4/panel5_food_formal_v4/minicpm26/shard_000_of_001/formal.jsonl""}"
minicpm26,5,max_memory_allocated,absent_in_formal_rows_and_bound_receipts,data/responses/formal/minicpm26.jsonl.gz,$.max_memory_allocated; original source lines 1-155136,0,155136,29154484,data/responses/formal/manifest.json#$.models[1].output_bytes,Stored field coverage; absent measurements remain empty,"{""bound_receipt_values"":[],""first_observed_source_line"":null,""null_rows"":0,""segment_first_line"":1,""segment_last_line"":155136,""size_scope"":""whole consolidated gzip; repeated per field/source, do not sum"",""source_path"":""outputs/raw/acceleration_v4/panel5_food_formal_v4/minicpm26/shard_000_of_001/formal.jsonl""}"
minicpm26,5,cache_hits,absent_in_formal_rows_and_bound_receipts,data/responses/formal/minicpm26.jsonl.gz,$.cache_hits; original source lines 1-155136,0,155136,29154484,data/responses/formal/manifest.json#$.models[1].output_bytes,Stored field coverage; absent measurements remain empty,"{""bound_receipt_values"":[],""first_observed_source_line"":null,""null_rows"":0,""segment_first_line"":1,""segment_last_line"":155136,""size_scope"":""whole consolidated gzip; repeated per field/source, do not sum"",""source_path"":""outputs/raw/acceleration_v4/panel5_food_formal_v4/minicpm26/shard_000_of_001/formal.jsonl""}"
minicpm26,5,cache_misses,absent_in_formal_rows_and_bound_receipts,data/responses/formal/minicpm26.jsonl.gz,$.cache_misses; original source lines 1-155136,0,155136,29154484,data/responses/formal/manifest.json#$.models[1].output_bytes,Stored field coverage; absent measurements remain empty,"{""bound_receipt_values"":[],""first_observed_source_line"":null,""null_rows"":0,""segment_first_line"":1,""segment_last_line"":155136,""size_scope"":""whole consolidated gzip; repeated per field/source, do not sum"",""source_path"":""outputs/raw/acceleration_v4/panel5_food_formal_v4/minicpm26/shard_000_of_001/formal.jsonl""}"
minicpm26,5,cache_bytes,absent_in_formal_rows_and_bound_receipts,data/responses/formal/minicpm26.jsonl.gz,$.cache_bytes; original source lines 1-155136,0,155136,29154484,data/responses/formal/manifest.json#$.models[1].output_bytes,Stored field coverage; absent measurements remain empty,"{""bound_receipt_values"":[],""first_observed_source_line"":null,""null_rows"":0,""segment_first_line"":1,""segment_last_line"":155136,""size_scope"":""whole consolidated gzip; repeated per field/source, do not sum"",""source_path"":""outputs/raw/acceleration_v4/panel5_food_formal_v4/minicpm26/shard_000_of_001/formal.jsonl""}"
minicpm26,5,hardware_identity,present_in_bound_identity,/home/g203-4028/projects/knowledge-deficit-mitigation-archive/20260929/historical_outputs.tar::outputs/raw/acceleration_v4/panel5_food_formal_v4/minicpm26/shard_000_of_001/formal.identity.json,"$.definition.execution.{host,hostname,physical_gpus,gpu_uuids}",155136,155136,,,Execution identity matched to every raw row in this source segment,"{""gpu_uuids"":{""4"":""GPU-8d98e481-b89b-2166-b474-c33d59e0fd3d""},""host"":""4028"",""hostname"":""4028"",""physical_gpus"":[""4""]}"
gemma3_4b,6,wall_s,present_in_formal_rows,data/responses/formal/gemma3_4b.jsonl.gz,$.wall_s; original source lines 1-69795,69795,69795,54042749,data/responses/formal/manifest.json#$.models[2].output_bytes,"Existing per-answer wall_s: perf_counter immediately before image loading through image conversion, prompt/session construction, generation and session cleanup; measured before Ledger.add serialization. Model loading and ledger writing are outside this interval. Prefill/decode are not separated.","{""bound_receipt_values"":[],""first_observed_source_line"":1,""null_rows"":0,""segment_first_line"":1,""segment_last_line"":69795,""size_scope"":""whole consolidated gzip; repeated per field/source, do not sum"",""source_path"":""outputs/raw/acceleration_v4/panel5_food_formal_v4/gemma3_4b/shard_000_of_001/formal.jsonl""}"
gemma3_4b,6,tokens,present_in_formal_rows,data/responses/formal/gemma3_4b.jsonl.gz,$.tokens; original source lines 1-69795,69795,69795,54042749,data/responses/formal/manifest.json#$.models[2].output_bytes,"len(tokens) from the saved token-ID list, including any saved stop/EOS token; no retokenization. sum/mean use only rows with a saved list.","{""bound_receipt_values"":[],""first_observed_source_line"":1,""null_rows"":0,""segment_first_line"":1,""segment_last_line"":69795,""size_scope"":""whole consolidated gzip; repeated per field/source, do not sum"",""source_path"":""outputs/raw/acceleration_v4/panel5_food_formal_v4/gemma3_4b/shard_000_of_001/formal.jsonl""}"
gemma3_4b,6,selected_log_probabilities,present_in_formal_rows,data/responses/formal/gemma3_4b.jsonl.gz,$.selected_log_probabilities; original source lines 1-69795,69795,69795,54042749,data/responses/formal/manifest.json#$.models[2].output_bytes,Stored field coverage; absent measurements remain empty,"{""bound_receipt_values"":[],""first_observed_source_line"":1,""null_rows"":0,""segment_first_line"":1,""segment_last_line"":69795,""size_scope"":""whole consolidated gzip; repeated per field/source, do not sum"",""source_path"":""outputs/raw/acceleration_v4/panel5_food_formal_v4/gemma3_4b/shard_000_of_001/formal.jsonl""}"
gemma3_4b,6,sequence_log_probability,present_in_formal_rows,data/responses/formal/gemma3_4b.jsonl.gz,$.sequence_log_probability; original source lines 1-69795,69795,69795,54042749,data/responses/formal/manifest.json#$.models[2].output_bytes,Stored field coverage; absent measurements remain empty,"{""bound_receipt_values"":[],""first_observed_source_line"":1,""null_rows"":0,""segment_first_line"":1,""segment_last_line"":69795,""size_scope"":""whole consolidated gzip; repeated per field/source, do not sum"",""source_path"":""outputs/raw/acceleration_v4/panel5_food_formal_v4/gemma3_4b/shard_000_of_001/formal.jsonl""}"
gemma3_4b,6,first_probability,present_in_formal_rows,data/responses/formal/gemma3_4b.jsonl.gz,$.first_probability; original source lines 1-69795,69795,69795,54042749,data/responses/formal/manifest.json#$.models[2].output_bytes,Stored field coverage; absent measurements remain empty,"{""bound_receipt_values"":[],""first_observed_source_line"":1,""null_rows"":0,""segment_first_line"":1,""segment_last_line"":69795,""size_scope"":""whole consolidated gzip; repeated per field/source, do not sum"",""source_path"":""outputs/raw/acceleration_v4/panel5_food_formal_v4/gemma3_4b/shard_000_of_001/formal.jsonl""}"
gemma3_4b,6,batch_size,absent_in_formal_rows_and_bound_receipts,data/responses/formal/gemma3_4b.jsonl.gz,$.batch_size; original source lines 1-69795,0,69795,54042749,data/responses/formal/manifest.json#$.models[2].output_bytes,Stored field coverage; absent measurements remain empty,"{""bound_receipt_values"":[],""first_observed_source_line"":null,""null_rows"":0,""segment_first_line"":1,""segment_last_line"":69795,""size_scope"":""whole consolidated gzip; repeated per field/source, do not sum"",""source_path"":""outputs/raw/acceleration_v4/panel5_food_formal_v4/gemma3_4b/shard_000_of_001/formal.jsonl""}"
gemma3_4b,6,prefill_s,absent_in_formal_rows_and_bound_receipts,data/responses/formal/gemma3_4b.jsonl.gz,$.prefill_s; original source lines 1-69795,0,69795,54042749,data/responses/formal/manifest.json#$.models[2].output_bytes,Stored field coverage; absent measurements remain empty,"{""bound_receipt_values"":[],""first_observed_source_line"":null,""null_rows"":0,""segment_first_line"":1,""segment_last_line"":69795,""size_scope"":""whole consolidated gzip; repeated per field/source, do not sum"",""source_path"":""outputs/raw/acceleration_v4/panel5_food_formal_v4/gemma3_4b/shard_000_of_001/formal.jsonl""}"
gemma3_4b,6,prefill_seconds,absent_in_formal_rows_and_bound_receipts,data/responses/formal/gemma3_4b.jsonl.gz,$.prefill_seconds; original source lines 1-69795,0,69795,54042749,data/responses/formal/manifest.json#$.models[2].output_bytes,Stored field coverage; absent measurements remain empty,"{""bound_receipt_values"":[],""first_observed_source_line"":null,""null_rows"":0,""segment_first_line"":1,""segment_last_line"":69795,""size_scope"":""whole consolidated gzip; repeated per field/source, do not sum"",""source_path"":""outputs/raw/acceleration_v4/panel5_food_formal_v4/gemma3_4b/shard_000_of_001/formal.jsonl""}"
gemma3_4b,6,decode_s,absent_in_formal_rows_and_bound_receipts,data/responses/formal/gemma3_4b.jsonl.gz,$.decode_s; original source lines 1-69795,0,69795,54042749,data/responses/formal/manifest.json#$.models[2].output_bytes,Stored field coverage; absent measurements remain empty,"{""bound_receipt_values"":[],""first_observed_source_line"":null,""null_rows"":0,""segment_first_line"":1,""segment_last_line"":69795,""size_scope"":""whole consolidated gzip; repeated per field/source, do not sum"",""source_path"":""outputs/raw/acceleration_v4/panel5_food_formal_v4/gemma3_4b/shard_000_of_001/formal.jsonl""}"
gemma3_4b,6,decode_seconds,absent_in_formal_rows_and_bound_receipts,data/responses/formal/gemma3_4b.jsonl.gz,$.decode_seconds; original source lines 1-69795,0,69795,54042749,data/responses/formal/manifest.json#$.models[2].output_bytes,Stored field coverage; absent measurements remain empty,"{""bound_receipt_values"":[],""first_observed_source_line"":null,""null_rows"":0,""segment_first_line"":1,""segment_last_line"":69795,""size_scope"":""whole consolidated gzip; repeated per field/source, do not sum"",""source_path"":""outputs/raw/acceleration_v4/panel5_food_formal_v4/gemma3_4b/shard_000_of_001/formal.jsonl""}"
gemma3_4b,6,peak_memory_allocated,absent_in_formal_rows_and_bound_receipts,data/responses/formal/gemma3_4b.jsonl.gz,$.peak_memory_allocated; original source lines 1-69795,0,69795,54042749,data/responses/formal/manifest.json#$.models[2].output_bytes,Stored field coverage; absent measurements remain empty,"{""bound_receipt_values"":[],""first_observed_source_line"":null,""null_rows"":0,""segment_first_line"":1,""segment_last_line"":69795,""size_scope"":""whole consolidated gzip; repeated per field/source, do not sum"",""source_path"":""outputs/raw/acceleration_v4/panel5_food_formal_v4/gemma3_4b/shard_000_of_001/formal.jsonl""}"
gemma3_4b,6,peak_memory_bytes,absent_in_formal_rows_and_bound_receipts,data/responses/formal/gemma3_4b.jsonl.gz,$.peak_memory_bytes; original source lines 1-69795,0,69795,54042749,data/responses/formal/manifest.json#$.models[2].output_bytes,Stored field coverage; absent measurements remain empty,"{""bound_receipt_values"":[],""first_observed_source_line"":null,""null_rows"":0,""segment_first_line"":1,""segment_last_line"":69795,""size_scope"":""whole consolidated gzip; repeated per field/source, do not sum"",""source_path"":""outputs/raw/acceleration_v4/panel5_food_formal_v4/gemma3_4b/shard_000_of_001/formal.jsonl""}"
gemma3_4b,6,peak_gpu_memory_mb,absent_in_formal_rows_and_bound_receipts,data/responses/formal/gemma3_4b.jsonl.gz,$.peak_gpu_memory_mb; original source lines 1-69795,0,69795,54042749,data/responses/formal/manifest.json#$.models[2].output_bytes,Stored field coverage; absent measurements remain empty,"{""bound_receipt_values"":[],""first_observed_source_line"":null,""null_rows"":0,""segment_first_line"":1,""segment_last_line"":69795,""size_scope"":""whole consolidated gzip; repeated per field/source, do not sum"",""source_path"":""outputs/raw/acceleration_v4/panel5_food_formal_v4/gemma3_4b/shard_000_of_001/formal.jsonl""}"
gemma3_4b,6,max_memory_allocated,absent_in_formal_rows_and_bound_receipts,data/responses/formal/gemma3_4b.jsonl.gz,$.max_memory_allocated; original source lines 1-69795,0,69795,54042749,data/responses/formal/manifest.json#$.models[2].output_bytes,Stored field coverage; absent measurements remain empty,"{""bound_receipt_values"":[],""first_observed_source_line"":null,""null_rows"":0,""segment_first_line"":1,""segment_last_line"":69795,""size_scope"":""whole consolidated gzip; repeated per field/source, do not sum"",""source_path"":""outputs/raw/acceleration_v4/panel5_food_formal_v4/gemma3_4b/shard_000_of_001/formal.jsonl""}"
gemma3_4b,6,cache_hits,absent_in_formal_rows_and_bound_receipts,data/responses/formal/gemma3_4b.jsonl.gz,$.cache_hits; original source lines 1-69795,0,69795,54042749,data/responses/formal/manifest.json#$.models[2].output_bytes,Stored field coverage; absent measurements remain empty,"{""bound_receipt_values"":[],""first_observed_source_line"":null,""null_rows"":0,""segment_first_line"":1,""segment_last_line"":69795,""size_scope"":""whole consolidated gzip; repeated per field/source, do not sum"",""source_path"":""outputs/raw/acceleration_v4/panel5_food_formal_v4/gemma3_4b/shard_000_of_001/formal.jsonl""}"
gemma3_4b,6,cache_misses,absent_in_formal_rows_and_bound_receipts,data/responses/formal/gemma3_4b.jsonl.gz,$.cache_misses; original source lines 1-69795,0,69795,54042749,data/responses/formal/manifest.json#$.models[2].output_bytes,Stored field coverage; absent measurements remain empty,"{""bound_receipt_values"":[],""first_observed_source_line"":null,""null_rows"":0,""segment_first_line"":1,""segment_last_line"":69795,""size_scope"":""whole consolidated gzip; repeated per field/source, do not sum"",""source_path"":""outputs/raw/acceleration_v4/panel5_food_formal_v4/gemma3_4b/shard_000_of_001/formal.jsonl""}"
gemma3_4b,6,cache_bytes,absent_in_formal_rows_and_bound_receipts,data/responses/formal/gemma3_4b.jsonl.gz,$.cache_bytes; original source lines 1-69795,0,69795,54042749,data/responses/formal/manifest.json#$.models[2].output_bytes,Stored field coverage; absent measurements remain empty,"{""bound_receipt_values"":[],""first_observed_source_line"":null,""null_rows"":0,""segment_first_line"":1,""segment_last_line"":69795,""size_scope"":""whole consolidated gzip; repeated per field/source, do not sum"",""source_path"":""outputs/raw/acceleration_v4/panel5_food_formal_v4/gemma3_4b/shard_000_of_001/formal.jsonl""}"
gemma3_4b,6,hardware_identity,present_in_bound_identity,/home/g203-4028/projects/knowledge-deficit-mitigation-archive/20260929/historical_outputs.tar::outputs/raw/acceleration_v4/panel5_food_formal_v4/gemma3_4b/shard_000_of_001/formal.identity.json,"$.definition.execution.{host,hostname,physical_gpus,gpu_uuids}",69795,69795,,,Execution identity matched to every raw row in this source segment,"{""gpu_uuids"":{""5"":""GPU-a56bc7bd-eeab-b2a3-2d92-9f27816ffe6d""},""host"":""4028"",""hostname"":""4028"",""physical_gpus"":[""5""]}"
gemma3_4b,7,wall_s,present_in_formal_rows,data/responses/formal/gemma3_4b.jsonl.gz,$.wall_s; original source lines 1-19487,19487,19487,54042749,data/responses/formal/manifest.json#$.models[2].output_bytes,"Existing per-answer wall_s: perf_counter immediately before image loading through image conversion, prompt/session construction, generation and session cleanup; measured before Ledger.add serialization. Model loading and ledger writing are outside this interval. Prefill/decode are not separated.","{""bound_receipt_values"":[],""first_observed_source_line"":1,""null_rows"":0,""segment_first_line"":69796,""segment_last_line"":89282,""size_scope"":""whole consolidated gzip; repeated per field/source, do not sum"",""source_path"":""outputs/raw/formal_crosshost_v2/sealed_gemma_20260926_v3/gemma3_4b/part_000/formal.jsonl""}"
gemma3_4b,7,tokens,present_in_formal_rows,data/responses/formal/gemma3_4b.jsonl.gz,$.tokens; original source lines 1-19487,19487,19487,54042749,data/responses/formal/manifest.json#$.models[2].output_bytes,"len(tokens) from the saved token-ID list, including any saved stop/EOS token; no retokenization. sum/mean use only rows with a saved list.","{""bound_receipt_values"":[],""first_observed_source_line"":1,""null_rows"":0,""segment_first_line"":69796,""segment_last_line"":89282,""size_scope"":""whole consolidated gzip; repeated per field/source, do not sum"",""source_path"":""outputs/raw/formal_crosshost_v2/sealed_gemma_20260926_v3/gemma3_4b/part_000/formal.jsonl""}"
gemma3_4b,7,selected_log_probabilities,present_in_formal_rows,data/responses/formal/gemma3_4b.jsonl.gz,$.selected_log_probabilities; original source lines 1-19487,19487,19487,54042749,data/responses/formal/manifest.json#$.models[2].output_bytes,Stored field coverage; absent measurements remain empty,"{""bound_receipt_values"":[],""first_observed_source_line"":1,""null_rows"":0,""segment_first_line"":69796,""segment_last_line"":89282,""size_scope"":""whole consolidated gzip; repeated per field/source, do not sum"",""source_path"":""outputs/raw/formal_crosshost_v2/sealed_gemma_20260926_v3/gemma3_4b/part_000/formal.jsonl""}"
gemma3_4b,7,sequence_log_probability,present_in_formal_rows,data/responses/formal/gemma3_4b.jsonl.gz,$.sequence_log_probability; original source lines 1-19487,19487,19487,54042749,data/responses/formal/manifest.json#$.models[2].output_bytes,Stored field coverage; absent measurements remain empty,"{""bound_receipt_values"":[],""first_observed_source_line"":1,""null_rows"":0,""segment_first_line"":69796,""segment_last_line"":89282,""size_scope"":""whole consolidated gzip; repeated per field/source, do not sum"",""source_path"":""outputs/raw/formal_crosshost_v2/sealed_gemma_20260926_v3/gemma3_4b/part_000/formal.jsonl""}"
gemma3_4b,7,first_probability,present_in_formal_rows,data/responses/formal/gemma3_4b.jsonl.gz,$.first_probability; original source lines 1-19487,19487,19487,54042749,data/responses/formal/manifest.json#$.models[2].output_bytes,Stored field coverage; absent measurements remain empty,"{""bound_receipt_values"":[],""first_observed_source_line"":1,""null_rows"":0,""segment_first_line"":69796,""segment_last_line"":89282,""size_scope"":""whole consolidated gzip; repeated per field/source, do not sum"",""source_path"":""outputs/raw/formal_crosshost_v2/sealed_gemma_20260926_v3/gemma3_4b/part_000/formal.jsonl""}"
gemma3_4b,7,batch_size,absent_in_formal_rows_and_bound_receipts,data/responses/formal/gemma3_4b.jsonl.gz,$.batch_size; original source lines 1-19487,0,19487,54042749,data/responses/formal/manifest.json#$.models[2].output_bytes,Stored field coverage; absent measurements remain empty,"{""bound_receipt_values"":[],""first_observed_source_line"":null,""null_rows"":0,""segment_first_line"":69796,""segment_last_line"":89282,""size_scope"":""whole consolidated gzip; repeated per field/source, do not sum"",""source_path"":""outputs/raw/formal_crosshost_v2/sealed_gemma_20260926_v3/gemma3_4b/part_000/formal.jsonl""}"
gemma3_4b,7,prefill_s,absent_in_formal_rows_and_bound_receipts,data/responses/formal/gemma3_4b.jsonl.gz,$.prefill_s; original source lines 1-19487,0,19487,54042749,data/responses/formal/manifest.json#$.models[2].output_bytes,Stored field coverage; absent measurements remain empty,"{""bound_receipt_values"":[],""first_observed_source_line"":null,""null_rows"":0,""segment_first_line"":69796,""segment_last_line"":89282,""size_scope"":""whole consolidated gzip; repeated per field/source, do not sum"",""source_path"":""outputs/raw/formal_crosshost_v2/sealed_gemma_20260926_v3/gemma3_4b/part_000/formal.jsonl""}"
gemma3_4b,7,prefill_seconds,absent_in_formal_rows_and_bound_receipts,data/responses/formal/gemma3_4b.jsonl.gz,$.prefill_seconds; original source lines 1-19487,0,19487,54042749,data/responses/formal/manifest.json#$.models[2].output_bytes,Stored field coverage; absent measurements remain empty,"{""bound_receipt_values"":[],""first_observed_source_line"":null,""null_rows"":0,""segment_first_line"":69796,""segment_last_line"":89282,""size_scope"":""whole consolidated gzip; repeated per field/source, do not sum"",""source_path"":""outputs/raw/formal_crosshost_v2/sealed_gemma_20260926_v3/gemma3_4b/part_000/formal.jsonl""}"
gemma3_4b,7,decode_s,absent_in_formal_rows_and_bound_receipts,data/responses/formal/gemma3_4b.jsonl.gz,$.decode_s; original source lines 1-19487,0,19487,54042749,data/responses/formal/manifest.json#$.models[2].output_bytes,Stored field coverage; absent measurements remain empty,"{""bound_receipt_values"":[],""first_observed_source_line"":null,""null_rows"":0,""segment_first_line"":69796,""segment_last_line"":89282,""size_scope"":""whole consolidated gzip; repeated per field/source, do not sum"",""source_path"":""outputs/raw/formal_crosshost_v2/sealed_gemma_20260926_v3/gemma3_4b/part_000/formal.jsonl""}"
gemma3_4b,7,decode_seconds,absent_in_formal_rows_and_bound_receipts,data/responses/formal/gemma3_4b.jsonl.gz,$.decode_seconds; original source lines 1-19487,0,19487,54042749,data/responses/formal/manifest.json#$.models[2].output_bytes,Stored field coverage; absent measurements remain empty,"{""bound_receipt_values"":[],""first_observed_source_line"":null,""null_rows"":0,""segment_first_line"":69796,""segment_last_line"":89282,""size_scope"":""whole consolidated gzip; repeated per field/source, do not sum"",""source_path"":""outputs/raw/formal_crosshost_v2/sealed_gemma_20260926_v3/gemma3_4b/part_000/formal.jsonl""}"
gemma3_4b,7,peak_memory_allocated,absent_in_formal_rows_and_bound_receipts,data/responses/formal/gemma3_4b.jsonl.gz,$.peak_memory_allocated; original source lines 1-19487,0,19487,54042749,data/responses/formal/manifest.json#$.models[2].output_bytes,Stored field coverage; absent measurements remain empty,"{""bound_receipt_values"":[],""first_observed_source_line"":null,""null_rows"":0,""segment_first_line"":69796,""segment_last_line"":89282,""size_scope"":""whole consolidated gzip; repeated per field/source, do not sum"",""source_path"":""outputs/raw/formal_crosshost_v2/sealed_gemma_20260926_v3/gemma3_4b/part_000/formal.jsonl""}"
gemma3_4b,7,peak_memory_bytes,absent_in_formal_rows_and_bound_receipts,data/responses/formal/gemma3_4b.jsonl.gz,$.peak_memory_bytes; original source lines 1-19487,0,19487,54042749,data/responses/formal/manifest.json#$.models[2].output_bytes,Stored field coverage; absent measurements remain empty,"{""bound_receipt_values"":[],""first_observed_source_line"":null,""null_rows"":0,""segment_first_line"":69796,""segment_last_line"":89282,""size_scope"":""whole consolidated gzip; repeated per field/source, do not sum"",""source_path"":""outputs/raw/formal_crosshost_v2/sealed_gemma_20260926_v3/gemma3_4b/part_000/formal.jsonl""}"
gemma3_4b,7,peak_gpu_memory_mb,absent_in_formal_rows_and_bound_receipts,data/responses/formal/gemma3_4b.jsonl.gz,$.peak_gpu_memory_mb; original source lines 1-19487,0,19487,54042749,data/responses/formal/manifest.json#$.models[2].output_bytes,Stored field coverage; absent measurements remain empty,"{""bound_receipt_values"":[],""first_observed_source_line"":null,""null_rows"":0,""segment_first_line"":69796,""segment_last_line"":89282,""size_scope"":""whole consolidated gzip; repeated per field/source, do not sum"",""source_path"":""outputs/raw/formal_crosshost_v2/sealed_gemma_20260926_v3/gemma3_4b/part_000/formal.jsonl""}"
gemma3_4b,7,max_memory_allocated,absent_in_formal_rows_and_bound_receipts,data/responses/formal/gemma3_4b.jsonl.gz,$.max_memory_allocated; original source lines 1-19487,0,19487,54042749,data/responses/formal/manifest.json#$.models[2].output_bytes,Stored field coverage; absent measurements remain empty,"{""bound_receipt_values"":[],""first_observed_source_line"":null,""null_rows"":0,""segment_first_line"":69796,""segment_last_line"":89282,""size_scope"":""whole consolidated gzip; repeated per field/source, do not sum"",""source_path"":""outputs/raw/formal_crosshost_v2/sealed_gemma_20260926_v3/gemma3_4b/part_000/formal.jsonl""}"
gemma3_4b,7,cache_hits,absent_in_formal_rows_and_bound_receipts,data/responses/formal/gemma3_4b.jsonl.gz,$.cache_hits; original source lines 1-19487,0,19487,54042749,data/responses/formal/manifest.json#$.models[2].output_bytes,Stored field coverage; absent measurements remain empty,"{""bound_receipt_values"":[],""first_observed_source_line"":null,""null_rows"":0,""segment_first_line"":69796,""segment_last_line"":89282,""size_scope"":""whole consolidated gzip; repeated per field/source, do not sum"",""source_path"":""outputs/raw/formal_crosshost_v2/sealed_gemma_20260926_v3/gemma3_4b/part_000/formal.jsonl""}"
gemma3_4b,7,cache_misses,absent_in_formal_rows_and_bound_receipts,data/responses/formal/gemma3_4b.jsonl.gz,$.cache_misses; original source lines 1-19487,0,19487,54042749,data/responses/formal/manifest.json#$.models[2].output_bytes,Stored field coverage; absent measurements remain empty,"{""bound_receipt_values"":[],""first_observed_source_line"":null,""null_rows"":0,""segment_first_line"":69796,""segment_last_line"":89282,""size_scope"":""whole consolidated gzip; repeated per field/source, do not sum"",""source_path"":""outputs/raw/formal_crosshost_v2/sealed_gemma_20260926_v3/gemma3_4b/part_000/formal.jsonl""}"
gemma3_4b,7,cache_bytes,absent_in_formal_rows_and_bound_receipts,data/responses/formal/gemma3_4b.jsonl.gz,$.cache_bytes; original source lines 1-19487,0,19487,54042749,data/responses/formal/manifest.json#$.models[2].output_bytes,Stored field coverage; absent measurements remain empty,"{""bound_receipt_values"":[],""first_observed_source_line"":null,""null_rows"":0,""segment_first_line"":69796,""segment_last_line"":89282,""size_scope"":""whole consolidated gzip; repeated per field/source, do not sum"",""source_path"":""outputs/raw/formal_crosshost_v2/sealed_gemma_20260926_v3/gemma3_4b/part_000/formal.jsonl""}"
gemma3_4b,7,hardware_identity,present_in_bound_identity,/home/g203-4028/projects/knowledge-deficit-mitigation-archive/20260929/historical_outputs.tar::outputs/raw/formal_crosshost_v2/sealed_gemma_20260926_v3/gemma3_4b/part_000/formal.identity.json,"$.definition.execution.{host,hostname,physical_gpus,gpu_uuids}",19487,19487,,,Execution identity matched to every raw row in this source segment,"{""gpu_uuids"":{""0"":""GPU-5a0d331f-afba-237f-fde6-762a8b1ff2f3""},""host"":""4028"",""hostname"":""4028"",""physical_gpus"":[""0""]}"
gemma3_4b,8,wall_s,present_in_formal_rows,data/responses/formal/gemma3_4b.jsonl.gz,$.wall_s; original source lines 1-19487,19487,19487,54042749,data/responses/formal/manifest.json#$.models[2].output_bytes,"Existing per-answer wall_s: perf_counter immediately before image loading through image conversion, prompt/session construction, generation and session cleanup; measured before Ledger.add serialization. Model loading and ledger writing are outside this interval. Prefill/decode are not separated.","{""bound_receipt_values"":[],""first_observed_source_line"":1,""null_rows"":0,""segment_first_line"":89283,""segment_last_line"":108769,""size_scope"":""whole consolidated gzip; repeated per field/source, do not sum"",""source_path"":""outputs/raw/formal_crosshost_v2/sealed_gemma_20260926_v3/gemma3_4b/part_001/formal.jsonl""}"
gemma3_4b,8,tokens,present_in_formal_rows,data/responses/formal/gemma3_4b.jsonl.gz,$.tokens; original source lines 1-19487,19487,19487,54042749,data/responses/formal/manifest.json#$.models[2].output_bytes,"len(tokens) from the saved token-ID list, including any saved stop/EOS token; no retokenization. sum/mean use only rows with a saved list.","{""bound_receipt_values"":[],""first_observed_source_line"":1,""null_rows"":0,""segment_first_line"":89283,""segment_last_line"":108769,""size_scope"":""whole consolidated gzip; repeated per field/source, do not sum"",""source_path"":""outputs/raw/formal_crosshost_v2/sealed_gemma_20260926_v3/gemma3_4b/part_001/formal.jsonl""}"
gemma3_4b,8,selected_log_probabilities,present_in_formal_rows,data/responses/formal/gemma3_4b.jsonl.gz,$.selected_log_probabilities; original source lines 1-19487,19487,19487,54042749,data/responses/formal/manifest.json#$.models[2].output_bytes,Stored field coverage; absent measurements remain empty,"{""bound_receipt_values"":[],""first_observed_source_line"":1,""null_rows"":0,""segment_first_line"":89283,""segment_last_line"":108769,""size_scope"":""whole consolidated gzip; repeated per field/source, do not sum"",""source_path"":""outputs/raw/formal_crosshost_v2/sealed_gemma_20260926_v3/gemma3_4b/part_001/formal.jsonl""}"
gemma3_4b,8,sequence_log_probability,present_in_formal_rows,data/responses/formal/gemma3_4b.jsonl.gz,$.sequence_log_probability; original source lines 1-19487,19487,19487,54042749,data/responses/formal/manifest.json#$.models[2].output_bytes,Stored field coverage; absent measurements remain empty,"{""bound_receipt_values"":[],""first_observed_source_line"":1,""null_rows"":0,""segment_first_line"":89283,""segment_last_line"":108769,""size_scope"":""whole consolidated gzip; repeated per field/source, do not sum"",""source_path"":""outputs/raw/formal_crosshost_v2/sealed_gemma_20260926_v3/gemma3_4b/part_001/formal.jsonl""}"
gemma3_4b,8,first_probability,present_in_formal_rows,data/responses/formal/gemma3_4b.jsonl.gz,$.first_probability; original source lines 1-19487,19487,19487,54042749,data/responses/formal/manifest.json#$.models[2].output_bytes,Stored field coverage; absent measurements remain empty,"{""bound_receipt_values"":[],""first_observed_source_line"":1,""null_rows"":0,""segment_first_line"":89283,""segment_last_line"":108769,""size_scope"":""whole consolidated gzip; repeated per field/source, do not sum"",""source_path"":""outputs/raw/formal_crosshost_v2/sealed_gemma_20260926_v3/gemma3_4b/part_001/formal.jsonl""}"
gemma3_4b,8,batch_size,absent_in_formal_rows_and_bound_receipts,data/responses/formal/gemma3_4b.jsonl.gz,$.batch_size; original source lines 1-19487,0,19487,54042749,data/responses/formal/manifest.json#$.models[2].output_bytes,Stored field coverage; absent measurements remain empty,"{""bound_receipt_values"":[],""first_observed_source_line"":null,""null_rows"":0,""segment_first_line"":89283,""segment_last_line"":108769,""size_scope"":""whole consolidated gzip; repeated per field/source, do not sum"",""source_path"":""outputs/raw/formal_crosshost_v2/sealed_gemma_20260926_v3/gemma3_4b/part_001/formal.jsonl""}"
gemma3_4b,8,prefill_s,absent_in_formal_rows_and_bound_receipts,data/responses/formal/gemma3_4b.jsonl.gz,$.prefill_s; original source lines 1-19487,0,19487,54042749,data/responses/formal/manifest.json#$.models[2].output_bytes,Stored field coverage; absent measurements remain empty,"{""bound_receipt_values"":[],""first_observed_source_line"":null,""null_rows"":0,""segment_first_line"":89283,""segment_last_line"":108769,""size_scope"":""whole consolidated gzip; repeated per field/source, do not sum"",""source_path"":""outputs/raw/formal_crosshost_v2/sealed_gemma_20260926_v3/gemma3_4b/part_001/formal.jsonl""}"
gemma3_4b,8,prefill_seconds,absent_in_formal_rows_and_bound_receipts,data/responses/formal/gemma3_4b.jsonl.gz,$.prefill_seconds; original source lines 1-19487,0,19487,54042749,data/responses/formal/manifest.json#$.models[2].output_bytes,Stored field coverage; absent measurements remain empty,"{""bound_receipt_values"":[],""first_observed_source_line"":null,""null_rows"":0,""segment_first_line"":89283,""segment_last_line"":108769,""size_scope"":""whole consolidated gzip; repeated per field/source, do not sum"",""source_path"":""outputs/raw/formal_crosshost_v2/sealed_gemma_20260926_v3/gemma3_4b/part_001/formal.jsonl""}"
gemma3_4b,8,decode_s,absent_in_formal_rows_and_bound_receipts,data/responses/formal/gemma3_4b.jsonl.gz,$.decode_s; original source lines 1-19487,0,19487,54042749,data/responses/formal/manifest.json#$.models[2].output_bytes,Stored field coverage; absent measurements remain empty,"{""bound_receipt_values"":[],""first_observed_source_line"":null,""null_rows"":0,""segment_first_line"":89283,""segment_last_line"":108769,""size_scope"":""whole consolidated gzip; repeated per field/source, do not sum"",""source_path"":""outputs/raw/formal_crosshost_v2/sealed_gemma_20260926_v3/gemma3_4b/part_001/formal.jsonl""}"
gemma3_4b,8,decode_seconds,absent_in_formal_rows_and_bound_receipts,data/responses/formal/gemma3_4b.jsonl.gz,$.decode_seconds; original source lines 1-19487,0,19487,54042749,data/responses/formal/manifest.json#$.models[2].output_bytes,Stored field coverage; absent measurements remain empty,"{""bound_receipt_values"":[],""first_observed_source_line"":null,""null_rows"":0,""segment_first_line"":89283,""segment_last_line"":108769,""size_scope"":""whole consolidated gzip; repeated per field/source, do not sum"",""source_path"":""outputs/raw/formal_crosshost_v2/sealed_gemma_20260926_v3/gemma3_4b/part_001/formal.jsonl""}"
gemma3_4b,8,peak_memory_allocated,absent_in_formal_rows_and_bound_receipts,data/responses/formal/gemma3_4b.jsonl.gz,$.peak_memory_allocated; original source lines 1-19487,0,19487,54042749,data/responses/formal/manifest.json#$.models[2].output_bytes,Stored field coverage; absent measurements remain empty,"{""bound_receipt_values"":[],""first_observed_source_line"":null,""null_rows"":0,""segment_first_line"":89283,""segment_last_line"":108769,""size_scope"":""whole consolidated gzip; repeated per field/source, do not sum"",""source_path"":""outputs/raw/formal_crosshost_v2/sealed_gemma_20260926_v3/gemma3_4b/part_001/formal.jsonl""}"
gemma3_4b,8,peak_memory_bytes,absent_in_formal_rows_and_bound_receipts,data/responses/formal/gemma3_4b.jsonl.gz,$.peak_memory_bytes; original source lines 1-19487,0,19487,54042749,data/responses/formal/manifest.json#$.models[2].output_bytes,Stored field coverage; absent measurements remain empty,"{""bound_receipt_values"":[],""first_observed_source_line"":null,""null_rows"":0,""segment_first_line"":89283,""segment_last_line"":108769,""size_scope"":""whole consolidated gzip; repeated per field/source, do not sum"",""source_path"":""outputs/raw/formal_crosshost_v2/sealed_gemma_20260926_v3/gemma3_4b/part_001/formal.jsonl""}"
gemma3_4b,8,peak_gpu_memory_mb,absent_in_formal_rows_and_bound_receipts,data/responses/formal/gemma3_4b.jsonl.gz,$.peak_gpu_memory_mb; original source lines 1-19487,0,19487,54042749,data/responses/formal/manifest.json#$.models[2].output_bytes,Stored field coverage; absent measurements remain empty,"{""bound_receipt_values"":[],""first_observed_source_line"":null,""null_rows"":0,""segment_first_line"":89283,""segment_last_line"":108769,""size_scope"":""whole consolidated gzip; repeated per field/source, do not sum"",""source_path"":""outputs/raw/formal_crosshost_v2/sealed_gemma_20260926_v3/gemma3_4b/part_001/formal.jsonl""}"
gemma3_4b,8,max_memory_allocated,absent_in_formal_rows_and_bound_receipts,data/responses/formal/gemma3_4b.jsonl.gz,$.max_memory_allocated; original source lines 1-19487,0,19487,54042749,data/responses/formal/manifest.json#$.models[2].output_bytes,Stored field coverage; absent measurements remain empty,"{""bound_receipt_values"":[],""first_observed_source_line"":null,""null_rows"":0,""segment_first_line"":89283,""segment_last_line"":108769,""size_scope"":""whole consolidated gzip; repeated per field/source, do not sum"",""source_path"":""outputs/raw/formal_crosshost_v2/sealed_gemma_20260926_v3/gemma3_4b/part_001/formal.jsonl""}"
gemma3_4b,8,cache_hits,absent_in_formal_rows_and_bound_receipts,data/responses/formal/gemma3_4b.jsonl.gz,$.cache_hits; original source lines 1-19487,0,19487,54042749,data/responses/formal/manifest.json#$.models[2].output_bytes,Stored field coverage; absent measurements remain empty,"{""bound_receipt_values"":[],""first_observed_source_line"":null,""null_rows"":0,""segment_first_line"":89283,""segment_last_line"":108769,""size_scope"":""whole consolidated gzip; repeated per field/source, do not sum"",""source_path"":""outputs/raw/formal_crosshost_v2/sealed_gemma_20260926_v3/gemma3_4b/part_001/formal.jsonl""}"
gemma3_4b,8,cache_misses,absent_in_formal_rows_and_bound_receipts,data/responses/formal/gemma3_4b.jsonl.gz,$.cache_misses; original source lines 1-19487,0,19487,54042749,data/responses/formal/manifest.json#$.models[2].output_bytes,Stored field coverage; absent measurements remain empty,"{""bound_receipt_values"":[],""first_observed_source_line"":null,""null_rows"":0,""segment_first_line"":89283,""segment_last_line"":108769,""size_scope"":""whole consolidated gzip; repeated per field/source, do not sum"",""source_path"":""outputs/raw/formal_crosshost_v2/sealed_gemma_20260926_v3/gemma3_4b/part_001/formal.jsonl""}"
gemma3_4b,8,cache_bytes,absent_in_formal_rows_and_bound_receipts,data/responses/formal/gemma3_4b.jsonl.gz,$.cache_bytes; original source lines 1-19487,0,19487,54042749,data/responses/formal/manifest.json#$.models[2].output_bytes,Stored field coverage; absent measurements remain empty,"{""bound_receipt_values"":[],""first_observed_source_line"":null,""null_rows"":0,""segment_first_line"":89283,""segment_last_line"":108769,""size_scope"":""whole consolidated gzip; repeated per field/source, do not sum"",""source_path"":""outputs/raw/formal_crosshost_v2/sealed_gemma_20260926_v3/gemma3_4b/part_001/formal.jsonl""}"
gemma3_4b,8,hardware_identity,present_in_bound_identity,/home/g203-4028/projects/knowledge-deficit-mitigation-archive/20260929/historical_outputs.tar::outputs/raw/formal_crosshost_v2/sealed_gemma_20260926_v3/gemma3_4b/part_001/formal.identity.json,"$.definition.execution.{host,hostname,physical_gpus,gpu_uuids}",19487,19487,,,Execution identity matched to every raw row in this source segment,"{""gpu_uuids"":{""1"":""GPU-c6e6bac7-6035-192a-1e14-0c49903fbc4e""},""host"":""4028"",""hostname"":""4028"",""physical_gpus"":[""1""]}"
gemma3_4b,9,wall_s,present_in_formal_rows,data/responses/formal/gemma3_4b.jsonl.gz,$.wall_s; original source lines 1-19486,19486,19486,54042749,data/responses/formal/manifest.json#$.models[2].output_bytes,"Existing per-answer wall_s: perf_counter immediately before image loading through image conversion, prompt/session construction, generation and session cleanup; measured before Ledger.add serialization. Model loading and ledger writing are outside this interval. Prefill/decode are not separated.","{""bound_receipt_values"":[],""first_observed_source_line"":1,""null_rows"":0,""segment_first_line"":108770,""segment_last_line"":128255,""size_scope"":""whole consolidated gzip; repeated per field/source, do not sum"",""source_path"":""outputs/raw/formal_crosshost_v2/sealed_gemma_20260926_v3/gemma3_4b/part_002/formal.jsonl""}"
gemma3_4b,9,tokens,present_in_formal_rows,data/responses/formal/gemma3_4b.jsonl.gz,$.tokens; original source lines 1-19486,19486,19486,54042749,data/responses/formal/manifest.json#$.models[2].output_bytes,"len(tokens) from the saved token-ID list, including any saved stop/EOS token; no retokenization. sum/mean use only rows with a saved list.","{""bound_receipt_values"":[],""first_observed_source_line"":1,""null_rows"":0,""segment_first_line"":108770,""segment_last_line"":128255,""size_scope"":""whole consolidated gzip; repeated per field/source, do not sum"",""source_path"":""outputs/raw/formal_crosshost_v2/sealed_gemma_20260926_v3/gemma3_4b/part_002/formal.jsonl""}"
gemma3_4b,9,selected_log_probabilities,present_in_formal_rows,data/responses/formal/gemma3_4b.jsonl.gz,$.selected_log_probabilities; original source lines 1-19486,19486,19486,54042749,data/responses/formal/manifest.json#$.models[2].output_bytes,Stored field coverage; absent measurements remain empty,"{""bound_receipt_values"":[],""first_observed_source_line"":1,""null_rows"":0,""segment_first_line"":108770,""segment_last_line"":128255,""size_scope"":""whole consolidated gzip; repeated per field/source, do not sum"",""source_path"":""outputs/raw/formal_crosshost_v2/sealed_gemma_20260926_v3/gemma3_4b/part_002/formal.jsonl""}"
gemma3_4b,9,sequence_log_probability,present_in_formal_rows,data/responses/formal/gemma3_4b.jsonl.gz,$.sequence_log_probability; original source lines 1-19486,19486,19486,54042749,data/responses/formal/manifest.json#$.models[2].output_bytes,Stored field coverage; absent measurements remain empty,"{""bound_receipt_values"":[],""first_observed_source_line"":1,""null_rows"":0,""segment_first_line"":108770,""segment_last_line"":128255,""size_scope"":""whole consolidated gzip; repeated per field/source, do not sum"",""source_path"":""outputs/raw/formal_crosshost_v2/sealed_gemma_20260926_v3/gemma3_4b/part_002/formal.jsonl""}"
gemma3_4b,9,first_probability,present_in_formal_rows,data/responses/formal/gemma3_4b.jsonl.gz,$.first_probability; original source lines 1-19486,19486,19486,54042749,data/responses/formal/manifest.json#$.models[2].output_bytes,Stored field coverage; absent measurements remain empty,"{""bound_receipt_values"":[],""first_observed_source_line"":1,""null_rows"":0,""segment_first_line"":108770,""segment_last_line"":128255,""size_scope"":""whole consolidated gzip; repeated per field/source, do not sum"",""source_path"":""outputs/raw/formal_crosshost_v2/sealed_gemma_20260926_v3/gemma3_4b/part_002/formal.jsonl""}"
gemma3_4b,9,batch_size,absent_in_formal_rows_and_bound_receipts,data/responses/formal/gemma3_4b.jsonl.gz,$.batch_size; original source lines 1-19486,0,19486,54042749,data/responses/formal/manifest.json#$.models[2].output_bytes,Stored field coverage; absent measurements remain empty,"{""bound_receipt_values"":[],""first_observed_source_line"":null,""null_rows"":0,""segment_first_line"":108770,""segment_last_line"":128255,""size_scope"":""whole consolidated gzip; repeated per field/source, do not sum"",""source_path"":""outputs/raw/formal_crosshost_v2/sealed_gemma_20260926_v3/gemma3_4b/part_002/formal.jsonl""}"
gemma3_4b,9,prefill_s,absent_in_formal_rows_and_bound_receipts,data/responses/formal/gemma3_4b.jsonl.gz,$.prefill_s; original source lines 1-19486,0,19486,54042749,data/responses/formal/manifest.json#$.models[2].output_bytes,Stored field coverage; absent measurements remain empty,"{""bound_receipt_values"":[],""first_observed_source_line"":null,""null_rows"":0,""segment_first_line"":108770,""segment_last_line"":128255,""size_scope"":""whole consolidated gzip; repeated per field/source, do not sum"",""source_path"":""outputs/raw/formal_crosshost_v2/sealed_gemma_20260926_v3/gemma3_4b/part_002/formal.jsonl""}"
gemma3_4b,9,prefill_seconds,absent_in_formal_rows_and_bound_receipts,data/responses/formal/gemma3_4b.jsonl.gz,$.prefill_seconds; original source lines 1-19486,0,19486,54042749,data/responses/formal/manifest.json#$.models[2].output_bytes,Stored field coverage; absent measurements remain empty,"{""bound_receipt_values"":[],""first_observed_source_line"":null,""null_rows"":0,""segment_first_line"":108770,""segment_last_line"":128255,""size_scope"":""whole consolidated gzip; repeated per field/source, do not sum"",""source_path"":""outputs/raw/formal_crosshost_v2/sealed_gemma_20260926_v3/gemma3_4b/part_002/formal.jsonl""}"
gemma3_4b,9,decode_s,absent_in_formal_rows_and_bound_receipts,data/responses/formal/gemma3_4b.jsonl.gz,$.decode_s; original source lines 1-19486,0,19486,54042749,data/responses/formal/manifest.json#$.models[2].output_bytes,Stored field coverage; absent measurements remain empty,"{""bound_receipt_values"":[],""first_observed_source_line"":null,""null_rows"":0,""segment_first_line"":108770,""segment_last_line"":128255,""size_scope"":""whole consolidated gzip; repeated per field/source, do not sum"",""source_path"":""outputs/raw/formal_crosshost_v2/sealed_gemma_20260926_v3/gemma3_4b/part_002/formal.jsonl""}"
gemma3_4b,9,decode_seconds,absent_in_formal_rows_and_bound_receipts,data/responses/formal/gemma3_4b.jsonl.gz,$.decode_seconds; original source lines 1-19486,0,19486,54042749,data/responses/formal/manifest.json#$.models[2].output_bytes,Stored field coverage; absent measurements remain empty,"{""bound_receipt_values"":[],""first_observed_source_line"":null,""null_rows"":0,""segment_first_line"":108770,""segment_last_line"":128255,""size_scope"":""whole consolidated gzip; repeated per field/source, do not sum"",""source_path"":""outputs/raw/formal_crosshost_v2/sealed_gemma_20260926_v3/gemma3_4b/part_002/formal.jsonl""}"
gemma3_4b,9,peak_memory_allocated,absent_in_formal_rows_and_bound_receipts,data/responses/formal/gemma3_4b.jsonl.gz,$.peak_memory_allocated; original source lines 1-19486,0,19486,54042749,data/responses/formal/manifest.json#$.models[2].output_bytes,Stored field coverage; absent measurements remain empty,"{""bound_receipt_values"":[],""first_observed_source_line"":null,""null_rows"":0,""segment_first_line"":108770,""segment_last_line"":128255,""size_scope"":""whole consolidated gzip; repeated per field/source, do not sum"",""source_path"":""outputs/raw/formal_crosshost_v2/sealed_gemma_20260926_v3/gemma3_4b/part_002/formal.jsonl""}"
gemma3_4b,9,peak_memory_bytes,absent_in_formal_rows_and_bound_receipts,data/responses/formal/gemma3_4b.jsonl.gz,$.peak_memory_bytes; original source lines 1-19486,0,19486,54042749,data/responses/formal/manifest.json#$.models[2].output_bytes,Stored field coverage; absent measurements remain empty,"{""bound_receipt_values"":[],""first_observed_source_line"":null,""null_rows"":0,""segment_first_line"":108770,""segment_last_line"":128255,""size_scope"":""whole consolidated gzip; repeated per field/source, do not sum"",""source_path"":""outputs/raw/formal_crosshost_v2/sealed_gemma_20260926_v3/gemma3_4b/part_002/formal.jsonl""}"
gemma3_4b,9,peak_gpu_memory_mb,absent_in_formal_rows_and_bound_receipts,data/responses/formal/gemma3_4b.jsonl.gz,$.peak_gpu_memory_mb; original source lines 1-19486,0,19486,54042749,data/responses/formal/manifest.json#$.models[2].output_bytes,Stored field coverage; absent measurements remain empty,"{""bound_receipt_values"":[],""first_observed_source_line"":null,""null_rows"":0,""segment_first_line"":108770,""segment_last_line"":128255,""size_scope"":""whole consolidated gzip; repeated per field/source, do not sum"",""source_path"":""outputs/raw/formal_crosshost_v2/sealed_gemma_20260926_v3/gemma3_4b/part_002/formal.jsonl""}"
gemma3_4b,9,max_memory_allocated,absent_in_formal_rows_and_bound_receipts,data/responses/formal/gemma3_4b.jsonl.gz,$.max_memory_allocated; original source lines 1-19486,0,19486,54042749,data/responses/formal/manifest.json#$.models[2].output_bytes,Stored field coverage; absent measurements remain empty,"{""bound_receipt_values"":[],""first_observed_source_line"":null,""null_rows"":0,""segment_first_line"":108770,""segment_last_line"":128255,""size_scope"":""whole consolidated gzip; repeated per field/source, do not sum"",""source_path"":""outputs/raw/formal_crosshost_v2/sealed_gemma_20260926_v3/gemma3_4b/part_002/formal.jsonl""}"
gemma3_4b,9,cache_hits,absent_in_formal_rows_and_bound_receipts,data/responses/formal/gemma3_4b.jsonl.gz,$.cache_hits; original source lines 1-19486,0,19486,54042749,data/responses/formal/manifest.json#$.models[2].output_bytes,Stored field coverage; absent measurements remain empty,"{""bound_receipt_values"":[],""first_observed_source_line"":null,""null_rows"":0,""segment_first_line"":108770,""segment_last_line"":128255,""size_scope"":""whole consolidated gzip; repeated per field/source, do not sum"",""source_path"":""outputs/raw/formal_crosshost_v2/sealed_gemma_20260926_v3/gemma3_4b/part_002/formal.jsonl""}"
gemma3_4b,9,cache_misses,absent_in_formal_rows_and_bound_receipts,data/responses/formal/gemma3_4b.jsonl.gz,$.cache_misses; original source lines 1-19486,0,19486,54042749,data/responses/formal/manifest.json#$.models[2].output_bytes,Stored field coverage; absent measurements remain empty,"{""bound_receipt_values"":[],""first_observed_source_line"":null,""null_rows"":0,""segment_first_line"":108770,""segment_last_line"":128255,""size_scope"":""whole consolidated gzip; repeated per field/source, do not sum"",""source_path"":""outputs/raw/formal_crosshost_v2/sealed_gemma_20260926_v3/gemma3_4b/part_002/formal.jsonl""}"
gemma3_4b,9,cache_bytes,absent_in_formal_rows_and_bound_receipts,data/responses/formal/gemma3_4b.jsonl.gz,$.cache_bytes; original source lines 1-19486,0,19486,54042749,data/responses/formal/manifest.json#$.models[2].output_bytes,Stored field coverage; absent measurements remain empty,"{""bound_receipt_values"":[],""first_observed_source_line"":null,""null_rows"":0,""segment_first_line"":108770,""segment_last_line"":128255,""size_scope"":""whole consolidated gzip; repeated per field/source, do not sum"",""source_path"":""outputs/raw/formal_crosshost_v2/sealed_gemma_20260926_v3/gemma3_4b/part_002/formal.jsonl""}"
gemma3_4b,9,hardware_identity,present_in_bound_identity,/home/g203-4028/projects/knowledge-deficit-mitigation-archive/20260929/historical_outputs.tar::outputs/raw/formal_crosshost_v2/sealed_gemma_20260926_v3/gemma3_4b/part_002/formal.identity.json,"$.definition.execution.{host,hostname,physical_gpus,gpu_uuids}",19486,19486,,,Execution identity matched to every raw row in this source segment,"{""gpu_uuids"":{""4"":""GPU-8d98e481-b89b-2166-b474-c33d59e0fd3d""},""host"":""4028"",""hostname"":""4028"",""physical_gpus"":[""4""]}"
gemma3_4b,10,wall_s,present_in_formal_rows,data/responses/formal/gemma3_4b.jsonl.gz,$.wall_s; original source lines 1-19486,19486,19486,54042749,data/responses/formal/manifest.json#$.models[2].output_bytes,"Existing per-answer wall_s: perf_counter immediately before image loading through image conversion, prompt/session construction, generation and session cleanup; measured before Ledger.add serialization. Model loading and ledger writing are outside this interval. Prefill/decode are not separated.","{""bound_receipt_values"":[],""first_observed_source_line"":1,""null_rows"":0,""segment_first_line"":128256,""segment_last_line"":147741,""size_scope"":""whole consolidated gzip; repeated per field/source, do not sum"",""source_path"":""outputs/raw/formal_crosshost_v2/sealed_gemma_20260926_v3/gemma3_4b/part_003/formal.jsonl""}"
gemma3_4b,10,tokens,present_in_formal_rows,data/responses/formal/gemma3_4b.jsonl.gz,$.tokens; original source lines 1-19486,19486,19486,54042749,data/responses/formal/manifest.json#$.models[2].output_bytes,"len(tokens) from the saved token-ID list, including any saved stop/EOS token; no retokenization. sum/mean use only rows with a saved list.","{""bound_receipt_values"":[],""first_observed_source_line"":1,""null_rows"":0,""segment_first_line"":128256,""segment_last_line"":147741,""size_scope"":""whole consolidated gzip; repeated per field/source, do not sum"",""source_path"":""outputs/raw/formal_crosshost_v2/sealed_gemma_20260926_v3/gemma3_4b/part_003/formal.jsonl""}"
gemma3_4b,10,selected_log_probabilities,present_in_formal_rows,data/responses/formal/gemma3_4b.jsonl.gz,$.selected_log_probabilities; original source lines 1-19486,19486,19486,54042749,data/responses/formal/manifest.json#$.models[2].output_bytes,Stored field coverage; absent measurements remain empty,"{""bound_receipt_values"":[],""first_observed_source_line"":1,""null_rows"":0,""segment_first_line"":128256,""segment_last_line"":147741,""size_scope"":""whole consolidated gzip; repeated per field/source, do not sum"",""source_path"":""outputs/raw/formal_crosshost_v2/sealed_gemma_20260926_v3/gemma3_4b/part_003/formal.jsonl""}"
gemma3_4b,10,sequence_log_probability,present_in_formal_rows,data/responses/formal/gemma3_4b.jsonl.gz,$.sequence_log_probability; original source lines 1-19486,19486,19486,54042749,data/responses/formal/manifest.json#$.models[2].output_bytes,Stored field coverage; absent measurements remain empty,"{""bound_receipt_values"":[],""first_observed_source_line"":1,""null_rows"":0,""segment_first_line"":128256,""segment_last_line"":147741,""size_scope"":""whole consolidated gzip; repeated per field/source, do not sum"",""source_path"":""outputs/raw/formal_crosshost_v2/sealed_gemma_20260926_v3/gemma3_4b/part_003/formal.jsonl""}"
gemma3_4b,10,first_probability,present_in_formal_rows,data/responses/formal/gemma3_4b.jsonl.gz,$.first_probability; original source lines 1-19486,19486,19486,54042749,data/responses/formal/manifest.json#$.models[2].output_bytes,Stored field coverage; absent measurements remain empty,"{""bound_receipt_values"":[],""first_observed_source_line"":1,""null_rows"":0,""segment_first_line"":128256,""segment_last_line"":147741,""size_scope"":""whole consolidated gzip; repeated per field/source, do not sum"",""source_path"":""outputs/raw/formal_crosshost_v2/sealed_gemma_20260926_v3/gemma3_4b/part_003/formal.jsonl""}"
gemma3_4b,10,batch_size,absent_in_formal_rows_and_bound_receipts,data/responses/formal/gemma3_4b.jsonl.gz,$.batch_size; original source lines 1-19486,0,19486,54042749,data/responses/formal/manifest.json#$.models[2].output_bytes,Stored field coverage; absent measurements remain empty,"{""bound_receipt_values"":[],""first_observed_source_line"":null,""null_rows"":0,""segment_first_line"":128256,""segment_last_line"":147741,""size_scope"":""whole consolidated gzip; repeated per field/source, do not sum"",""source_path"":""outputs/raw/formal_crosshost_v2/sealed_gemma_20260926_v3/gemma3_4b/part_003/formal.jsonl""}"
gemma3_4b,10,prefill_s,absent_in_formal_rows_and_bound_receipts,data/responses/formal/gemma3_4b.jsonl.gz,$.prefill_s; original source lines 1-19486,0,19486,54042749,data/responses/formal/manifest.json#$.models[2].output_bytes,Stored field coverage; absent measurements remain empty,"{""bound_receipt_values"":[],""first_observed_source_line"":null,""null_rows"":0,""segment_first_line"":128256,""segment_last_line"":147741,""size_scope"":""whole consolidated gzip; repeated per field/source, do not sum"",""source_path"":""outputs/raw/formal_crosshost_v2/sealed_gemma_20260926_v3/gemma3_4b/part_003/formal.jsonl""}"
gemma3_4b,10,prefill_seconds,absent_in_formal_rows_and_bound_receipts,data/responses/formal/gemma3_4b.jsonl.gz,$.prefill_seconds; original source lines 1-19486,0,19486,54042749,data/responses/formal/manifest.json#$.models[2].output_bytes,Stored field coverage; absent measurements remain empty,"{""bound_receipt_values"":[],""first_observed_source_line"":null,""null_rows"":0,""segment_first_line"":128256,""segment_last_line"":147741,""size_scope"":""whole consolidated gzip; repeated per field/source, do not sum"",""source_path"":""outputs/raw/formal_crosshost_v2/sealed_gemma_20260926_v3/gemma3_4b/part_003/formal.jsonl""}"
gemma3_4b,10,decode_s,absent_in_formal_rows_and_bound_receipts,data/responses/formal/gemma3_4b.jsonl.gz,$.decode_s; original source lines 1-19486,0,19486,54042749,data/responses/formal/manifest.json#$.models[2].output_bytes,Stored field coverage; absent measurements remain empty,"{""bound_receipt_values"":[],""first_observed_source_line"":null,""null_rows"":0,""segment_first_line"":128256,""segment_last_line"":147741,""size_scope"":""whole consolidated gzip; repeated per field/source, do not sum"",""source_path"":""outputs/raw/formal_crosshost_v2/sealed_gemma_20260926_v3/gemma3_4b/part_003/formal.jsonl""}"
gemma3_4b,10,decode_seconds,absent_in_formal_rows_and_bound_receipts,data/responses/formal/gemma3_4b.jsonl.gz,$.decode_seconds; original source lines 1-19486,0,19486,54042749,data/responses/formal/manifest.json#$.models[2].output_bytes,Stored field coverage; absent measurements remain empty,"{""bound_receipt_values"":[],""first_observed_source_line"":null,""null_rows"":0,""segment_first_line"":128256,""segment_last_line"":147741,""size_scope"":""whole consolidated gzip; repeated per field/source, do not sum"",""source_path"":""outputs/raw/formal_crosshost_v2/sealed_gemma_20260926_v3/gemma3_4b/part_003/formal.jsonl""}"
gemma3_4b,10,peak_memory_allocated,absent_in_formal_rows_and_bound_receipts,data/responses/formal/gemma3_4b.jsonl.gz,$.peak_memory_allocated; original source lines 1-19486,0,19486,54042749,data/responses/formal/manifest.json#$.models[2].output_bytes,Stored field coverage; absent measurements remain empty,"{""bound_receipt_values"":[],""first_observed_source_line"":null,""null_rows"":0,""segment_first_line"":128256,""segment_last_line"":147741,""size_scope"":""whole consolidated gzip; repeated per field/source, do not sum"",""source_path"":""outputs/raw/formal_crosshost_v2/sealed_gemma_20260926_v3/gemma3_4b/part_003/formal.jsonl""}"
gemma3_4b,10,peak_memory_bytes,absent_in_formal_rows_and_bound_receipts,data/responses/formal/gemma3_4b.jsonl.gz,$.peak_memory_bytes; original source lines 1-19486,0,19486,54042749,data/responses/formal/manifest.json#$.models[2].output_bytes,Stored field coverage; absent measurements remain empty,"{""bound_receipt_values"":[],""first_observed_source_line"":null,""null_rows"":0,""segment_first_line"":128256,""segment_last_line"":147741,""size_scope"":""whole consolidated gzip; repeated per field/source, do not sum"",""source_path"":""outputs/raw/formal_crosshost_v2/sealed_gemma_20260926_v3/gemma3_4b/part_003/formal.jsonl""}"
gemma3_4b,10,peak_gpu_memory_mb,absent_in_formal_rows_and_bound_receipts,data/responses/formal/gemma3_4b.jsonl.gz,$.peak_gpu_memory_mb; original source lines 1-19486,0,19486,54042749,data/responses/formal/manifest.json#$.models[2].output_bytes,Stored field coverage; absent measurements remain empty,"{""bound_receipt_values"":[],""first_observed_source_line"":null,""null_rows"":0,""segment_first_line"":128256,""segment_last_line"":147741,""size_scope"":""whole consolidated gzip; repeated per field/source, do not sum"",""source_path"":""outputs/raw/formal_crosshost_v2/sealed_gemma_20260926_v3/gemma3_4b/part_003/formal.jsonl""}"
gemma3_4b,10,max_memory_allocated,absent_in_formal_rows_and_bound_receipts,data/responses/formal/gemma3_4b.jsonl.gz,$.max_memory_allocated; original source lines 1-19486,0,19486,54042749,data/responses/formal/manifest.json#$.models[2].output_bytes,Stored field coverage; absent measurements remain empty,"{""bound_receipt_values"":[],""first_observed_source_line"":null,""null_rows"":0,""segment_first_line"":128256,""segment_last_line"":147741,""size_scope"":""whole consolidated gzip; repeated per field/source, do not sum"",""source_path"":""outputs/raw/formal_crosshost_v2/sealed_gemma_20260926_v3/gemma3_4b/part_003/formal.jsonl""}"
gemma3_4b,10,cache_hits,absent_in_formal_rows_and_bound_receipts,data/responses/formal/gemma3_4b.jsonl.gz,$.cache_hits; original source lines 1-19486,0,19486,54042749,data/responses/formal/manifest.json#$.models[2].output_bytes,Stored field coverage; absent measurements remain empty,"{""bound_receipt_values"":[],""first_observed_source_line"":null,""null_rows"":0,""segment_first_line"":128256,""segment_last_line"":147741,""size_scope"":""whole consolidated gzip; repeated per field/source, do not sum"",""source_path"":""outputs/raw/formal_crosshost_v2/sealed_gemma_20260926_v3/gemma3_4b/part_003/formal.jsonl""}"
gemma3_4b,10,cache_misses,absent_in_formal_rows_and_bound_receipts,data/responses/formal/gemma3_4b.jsonl.gz,$.cache_misses; original source lines 1-19486,0,19486,54042749,data/responses/formal/manifest.json#$.models[2].output_bytes,Stored field coverage; absent measurements remain empty,"{""bound_receipt_values"":[],""first_observed_source_line"":null,""null_rows"":0,""segment_first_line"":128256,""segment_last_line"":147741,""size_scope"":""whole consolidated gzip; repeated per field/source, do not sum"",""source_path"":""outputs/raw/formal_crosshost_v2/sealed_gemma_20260926_v3/gemma3_4b/part_003/formal.jsonl""}"
gemma3_4b,10,cache_bytes,absent_in_formal_rows_and_bound_receipts,data/responses/formal/gemma3_4b.jsonl.gz,$.cache_bytes; original source lines 1-19486,0,19486,54042749,data/responses/formal/manifest.json#$.models[2].output_bytes,Stored field coverage; absent measurements remain empty,"{""bound_receipt_values"":[],""first_observed_source_line"":null,""null_rows"":0,""segment_first_line"":128256,""segment_last_line"":147741,""size_scope"":""whole consolidated gzip; repeated per field/source, do not sum"",""source_path"":""outputs/raw/formal_crosshost_v2/sealed_gemma_20260926_v3/gemma3_4b/part_003/formal.jsonl""}"
gemma3_4b,10,hardware_identity,present_in_bound_identity,/home/g203-4028/projects/knowledge-deficit-mitigation-archive/20260929/historical_outputs.tar::outputs/raw/formal_crosshost_v2/sealed_gemma_20260926_v3/gemma3_4b/part_003/formal.identity.json,"$.definition.execution.{host,hostname,physical_gpus,gpu_uuids}",19486,19486,,,Execution identity matched to every raw row in this source segment,"{""gpu_uuids"":{""5"":""GPU-a56bc7bd-eeab-b2a3-2d92-9f27816ffe6d""},""host"":""4028"",""hostname"":""4028"",""physical_gpus"":[""5""]}"
gemma3_4b,11,wall_s,present_in_formal_rows,data/responses/formal/gemma3_4b.jsonl.gz,$.wall_s; original source lines 1-2692,2692,2692,54042749,data/responses/formal/manifest.json#$.models[2].output_bytes,"Existing per-answer wall_s: perf_counter immediately before image loading through image conversion, prompt/session construction, generation and session cleanup; measured before Ledger.add serialization. Model loading and ledger writing are outside this interval. Prefill/decode are not separated.","{""bound_receipt_values"":[],""first_observed_source_line"":1,""null_rows"":0,""segment_first_line"":147742,""segment_last_line"":150433,""size_scope"":""whole consolidated gzip; repeated per field/source, do not sum"",""source_path"":""outputs/raw/formal_remaining_v1/20260926/gemma3_4b/part_000/formal.jsonl""}"
gemma3_4b,11,tokens,present_in_formal_rows,data/responses/formal/gemma3_4b.jsonl.gz,$.tokens; original source lines 1-2692,2692,2692,54042749,data/responses/formal/manifest.json#$.models[2].output_bytes,"len(tokens) from the saved token-ID list, including any saved stop/EOS token; no retokenization. sum/mean use only rows with a saved list.","{""bound_receipt_values"":[],""first_observed_source_line"":1,""null_rows"":0,""segment_first_line"":147742,""segment_last_line"":150433,""size_scope"":""whole consolidated gzip; repeated per field/source, do not sum"",""source_path"":""outputs/raw/formal_remaining_v1/20260926/gemma3_4b/part_000/formal.jsonl""}"
gemma3_4b,11,selected_log_probabilities,present_in_formal_rows,data/responses/formal/gemma3_4b.jsonl.gz,$.selected_log_probabilities; original source lines 1-2692,2692,2692,54042749,data/responses/formal/manifest.json#$.models[2].output_bytes,Stored field coverage; absent measurements remain empty,"{""bound_receipt_values"":[],""first_observed_source_line"":1,""null_rows"":0,""segment_first_line"":147742,""segment_last_line"":150433,""size_scope"":""whole consolidated gzip; repeated per field/source, do not sum"",""source_path"":""outputs/raw/formal_remaining_v1/20260926/gemma3_4b/part_000/formal.jsonl""}"
gemma3_4b,11,sequence_log_probability,present_in_formal_rows,data/responses/formal/gemma3_4b.jsonl.gz,$.sequence_log_probability; original source lines 1-2692,2692,2692,54042749,data/responses/formal/manifest.json#$.models[2].output_bytes,Stored field coverage; absent measurements remain empty,"{""bound_receipt_values"":[],""first_observed_source_line"":1,""null_rows"":0,""segment_first_line"":147742,""segment_last_line"":150433,""size_scope"":""whole consolidated gzip; repeated per field/source, do not sum"",""source_path"":""outputs/raw/formal_remaining_v1/20260926/gemma3_4b/part_000/formal.jsonl""}"
gemma3_4b,11,first_probability,present_in_formal_rows,data/responses/formal/gemma3_4b.jsonl.gz,$.first_probability; original source lines 1-2692,2692,2692,54042749,data/responses/formal/manifest.json#$.models[2].output_bytes,Stored field coverage; absent measurements remain empty,"{""bound_receipt_values"":[],""first_observed_source_line"":1,""null_rows"":0,""segment_first_line"":147742,""segment_last_line"":150433,""size_scope"":""whole consolidated gzip; repeated per field/source, do not sum"",""source_path"":""outputs/raw/formal_remaining_v1/20260926/gemma3_4b/part_000/formal.jsonl""}"
gemma3_4b,11,batch_size,absent_in_formal_rows_and_bound_receipts,data/responses/formal/gemma3_4b.jsonl.gz,$.batch_size; original source lines 1-2692,0,2692,54042749,data/responses/formal/manifest.json#$.models[2].output_bytes,Stored field coverage; absent measurements remain empty,"{""bound_receipt_values"":[],""first_observed_source_line"":null,""null_rows"":0,""segment_first_line"":147742,""segment_last_line"":150433,""size_scope"":""whole consolidated gzip; repeated per field/source, do not sum"",""source_path"":""outputs/raw/formal_remaining_v1/20260926/gemma3_4b/part_000/formal.jsonl""}"
gemma3_4b,11,prefill_s,absent_in_formal_rows_and_bound_receipts,data/responses/formal/gemma3_4b.jsonl.gz,$.prefill_s; original source lines 1-2692,0,2692,54042749,data/responses/formal/manifest.json#$.models[2].output_bytes,Stored field coverage; absent measurements remain empty,"{""bound_receipt_values"":[],""first_observed_source_line"":null,""null_rows"":0,""segment_first_line"":147742,""segment_last_line"":150433,""size_scope"":""whole consolidated gzip; repeated per field/source, do not sum"",""source_path"":""outputs/raw/formal_remaining_v1/20260926/gemma3_4b/part_000/formal.jsonl""}"
gemma3_4b,11,prefill_seconds,absent_in_formal_rows_and_bound_receipts,data/responses/formal/gemma3_4b.jsonl.gz,$.prefill_seconds; original source lines 1-2692,0,2692,54042749,data/responses/formal/manifest.json#$.models[2].output_bytes,Stored field coverage; absent measurements remain empty,"{""bound_receipt_values"":[],""first_observed_source_line"":null,""null_rows"":0,""segment_first_line"":147742,""segment_last_line"":150433,""size_scope"":""whole consolidated gzip; repeated per field/source, do not sum"",""source_path"":""outputs/raw/formal_remaining_v1/20260926/gemma3_4b/part_000/formal.jsonl""}"
gemma3_4b,11,decode_s,absent_in_formal_rows_and_bound_receipts,data/responses/formal/gemma3_4b.jsonl.gz,$.decode_s; original source lines 1-2692,0,2692,54042749,data/responses/formal/manifest.json#$.models[2].output_bytes,Stored field coverage; absent measurements remain empty,"{""bound_receipt_values"":[],""first_observed_source_line"":null,""null_rows"":0,""segment_first_line"":147742,""segment_last_line"":150433,""size_scope"":""whole consolidated gzip; repeated per field/source, do not sum"",""source_path"":""outputs/raw/formal_remaining_v1/20260926/gemma3_4b/part_000/formal.jsonl""}"
gemma3_4b,11,decode_seconds,absent_in_formal_rows_and_bound_receipts,data/responses/formal/gemma3_4b.jsonl.gz,$.decode_seconds; original source lines 1-2692,0,2692,54042749,data/responses/formal/manifest.json#$.models[2].output_bytes,Stored field coverage; absent measurements remain empty,"{""bound_receipt_values"":[],""first_observed_source_line"":null,""null_rows"":0,""segment_first_line"":147742,""segment_last_line"":150433,""size_scope"":""whole consolidated gzip; repeated per field/source, do not sum"",""source_path"":""outputs/raw/formal_remaining_v1/20260926/gemma3_4b/part_000/formal.jsonl""}"
gemma3_4b,11,peak_memory_allocated,absent_in_formal_rows_and_bound_receipts,data/responses/formal/gemma3_4b.jsonl.gz,$.peak_memory_allocated; original source lines 1-2692,0,2692,54042749,data/responses/formal/manifest.json#$.models[2].output_bytes,Stored field coverage; absent measurements remain empty,"{""bound_receipt_values"":[],""first_observed_source_line"":null,""null_rows"":0,""segment_first_line"":147742,""segment_last_line"":150433,""size_scope"":""whole consolidated gzip; repeated per field/source, do not sum"",""source_path"":""outputs/raw/formal_remaining_v1/20260926/gemma3_4b/part_000/formal.jsonl""}"
gemma3_4b,11,peak_memory_bytes,absent_in_formal_rows_and_bound_receipts,data/responses/formal/gemma3_4b.jsonl.gz,$.peak_memory_bytes; original source lines 1-2692,0,2692,54042749,data/responses/formal/manifest.json#$.models[2].output_bytes,Stored field coverage; absent measurements remain empty,"{""bound_receipt_values"":[],""first_observed_source_line"":null,""null_rows"":0,""segment_first_line"":147742,""segment_last_line"":150433,""size_scope"":""whole consolidated gzip; repeated per field/source, do not sum"",""source_path"":""outputs/raw/formal_remaining_v1/20260926/gemma3_4b/part_000/formal.jsonl""}"
gemma3_4b,11,peak_gpu_memory_mb,absent_in_formal_rows_and_bound_receipts,data/responses/formal/gemma3_4b.jsonl.gz,$.peak_gpu_memory_mb; original source lines 1-2692,0,2692,54042749,data/responses/formal/manifest.json#$.models[2].output_bytes,Stored field coverage; absent measurements remain empty,"{""bound_receipt_values"":[],""first_observed_source_line"":null,""null_rows"":0,""segment_first_line"":147742,""segment_last_line"":150433,""size_scope"":""whole consolidated gzip; repeated per field/source, do not sum"",""source_path"":""outputs/raw/formal_remaining_v1/20260926/gemma3_4b/part_000/formal.jsonl""}"
gemma3_4b,11,max_memory_allocated,absent_in_formal_rows_and_bound_receipts,data/responses/formal/gemma3_4b.jsonl.gz,$.max_memory_allocated; original source lines 1-2692,0,2692,54042749,data/responses/formal/manifest.json#$.models[2].output_bytes,Stored field coverage; absent measurements remain empty,"{""bound_receipt_values"":[],""first_observed_source_line"":null,""null_rows"":0,""segment_first_line"":147742,""segment_last_line"":150433,""size_scope"":""whole consolidated gzip; repeated per field/source, do not sum"",""source_path"":""outputs/raw/formal_remaining_v1/20260926/gemma3_4b/part_000/formal.jsonl""}"
gemma3_4b,11,cache_hits,absent_in_formal_rows_and_bound_receipts,data/responses/formal/gemma3_4b.jsonl.gz,$.cache_hits; original source lines 1-2692,0,2692,54042749,data/responses/formal/manifest.json#$.models[2].output_bytes,Stored field coverage; absent measurements remain empty,"{""bound_receipt_values"":[],""first_observed_source_line"":null,""null_rows"":0,""segment_first_line"":147742,""segment_last_line"":150433,""size_scope"":""whole consolidated gzip; repeated per field/source, do not sum"",""source_path"":""outputs/raw/formal_remaining_v1/20260926/gemma3_4b/part_000/formal.jsonl""}"
gemma3_4b,11,cache_misses,absent_in_formal_rows_and_bound_receipts,data/responses/formal/gemma3_4b.jsonl.gz,$.cache_misses; original source lines 1-2692,0,2692,54042749,data/responses/formal/manifest.json#$.models[2].output_bytes,Stored field coverage; absent measurements remain empty,"{""bound_receipt_values"":[],""first_observed_source_line"":null,""null_rows"":0,""segment_first_line"":147742,""segment_last_line"":150433,""size_scope"":""whole consolidated gzip; repeated per field/source, do not sum"",""source_path"":""outputs/raw/formal_remaining_v1/20260926/gemma3_4b/part_000/formal.jsonl""}"
gemma3_4b,11,cache_bytes,absent_in_formal_rows_and_bound_receipts,data/responses/formal/gemma3_4b.jsonl.gz,$.cache_bytes; original source lines 1-2692,0,2692,54042749,data/responses/formal/manifest.json#$.models[2].output_bytes,Stored field coverage; absent measurements remain empty,"{""bound_receipt_values"":[],""first_observed_source_line"":null,""null_rows"":0,""segment_first_line"":147742,""segment_last_line"":150433,""size_scope"":""whole consolidated gzip; repeated per field/source, do not sum"",""source_path"":""outputs/raw/formal_remaining_v1/20260926/gemma3_4b/part_000/formal.jsonl""}"
gemma3_4b,11,hardware_identity,present_in_bound_identity,/home/g203-4028/projects/knowledge-deficit-mitigation-archive/20260929/historical_outputs.tar::outputs/raw/formal_remaining_v1/20260926/gemma3_4b/part_000/formal.identity.json,"$.definition.execution.{host,hostname,physical_gpus,gpu_uuids}",2692,2692,,,Execution identity matched to every raw row in this source segment,"{""gpu_uuids"":{""4"":""GPU-8d98e481-b89b-2166-b474-c33d59e0fd3d""},""host"":""4028"",""hostname"":""4028"",""physical_gpus"":[""4""]}"
gemma3_4b,12,wall_s,present_in_formal_rows,data/responses/formal/gemma3_4b.jsonl.gz,$.wall_s; original source lines 1-4703,4703,4703,54042749,data/responses/formal/manifest.json#$.models[2].output_bytes,"Existing per-answer wall_s: perf_counter immediately before image loading through image conversion, prompt/session construction, generation and session cleanup; measured before Ledger.add serialization. Model loading and ledger writing are outside this interval. Prefill/decode are not separated.","{""bound_receipt_values"":[],""first_observed_source_line"":1,""null_rows"":0,""segment_first_line"":150434,""segment_last_line"":155136,""size_scope"":""whole consolidated gzip; repeated per field/source, do not sum"",""source_path"":""outputs/raw/formal_remaining_v1/20260926/gemma3_4b/part_001/formal.jsonl""}"
gemma3_4b,12,tokens,present_in_formal_rows,data/responses/formal/gemma3_4b.jsonl.gz,$.tokens; original source lines 1-4703,4703,4703,54042749,data/responses/formal/manifest.json#$.models[2].output_bytes,"len(tokens) from the saved token-ID list, including any saved stop/EOS token; no retokenization. sum/mean use only rows with a saved list.","{""bound_receipt_values"":[],""first_observed_source_line"":1,""null_rows"":0,""segment_first_line"":150434,""segment_last_line"":155136,""size_scope"":""whole consolidated gzip; repeated per field/source, do not sum"",""source_path"":""outputs/raw/formal_remaining_v1/20260926/gemma3_4b/part_001/formal.jsonl""}"
gemma3_4b,12,selected_log_probabilities,present_in_formal_rows,data/responses/formal/gemma3_4b.jsonl.gz,$.selected_log_probabilities; original source lines 1-4703,4703,4703,54042749,data/responses/formal/manifest.json#$.models[2].output_bytes,Stored field coverage; absent measurements remain empty,"{""bound_receipt_values"":[],""first_observed_source_line"":1,""null_rows"":0,""segment_first_line"":150434,""segment_last_line"":155136,""size_scope"":""whole consolidated gzip; repeated per field/source, do not sum"",""source_path"":""outputs/raw/formal_remaining_v1/20260926/gemma3_4b/part_001/formal.jsonl""}"
gemma3_4b,12,sequence_log_probability,present_in_formal_rows,data/responses/formal/gemma3_4b.jsonl.gz,$.sequence_log_probability; original source lines 1-4703,4703,4703,54042749,data/responses/formal/manifest.json#$.models[2].output_bytes,Stored field coverage; absent measurements remain empty,"{""bound_receipt_values"":[],""first_observed_source_line"":1,""null_rows"":0,""segment_first_line"":150434,""segment_last_line"":155136,""size_scope"":""whole consolidated gzip; repeated per field/source, do not sum"",""source_path"":""outputs/raw/formal_remaining_v1/20260926/gemma3_4b/part_001/formal.jsonl""}"
gemma3_4b,12,first_probability,present_in_formal_rows,data/responses/formal/gemma3_4b.jsonl.gz,$.first_probability; original source lines 1-4703,4703,4703,54042749,data/responses/formal/manifest.json#$.models[2].output_bytes,Stored field coverage; absent measurements remain empty,"{""bound_receipt_values"":[],""first_observed_source_line"":1,""null_rows"":0,""segment_first_line"":150434,""segment_last_line"":155136,""size_scope"":""whole consolidated gzip; repeated per field/source, do not sum"",""source_path"":""outputs/raw/formal_remaining_v1/20260926/gemma3_4b/part_001/formal.jsonl""}"
gemma3_4b,12,batch_size,absent_in_formal_rows_and_bound_receipts,data/responses/formal/gemma3_4b.jsonl.gz,$.batch_size; original source lines 1-4703,0,4703,54042749,data/responses/formal/manifest.json#$.models[2].output_bytes,Stored field coverage; absent measurements remain empty,"{""bound_receipt_values"":[],""first_observed_source_line"":null,""null_rows"":0,""segment_first_line"":150434,""segment_last_line"":155136,""size_scope"":""whole consolidated gzip; repeated per field/source, do not sum"",""source_path"":""outputs/raw/formal_remaining_v1/20260926/gemma3_4b/part_001/formal.jsonl""}"
gemma3_4b,12,prefill_s,absent_in_formal_rows_and_bound_receipts,data/responses/formal/gemma3_4b.jsonl.gz,$.prefill_s; original source lines 1-4703,0,4703,54042749,data/responses/formal/manifest.json#$.models[2].output_bytes,Stored field coverage; absent measurements remain empty,"{""bound_receipt_values"":[],""first_observed_source_line"":null,""null_rows"":0,""segment_first_line"":150434,""segment_last_line"":155136,""size_scope"":""whole consolidated gzip; repeated per field/source, do not sum"",""source_path"":""outputs/raw/formal_remaining_v1/20260926/gemma3_4b/part_001/formal.jsonl""}"
gemma3_4b,12,prefill_seconds,absent_in_formal_rows_and_bound_receipts,data/responses/formal/gemma3_4b.jsonl.gz,$.prefill_seconds; original source lines 1-4703,0,4703,54042749,data/responses/formal/manifest.json#$.models[2].output_bytes,Stored field coverage; absent measurements remain empty,"{""bound_receipt_values"":[],""first_observed_source_line"":null,""null_rows"":0,""segment_first_line"":150434,""segment_last_line"":155136,""size_scope"":""whole consolidated gzip; repeated per field/source, do not sum"",""source_path"":""outputs/raw/formal_remaining_v1/20260926/gemma3_4b/part_001/formal.jsonl""}"
gemma3_4b,12,decode_s,absent_in_formal_rows_and_bound_receipts,data/responses/formal/gemma3_4b.jsonl.gz,$.decode_s; original source lines 1-4703,0,4703,54042749,data/responses/formal/manifest.json#$.models[2].output_bytes,Stored field coverage; absent measurements remain empty,"{""bound_receipt_values"":[],""first_observed_source_line"":null,""null_rows"":0,""segment_first_line"":150434,""segment_last_line"":155136,""size_scope"":""whole consolidated gzip; repeated per field/source, do not sum"",""source_path"":""outputs/raw/formal_remaining_v1/20260926/gemma3_4b/part_001/formal.jsonl""}"
gemma3_4b,12,decode_seconds,absent_in_formal_rows_and_bound_receipts,data/responses/formal/gemma3_4b.jsonl.gz,$.decode_seconds; original source lines 1-4703,0,4703,54042749,data/responses/formal/manifest.json#$.models[2].output_bytes,Stored field coverage; absent measurements remain empty,"{""bound_receipt_values"":[],""first_observed_source_line"":null,""null_rows"":0,""segment_first_line"":150434,""segment_last_line"":155136,""size_scope"":""whole consolidated gzip; repeated per field/source, do not sum"",""source_path"":""outputs/raw/formal_remaining_v1/20260926/gemma3_4b/part_001/formal.jsonl""}"
gemma3_4b,12,peak_memory_allocated,absent_in_formal_rows_and_bound_receipts,data/responses/formal/gemma3_4b.jsonl.gz,$.peak_memory_allocated; original source lines 1-4703,0,4703,54042749,data/responses/formal/manifest.json#$.models[2].output_bytes,Stored field coverage; absent measurements remain empty,"{""bound_receipt_values"":[],""first_observed_source_line"":null,""null_rows"":0,""segment_first_line"":150434,""segment_last_line"":155136,""size_scope"":""whole consolidated gzip; repeated per field/source, do not sum"",""source_path"":""outputs/raw/formal_remaining_v1/20260926/gemma3_4b/part_001/formal.jsonl""}"
gemma3_4b,12,peak_memory_bytes,absent_in_formal_rows_and_bound_receipts,data/responses/formal/gemma3_4b.jsonl.gz,$.peak_memory_bytes; original source lines 1-4703,0,4703,54042749,data/responses/formal/manifest.json#$.models[2].output_bytes,Stored field coverage; absent measurements remain empty,"{""bound_receipt_values"":[],""first_observed_source_line"":null,""null_rows"":0,""segment_first_line"":150434,""segment_last_line"":155136,""size_scope"":""whole consolidated gzip; repeated per field/source, do not sum"",""source_path"":""outputs/raw/formal_remaining_v1/20260926/gemma3_4b/part_001/formal.jsonl""}"
gemma3_4b,12,peak_gpu_memory_mb,absent_in_formal_rows_and_bound_receipts,data/responses/formal/gemma3_4b.jsonl.gz,$.peak_gpu_memory_mb; original source lines 1-4703,0,4703,54042749,data/responses/formal/manifest.json#$.models[2].output_bytes,Stored field coverage; absent measurements remain empty,"{""bound_receipt_values"":[],""first_observed_source_line"":null,""null_rows"":0,""segment_first_line"":150434,""segment_last_line"":155136,""size_scope"":""whole consolidated gzip; repeated per field/source, do not sum"",""source_path"":""outputs/raw/formal_remaining_v1/20260926/gemma3_4b/part_001/formal.jsonl""}"
gemma3_4b,12,max_memory_allocated,absent_in_formal_rows_and_bound_receipts,data/responses/formal/gemma3_4b.jsonl.gz,$.max_memory_allocated; original source lines 1-4703,0,4703,54042749,data/responses/formal/manifest.json#$.models[2].output_bytes,Stored field coverage; absent measurements remain empty,"{""bound_receipt_values"":[],""first_observed_source_line"":null,""null_rows"":0,""segment_first_line"":150434,""segment_last_line"":155136,""size_scope"":""whole consolidated gzip; repeated per field/source, do not sum"",""source_path"":""outputs/raw/formal_remaining_v1/20260926/gemma3_4b/part_001/formal.jsonl""}"
gemma3_4b,12,cache_hits,absent_in_formal_rows_and_bound_receipts,data/responses/formal/gemma3_4b.jsonl.gz,$.cache_hits; original source lines 1-4703,0,4703,54042749,data/responses/formal/manifest.json#$.models[2].output_bytes,Stored field coverage; absent measurements remain empty,"{""bound_receipt_values"":[],""first_observed_source_line"":null,""null_rows"":0,""segment_first_line"":150434,""segment_last_line"":155136,""size_scope"":""whole consolidated gzip; repeated per field/source, do not sum"",""source_path"":""outputs/raw/formal_remaining_v1/20260926/gemma3_4b/part_001/formal.jsonl""}"
gemma3_4b,12,cache_misses,absent_in_formal_rows_and_bound_receipts,data/responses/formal/gemma3_4b.jsonl.gz,$.cache_misses; original source lines 1-4703,0,4703,54042749,data/responses/formal/manifest.json#$.models[2].output_bytes,Stored field coverage; absent measurements remain empty,"{""bound_receipt_values"":[],""first_observed_source_line"":null,""null_rows"":0,""segment_first_line"":150434,""segment_last_line"":155136,""size_scope"":""whole consolidated gzip; repeated per field/source, do not sum"",""source_path"":""outputs/raw/formal_remaining_v1/20260926/gemma3_4b/part_001/formal.jsonl""}"
gemma3_4b,12,cache_bytes,absent_in_formal_rows_and_bound_receipts,data/responses/formal/gemma3_4b.jsonl.gz,$.cache_bytes; original source lines 1-4703,0,4703,54042749,data/responses/formal/manifest.json#$.models[2].output_bytes,Stored field coverage; absent measurements remain empty,"{""bound_receipt_values"":[],""first_observed_source_line"":null,""null_rows"":0,""segment_first_line"":150434,""segment_last_line"":155136,""size_scope"":""whole consolidated gzip; repeated per field/source, do not sum"",""source_path"":""outputs/raw/formal_remaining_v1/20260926/gemma3_4b/part_001/formal.jsonl""}"
gemma3_4b,12,hardware_identity,present_in_bound_identity,/home/g203-4028/projects/knowledge-deficit-mitigation-archive/20260929/historical_outputs.tar::outputs/raw/formal_remaining_v1/20260926/gemma3_4b/part_001/formal.identity.json,"$.definition.execution.{host,hostname,physical_gpus,gpu_uuids}",4703,4703,,,Execution identity matched to every raw row in this source segment,"{""gpu_uuids"":{""5"":""GPU-a56bc7bd-eeab-b2a3-2d92-9f27816ffe6d""},""host"":""4028"",""hostname"":""4028"",""physical_gpus"":[""5""]}"
llava16_mistral,13,wall_s,present_in_formal_rows,data/responses/formal/llava16_mistral.jsonl.gz,$.wall_s; original source lines 1-131971,131971,131971,41388899,data/responses/formal/manifest.json#$.models[3].output_bytes,"Existing per-answer wall_s: perf_counter immediately before image loading through image conversion, prompt/session construction, generation and session cleanup; measured before Ledger.add serialization. Model loading and ledger writing are outside this interval. Prefill/decode are not separated.","{""bound_receipt_values"":[],""first_observed_source_line"":1,""null_rows"":0,""segment_first_line"":1,""segment_last_line"":131971,""size_scope"":""whole consolidated gzip; repeated per field/source, do not sum"",""source_path"":""outputs/raw/acceleration_v4/panel5_food_formal_v4/llava16_mistral/shard_000_of_001/formal.jsonl""}"
llava16_mistral,13,tokens,present_in_formal_rows,data/responses/formal/llava16_mistral.jsonl.gz,$.tokens; original source lines 1-131971,131971,131971,41388899,data/responses/formal/manifest.json#$.models[3].output_bytes,"len(tokens) from the saved token-ID list, including any saved stop/EOS token; no retokenization. sum/mean use only rows with a saved list.","{""bound_receipt_values"":[],""first_observed_source_line"":1,""null_rows"":0,""segment_first_line"":1,""segment_last_line"":131971,""size_scope"":""whole consolidated gzip; repeated per field/source, do not sum"",""source_path"":""outputs/raw/acceleration_v4/panel5_food_formal_v4/llava16_mistral/shard_000_of_001/formal.jsonl""}"
llava16_mistral,13,selected_log_probabilities,present_in_formal_rows,data/responses/formal/llava16_mistral.jsonl.gz,$.selected_log_probabilities; original source lines 1-131971,131971,131971,41388899,data/responses/formal/manifest.json#$.models[3].output_bytes,Stored field coverage; absent measurements remain empty,"{""bound_receipt_values"":[],""first_observed_source_line"":1,""null_rows"":0,""segment_first_line"":1,""segment_last_line"":131971,""size_scope"":""whole consolidated gzip; repeated per field/source, do not sum"",""source_path"":""outputs/raw/acceleration_v4/panel5_food_formal_v4/llava16_mistral/shard_000_of_001/formal.jsonl""}"
llava16_mistral,13,sequence_log_probability,present_in_formal_rows,data/responses/formal/llava16_mistral.jsonl.gz,$.sequence_log_probability; original source lines 1-131971,131971,131971,41388899,data/responses/formal/manifest.json#$.models[3].output_bytes,Stored field coverage; absent measurements remain empty,"{""bound_receipt_values"":[],""first_observed_source_line"":1,""null_rows"":0,""segment_first_line"":1,""segment_last_line"":131971,""size_scope"":""whole consolidated gzip; repeated per field/source, do not sum"",""source_path"":""outputs/raw/acceleration_v4/panel5_food_formal_v4/llava16_mistral/shard_000_of_001/formal.jsonl""}"
llava16_mistral,13,first_probability,present_in_formal_rows,data/responses/formal/llava16_mistral.jsonl.gz,$.first_probability; original source lines 1-131971,131971,131971,41388899,data/responses/formal/manifest.json#$.models[3].output_bytes,Stored field coverage; absent measurements remain empty,"{""bound_receipt_values"":[],""first_observed_source_line"":1,""null_rows"":0,""segment_first_line"":1,""segment_last_line"":131971,""size_scope"":""whole consolidated gzip; repeated per field/source, do not sum"",""source_path"":""outputs/raw/acceleration_v4/panel5_food_formal_v4/llava16_mistral/shard_000_of_001/formal.jsonl""}"
llava16_mistral,13,batch_size,absent_in_formal_rows_and_bound_receipts,data/responses/formal/llava16_mistral.jsonl.gz,$.batch_size; original source lines 1-131971,0,131971,41388899,data/responses/formal/manifest.json#$.models[3].output_bytes,Stored field coverage; absent measurements remain empty,"{""bound_receipt_values"":[],""first_observed_source_line"":null,""null_rows"":0,""segment_first_line"":1,""segment_last_line"":131971,""size_scope"":""whole consolidated gzip; repeated per field/source, do not sum"",""source_path"":""outputs/raw/acceleration_v4/panel5_food_formal_v4/llava16_mistral/shard_000_of_001/formal.jsonl""}"
llava16_mistral,13,prefill_s,absent_in_formal_rows_and_bound_receipts,data/responses/formal/llava16_mistral.jsonl.gz,$.prefill_s; original source lines 1-131971,0,131971,41388899,data/responses/formal/manifest.json#$.models[3].output_bytes,Stored field coverage; absent measurements remain empty,"{""bound_receipt_values"":[],""first_observed_source_line"":null,""null_rows"":0,""segment_first_line"":1,""segment_last_line"":131971,""size_scope"":""whole consolidated gzip; repeated per field/source, do not sum"",""source_path"":""outputs/raw/acceleration_v4/panel5_food_formal_v4/llava16_mistral/shard_000_of_001/formal.jsonl""}"
llava16_mistral,13,prefill_seconds,absent_in_formal_rows_and_bound_receipts,data/responses/formal/llava16_mistral.jsonl.gz,$.prefill_seconds; original source lines 1-131971,0,131971,41388899,data/responses/formal/manifest.json#$.models[3].output_bytes,Stored field coverage; absent measurements remain empty,"{""bound_receipt_values"":[],""first_observed_source_line"":null,""null_rows"":0,""segment_first_line"":1,""segment_last_line"":131971,""size_scope"":""whole consolidated gzip; repeated per field/source, do not sum"",""source_path"":""outputs/raw/acceleration_v4/panel5_food_formal_v4/llava16_mistral/shard_000_of_001/formal.jsonl""}"
llava16_mistral,13,decode_s,absent_in_formal_rows_and_bound_receipts,data/responses/formal/llava16_mistral.jsonl.gz,$.decode_s; original source lines 1-131971,0,131971,41388899,data/responses/formal/manifest.json#$.models[3].output_bytes,Stored field coverage; absent measurements remain empty,"{""bound_receipt_values"":[],""first_observed_source_line"":null,""null_rows"":0,""segment_first_line"":1,""segment_last_line"":131971,""size_scope"":""whole consolidated gzip; repeated per field/source, do not sum"",""source_path"":""outputs/raw/acceleration_v4/panel5_food_formal_v4/llava16_mistral/shard_000_of_001/formal.jsonl""}"
llava16_mistral,13,decode_seconds,absent_in_formal_rows_and_bound_receipts,data/responses/formal/llava16_mistral.jsonl.gz,$.decode_seconds; original source lines 1-131971,0,131971,41388899,data/responses/formal/manifest.json#$.models[3].output_bytes,Stored field coverage; absent measurements remain empty,"{""bound_receipt_values"":[],""first_observed_source_line"":null,""null_rows"":0,""segment_first_line"":1,""segment_last_line"":131971,""size_scope"":""whole consolidated gzip; repeated per field/source, do not sum"",""source_path"":""outputs/raw/acceleration_v4/panel5_food_formal_v4/llava16_mistral/shard_000_of_001/formal.jsonl""}"
llava16_mistral,13,peak_memory_allocated,absent_in_formal_rows_and_bound_receipts,data/responses/formal/llava16_mistral.jsonl.gz,$.peak_memory_allocated; original source lines 1-131971,0,131971,41388899,data/responses/formal/manifest.json#$.models[3].output_bytes,Stored field coverage; absent measurements remain empty,"{""bound_receipt_values"":[],""first_observed_source_line"":null,""null_rows"":0,""segment_first_line"":1,""segment_last_line"":131971,""size_scope"":""whole consolidated gzip; repeated per field/source, do not sum"",""source_path"":""outputs/raw/acceleration_v4/panel5_food_formal_v4/llava16_mistral/shard_000_of_001/formal.jsonl""}"
llava16_mistral,13,peak_memory_bytes,absent_in_formal_rows_and_bound_receipts,data/responses/formal/llava16_mistral.jsonl.gz,$.peak_memory_bytes; original source lines 1-131971,0,131971,41388899,data/responses/formal/manifest.json#$.models[3].output_bytes,Stored field coverage; absent measurements remain empty,"{""bound_receipt_values"":[],""first_observed_source_line"":null,""null_rows"":0,""segment_first_line"":1,""segment_last_line"":131971,""size_scope"":""whole consolidated gzip; repeated per field/source, do not sum"",""source_path"":""outputs/raw/acceleration_v4/panel5_food_formal_v4/llava16_mistral/shard_000_of_001/formal.jsonl""}"
llava16_mistral,13,peak_gpu_memory_mb,absent_in_formal_rows_and_bound_receipts,data/responses/formal/llava16_mistral.jsonl.gz,$.peak_gpu_memory_mb; original source lines 1-131971,0,131971,41388899,data/responses/formal/manifest.json#$.models[3].output_bytes,Stored field coverage; absent measurements remain empty,"{""bound_receipt_values"":[],""first_observed_source_line"":null,""null_rows"":0,""segment_first_line"":1,""segment_last_line"":131971,""size_scope"":""whole consolidated gzip; repeated per field/source, do not sum"",""source_path"":""outputs/raw/acceleration_v4/panel5_food_formal_v4/llava16_mistral/shard_000_of_001/formal.jsonl""}"
llava16_mistral,13,max_memory_allocated,absent_in_formal_rows_and_bound_receipts,data/responses/formal/llava16_mistral.jsonl.gz,$.max_memory_allocated; original source lines 1-131971,0,131971,41388899,data/responses/formal/manifest.json#$.models[3].output_bytes,Stored field coverage; absent measurements remain empty,"{""bound_receipt_values"":[],""first_observed_source_line"":null,""null_rows"":0,""segment_first_line"":1,""segment_last_line"":131971,""size_scope"":""whole consolidated gzip; repeated per field/source, do not sum"",""source_path"":""outputs/raw/acceleration_v4/panel5_food_formal_v4/llava16_mistral/shard_000_of_001/formal.jsonl""}"
llava16_mistral,13,cache_hits,absent_in_formal_rows_and_bound_receipts,data/responses/formal/llava16_mistral.jsonl.gz,$.cache_hits; original source lines 1-131971,0,131971,41388899,data/responses/formal/manifest.json#$.models[3].output_bytes,Stored field coverage; absent measurements remain empty,"{""bound_receipt_values"":[],""first_observed_source_line"":null,""null_rows"":0,""segment_first_line"":1,""segment_last_line"":131971,""size_scope"":""whole consolidated gzip; repeated per field/source, do not sum"",""source_path"":""outputs/raw/acceleration_v4/panel5_food_formal_v4/llava16_mistral/shard_000_of_001/formal.jsonl""}"
llava16_mistral,13,cache_misses,absent_in_formal_rows_and_bound_receipts,data/responses/formal/llava16_mistral.jsonl.gz,$.cache_misses; original source lines 1-131971,0,131971,41388899,data/responses/formal/manifest.json#$.models[3].output_bytes,Stored field coverage; absent measurements remain empty,"{""bound_receipt_values"":[],""first_observed_source_line"":null,""null_rows"":0,""segment_first_line"":1,""segment_last_line"":131971,""size_scope"":""whole consolidated gzip; repeated per field/source, do not sum"",""source_path"":""outputs/raw/acceleration_v4/panel5_food_formal_v4/llava16_mistral/shard_000_of_001/formal.jsonl""}"
llava16_mistral,13,cache_bytes,absent_in_formal_rows_and_bound_receipts,data/responses/formal/llava16_mistral.jsonl.gz,$.cache_bytes; original source lines 1-131971,0,131971,41388899,data/responses/formal/manifest.json#$.models[3].output_bytes,Stored field coverage; absent measurements remain empty,"{""bound_receipt_values"":[],""first_observed_source_line"":null,""null_rows"":0,""segment_first_line"":1,""segment_last_line"":131971,""size_scope"":""whole consolidated gzip; repeated per field/source, do not sum"",""source_path"":""outputs/raw/acceleration_v4/panel5_food_formal_v4/llava16_mistral/shard_000_of_001/formal.jsonl""}"
llava16_mistral,13,hardware_identity,present_in_bound_identity,/home/g203-4028/projects/knowledge-deficit-mitigation-archive/20260929/historical_outputs.tar::outputs/raw/acceleration_v4/panel5_food_formal_v4/llava16_mistral/shard_000_of_001/formal.identity.json,"$.definition.execution.{host,hostname,physical_gpus,gpu_uuids}",131971,131971,,,Execution identity matched to every raw row in this source segment,"{""gpu_uuids"":{""1"":""GPU-c6e6bac7-6035-192a-1e14-0c49903fbc4e""},""host"":""4028"",""hostname"":""4028"",""physical_gpus"":[""1""]}"
llava16_mistral,14,wall_s,present_in_formal_rows,data/responses/formal/llava16_mistral.jsonl.gz,$.wall_s; original source lines 1-7054,7054,7054,41388899,data/responses/formal/manifest.json#$.models[3].output_bytes,"Existing per-answer wall_s: perf_counter immediately before image loading through image conversion, prompt/session construction, generation and session cleanup; measured before Ledger.add serialization. Model loading and ledger writing are outside this interval. Prefill/decode are not separated.","{""bound_receipt_values"":[],""first_observed_source_line"":1,""null_rows"":0,""segment_first_line"":131972,""segment_last_line"":139025,""size_scope"":""whole consolidated gzip; repeated per field/source, do not sum"",""source_path"":""outputs/raw/formal_remaining_v1/20260926/llava16_mistral/part_000/formal.jsonl""}"
llava16_mistral,14,tokens,present_in_formal_rows,data/responses/formal/llava16_mistral.jsonl.gz,$.tokens; original source lines 1-7054,7054,7054,41388899,data/responses/formal/manifest.json#$.models[3].output_bytes,"len(tokens) from the saved token-ID list, including any saved stop/EOS token; no retokenization. sum/mean use only rows with a saved list.","{""bound_receipt_values"":[],""first_observed_source_line"":1,""null_rows"":0,""segment_first_line"":131972,""segment_last_line"":139025,""size_scope"":""whole consolidated gzip; repeated per field/source, do not sum"",""source_path"":""outputs/raw/formal_remaining_v1/20260926/llava16_mistral/part_000/formal.jsonl""}"
llava16_mistral,14,selected_log_probabilities,present_in_formal_rows,data/responses/formal/llava16_mistral.jsonl.gz,$.selected_log_probabilities; original source lines 1-7054,7054,7054,41388899,data/responses/formal/manifest.json#$.models[3].output_bytes,Stored field coverage; absent measurements remain empty,"{""bound_receipt_values"":[],""first_observed_source_line"":1,""null_rows"":0,""segment_first_line"":131972,""segment_last_line"":139025,""size_scope"":""whole consolidated gzip; repeated per field/source, do not sum"",""source_path"":""outputs/raw/formal_remaining_v1/20260926/llava16_mistral/part_000/formal.jsonl""}"
llava16_mistral,14,sequence_log_probability,present_in_formal_rows,data/responses/formal/llava16_mistral.jsonl.gz,$.sequence_log_probability; original source lines 1-7054,7054,7054,41388899,data/responses/formal/manifest.json#$.models[3].output_bytes,Stored field coverage; absent measurements remain empty,"{""bound_receipt_values"":[],""first_observed_source_line"":1,""null_rows"":0,""segment_first_line"":131972,""segment_last_line"":139025,""size_scope"":""whole consolidated gzip; repeated per field/source, do not sum"",""source_path"":""outputs/raw/formal_remaining_v1/20260926/llava16_mistral/part_000/formal.jsonl""}"
llava16_mistral,14,first_probability,present_in_formal_rows,data/responses/formal/llava16_mistral.jsonl.gz,$.first_probability; original source lines 1-7054,7054,7054,41388899,data/responses/formal/manifest.json#$.models[3].output_bytes,Stored field coverage; absent measurements remain empty,"{""bound_receipt_values"":[],""first_observed_source_line"":1,""null_rows"":0,""segment_first_line"":131972,""segment_last_line"":139025,""size_scope"":""whole consolidated gzip; repeated per field/source, do not sum"",""source_path"":""outputs/raw/formal_remaining_v1/20260926/llava16_mistral/part_000/formal.jsonl""}"
llava16_mistral,14,batch_size,absent_in_formal_rows_and_bound_receipts,data/responses/formal/llava16_mistral.jsonl.gz,$.batch_size; original source lines 1-7054,0,7054,41388899,data/responses/formal/manifest.json#$.models[3].output_bytes,Stored field coverage; absent measurements remain empty,"{""bound_receipt_values"":[],""first_observed_source_line"":null,""null_rows"":0,""segment_first_line"":131972,""segment_last_line"":139025,""size_scope"":""whole consolidated gzip; repeated per field/source, do not sum"",""source_path"":""outputs/raw/formal_remaining_v1/20260926/llava16_mistral/part_000/formal.jsonl""}"
llava16_mistral,14,prefill_s,absent_in_formal_rows_and_bound_receipts,data/responses/formal/llava16_mistral.jsonl.gz,$.prefill_s; original source lines 1-7054,0,7054,41388899,data/responses/formal/manifest.json#$.models[3].output_bytes,Stored field coverage; absent measurements remain empty,"{""bound_receipt_values"":[],""first_observed_source_line"":null,""null_rows"":0,""segment_first_line"":131972,""segment_last_line"":139025,""size_scope"":""whole consolidated gzip; repeated per field/source, do not sum"",""source_path"":""outputs/raw/formal_remaining_v1/20260926/llava16_mistral/part_000/formal.jsonl""}"
llava16_mistral,14,prefill_seconds,absent_in_formal_rows_and_bound_receipts,data/responses/formal/llava16_mistral.jsonl.gz,$.prefill_seconds; original source lines 1-7054,0,7054,41388899,data/responses/formal/manifest.json#$.models[3].output_bytes,Stored field coverage; absent measurements remain empty,"{""bound_receipt_values"":[],""first_observed_source_line"":null,""null_rows"":0,""segment_first_line"":131972,""segment_last_line"":139025,""size_scope"":""whole consolidated gzip; repeated per field/source, do not sum"",""source_path"":""outputs/raw/formal_remaining_v1/20260926/llava16_mistral/part_000/formal.jsonl""}"
llava16_mistral,14,decode_s,absent_in_formal_rows_and_bound_receipts,data/responses/formal/llava16_mistral.jsonl.gz,$.decode_s; original source lines 1-7054,0,7054,41388899,data/responses/formal/manifest.json#$.models[3].output_bytes,Stored field coverage; absent measurements remain empty,"{""bound_receipt_values"":[],""first_observed_source_line"":null,""null_rows"":0,""segment_first_line"":131972,""segment_last_line"":139025,""size_scope"":""whole consolidated gzip; repeated per field/source, do not sum"",""source_path"":""outputs/raw/formal_remaining_v1/20260926/llava16_mistral/part_000/formal.jsonl""}"
llava16_mistral,14,decode_seconds,absent_in_formal_rows_and_bound_receipts,data/responses/formal/llava16_mistral.jsonl.gz,$.decode_seconds; original source lines 1-7054,0,7054,41388899,data/responses/formal/manifest.json#$.models[3].output_bytes,Stored field coverage; absent measurements remain empty,"{""bound_receipt_values"":[],""first_observed_source_line"":null,""null_rows"":0,""segment_first_line"":131972,""segment_last_line"":139025,""size_scope"":""whole consolidated gzip; repeated per field/source, do not sum"",""source_path"":""outputs/raw/formal_remaining_v1/20260926/llava16_mistral/part_000/formal.jsonl""}"
llava16_mistral,14,peak_memory_allocated,absent_in_formal_rows_and_bound_receipts,data/responses/formal/llava16_mistral.jsonl.gz,$.peak_memory_allocated; original source lines 1-7054,0,7054,41388899,data/responses/formal/manifest.json#$.models[3].output_bytes,Stored field coverage; absent measurements remain empty,"{""bound_receipt_values"":[],""first_observed_source_line"":null,""null_rows"":0,""segment_first_line"":131972,""segment_last_line"":139025,""size_scope"":""whole consolidated gzip; repeated per field/source, do not sum"",""source_path"":""outputs/raw/formal_remaining_v1/20260926/llava16_mistral/part_000/formal.jsonl""}"
llava16_mistral,14,peak_memory_bytes,absent_in_formal_rows_and_bound_receipts,data/responses/formal/llava16_mistral.jsonl.gz,$.peak_memory_bytes; original source lines 1-7054,0,7054,41388899,data/responses/formal/manifest.json#$.models[3].output_bytes,Stored field coverage; absent measurements remain empty,"{""bound_receipt_values"":[],""first_observed_source_line"":null,""null_rows"":0,""segment_first_line"":131972,""segment_last_line"":139025,""size_scope"":""whole consolidated gzip; repeated per field/source, do not sum"",""source_path"":""outputs/raw/formal_remaining_v1/20260926/llava16_mistral/part_000/formal.jsonl""}"
llava16_mistral,14,peak_gpu_memory_mb,absent_in_formal_rows_and_bound_receipts,data/responses/formal/llava16_mistral.jsonl.gz,$.peak_gpu_memory_mb; original source lines 1-7054,0,7054,41388899,data/responses/formal/manifest.json#$.models[3].output_bytes,Stored field coverage; absent measurements remain empty,"{""bound_receipt_values"":[],""first_observed_source_line"":null,""null_rows"":0,""segment_first_line"":131972,""segment_last_line"":139025,""size_scope"":""whole consolidated gzip; repeated per field/source, do not sum"",""source_path"":""outputs/raw/formal_remaining_v1/20260926/llava16_mistral/part_000/formal.jsonl""}"
llava16_mistral,14,max_memory_allocated,absent_in_formal_rows_and_bound_receipts,data/responses/formal/llava16_mistral.jsonl.gz,$.max_memory_allocated; original source lines 1-7054,0,7054,41388899,data/responses/formal/manifest.json#$.models[3].output_bytes,Stored field coverage; absent measurements remain empty,"{""bound_receipt_values"":[],""first_observed_source_line"":null,""null_rows"":0,""segment_first_line"":131972,""segment_last_line"":139025,""size_scope"":""whole consolidated gzip; repeated per field/source, do not sum"",""source_path"":""outputs/raw/formal_remaining_v1/20260926/llava16_mistral/part_000/formal.jsonl""}"
llava16_mistral,14,cache_hits,absent_in_formal_rows_and_bound_receipts,data/responses/formal/llava16_mistral.jsonl.gz,$.cache_hits; original source lines 1-7054,0,7054,41388899,data/responses/formal/manifest.json#$.models[3].output_bytes,Stored field coverage; absent measurements remain empty,"{""bound_receipt_values"":[],""first_observed_source_line"":null,""null_rows"":0,""segment_first_line"":131972,""segment_last_line"":139025,""size_scope"":""whole consolidated gzip; repeated per field/source, do not sum"",""source_path"":""outputs/raw/formal_remaining_v1/20260926/llava16_mistral/part_000/formal.jsonl""}"
llava16_mistral,14,cache_misses,absent_in_formal_rows_and_bound_receipts,data/responses/formal/llava16_mistral.jsonl.gz,$.cache_misses; original source lines 1-7054,0,7054,41388899,data/responses/formal/manifest.json#$.models[3].output_bytes,Stored field coverage; absent measurements remain empty,"{""bound_receipt_values"":[],""first_observed_source_line"":null,""null_rows"":0,""segment_first_line"":131972,""segment_last_line"":139025,""size_scope"":""whole consolidated gzip; repeated per field/source, do not sum"",""source_path"":""outputs/raw/formal_remaining_v1/20260926/llava16_mistral/part_000/formal.jsonl""}"
llava16_mistral,14,cache_bytes,absent_in_formal_rows_and_bound_receipts,data/responses/formal/llava16_mistral.jsonl.gz,$.cache_bytes; original source lines 1-7054,0,7054,41388899,data/responses/formal/manifest.json#$.models[3].output_bytes,Stored field coverage; absent measurements remain empty,"{""bound_receipt_values"":[],""first_observed_source_line"":null,""null_rows"":0,""segment_first_line"":131972,""segment_last_line"":139025,""size_scope"":""whole consolidated gzip; repeated per field/source, do not sum"",""source_path"":""outputs/raw/formal_remaining_v1/20260926/llava16_mistral/part_000/formal.jsonl""}"
llava16_mistral,14,hardware_identity,present_in_bound_identity,/home/g203-4028/projects/knowledge-deficit-mitigation-archive/20260929/historical_outputs.tar::outputs/raw/formal_remaining_v1/20260926/llava16_mistral/part_000/formal.identity.json,"$.definition.execution.{host,hostname,physical_gpus,gpu_uuids}",7054,7054,,,Execution identity matched to every raw row in this source segment,"{""gpu_uuids"":{""0"":""GPU-5a0d331f-afba-237f-fde6-762a8b1ff2f3""},""host"":""4028"",""hostname"":""4028"",""physical_gpus"":[""0""]}"
llava16_mistral,15,wall_s,present_in_formal_rows,data/responses/formal/llava16_mistral.jsonl.gz,$.wall_s; original source lines 1-6678,6678,6678,41388899,data/responses/formal/manifest.json#$.models[3].output_bytes,"Existing per-answer wall_s: perf_counter immediately before image loading through image conversion, prompt/session construction, generation and session cleanup; measured before Ledger.add serialization. Model loading and ledger writing are outside this interval. Prefill/decode are not separated.","{""bound_receipt_values"":[],""first_observed_source_line"":1,""null_rows"":0,""segment_first_line"":139026,""segment_last_line"":145703,""size_scope"":""whole consolidated gzip; repeated per field/source, do not sum"",""source_path"":""outputs/raw/formal_remaining_v1/20260926/llava16_mistral/part_001/formal.jsonl""}"
llava16_mistral,15,tokens,present_in_formal_rows,data/responses/formal/llava16_mistral.jsonl.gz,$.tokens; original source lines 1-6678,6678,6678,41388899,data/responses/formal/manifest.json#$.models[3].output_bytes,"len(tokens) from the saved token-ID list, including any saved stop/EOS token; no retokenization. sum/mean use only rows with a saved list.","{""bound_receipt_values"":[],""first_observed_source_line"":1,""null_rows"":0,""segment_first_line"":139026,""segment_last_line"":145703,""size_scope"":""whole consolidated gzip; repeated per field/source, do not sum"",""source_path"":""outputs/raw/formal_remaining_v1/20260926/llava16_mistral/part_001/formal.jsonl""}"
llava16_mistral,15,selected_log_probabilities,present_in_formal_rows,data/responses/formal/llava16_mistral.jsonl.gz,$.selected_log_probabilities; original source lines 1-6678,6678,6678,41388899,data/responses/formal/manifest.json#$.models[3].output_bytes,Stored field coverage; absent measurements remain empty,"{""bound_receipt_values"":[],""first_observed_source_line"":1,""null_rows"":0,""segment_first_line"":139026,""segment_last_line"":145703,""size_scope"":""whole consolidated gzip; repeated per field/source, do not sum"",""source_path"":""outputs/raw/formal_remaining_v1/20260926/llava16_mistral/part_001/formal.jsonl""}"
llava16_mistral,15,sequence_log_probability,present_in_formal_rows,data/responses/formal/llava16_mistral.jsonl.gz,$.sequence_log_probability; original source lines 1-6678,6678,6678,41388899,data/responses/formal/manifest.json#$.models[3].output_bytes,Stored field coverage; absent measurements remain empty,"{""bound_receipt_values"":[],""first_observed_source_line"":1,""null_rows"":0,""segment_first_line"":139026,""segment_last_line"":145703,""size_scope"":""whole consolidated gzip; repeated per field/source, do not sum"",""source_path"":""outputs/raw/formal_remaining_v1/20260926/llava16_mistral/part_001/formal.jsonl""}"
llava16_mistral,15,first_probability,present_in_formal_rows,data/responses/formal/llava16_mistral.jsonl.gz,$.first_probability; original source lines 1-6678,6678,6678,41388899,data/responses/formal/manifest.json#$.models[3].output_bytes,Stored field coverage; absent measurements remain empty,"{""bound_receipt_values"":[],""first_observed_source_line"":1,""null_rows"":0,""segment_first_line"":139026,""segment_last_line"":145703,""size_scope"":""whole consolidated gzip; repeated per field/source, do not sum"",""source_path"":""outputs/raw/formal_remaining_v1/20260926/llava16_mistral/part_001/formal.jsonl""}"
llava16_mistral,15,batch_size,absent_in_formal_rows_and_bound_receipts,data/responses/formal/llava16_mistral.jsonl.gz,$.batch_size; original source lines 1-6678,0,6678,41388899,data/responses/formal/manifest.json#$.models[3].output_bytes,Stored field coverage; absent measurements remain empty,"{""bound_receipt_values"":[],""first_observed_source_line"":null,""null_rows"":0,""segment_first_line"":139026,""segment_last_line"":145703,""size_scope"":""whole consolidated gzip; repeated per field/source, do not sum"",""source_path"":""outputs/raw/formal_remaining_v1/20260926/llava16_mistral/part_001/formal.jsonl""}"
llava16_mistral,15,prefill_s,absent_in_formal_rows_and_bound_receipts,data/responses/formal/llava16_mistral.jsonl.gz,$.prefill_s; original source lines 1-6678,0,6678,41388899,data/responses/formal/manifest.json#$.models[3].output_bytes,Stored field coverage; absent measurements remain empty,"{""bound_receipt_values"":[],""first_observed_source_line"":null,""null_rows"":0,""segment_first_line"":139026,""segment_last_line"":145703,""size_scope"":""whole consolidated gzip; repeated per field/source, do not sum"",""source_path"":""outputs/raw/formal_remaining_v1/20260926/llava16_mistral/part_001/formal.jsonl""}"
llava16_mistral,15,prefill_seconds,absent_in_formal_rows_and_bound_receipts,data/responses/formal/llava16_mistral.jsonl.gz,$.prefill_seconds; original source lines 1-6678,0,6678,41388899,data/responses/formal/manifest.json#$.models[3].output_bytes,Stored field coverage; absent measurements remain empty,"{""bound_receipt_values"":[],""first_observed_source_line"":null,""null_rows"":0,""segment_first_line"":139026,""segment_last_line"":145703,""size_scope"":""whole consolidated gzip; repeated per field/source, do not sum"",""source_path"":""outputs/raw/formal_remaining_v1/20260926/llava16_mistral/part_001/formal.jsonl""}"
llava16_mistral,15,decode_s,absent_in_formal_rows_and_bound_receipts,data/responses/formal/llava16_mistral.jsonl.gz,$.decode_s; original source lines 1-6678,0,6678,41388899,data/responses/formal/manifest.json#$.models[3].output_bytes,Stored field coverage; absent measurements remain empty,"{""bound_receipt_values"":[],""first_observed_source_line"":null,""null_rows"":0,""segment_first_line"":139026,""segment_last_line"":145703,""size_scope"":""whole consolidated gzip; repeated per field/source, do not sum"",""source_path"":""outputs/raw/formal_remaining_v1/20260926/llava16_mistral/part_001/formal.jsonl""}"
llava16_mistral,15,decode_seconds,absent_in_formal_rows_and_bound_receipts,data/responses/formal/llava16_mistral.jsonl.gz,$.decode_seconds; original source lines 1-6678,0,6678,41388899,data/responses/formal/manifest.json#$.models[3].output_bytes,Stored field coverage; absent measurements remain empty,"{""bound_receipt_values"":[],""first_observed_source_line"":null,""null_rows"":0,""segment_first_line"":139026,""segment_last_line"":145703,""size_scope"":""whole consolidated gzip; repeated per field/source, do not sum"",""source_path"":""outputs/raw/formal_remaining_v1/20260926/llava16_mistral/part_001/formal.jsonl""}"
llava16_mistral,15,peak_memory_allocated,absent_in_formal_rows_and_bound_receipts,data/responses/formal/llava16_mistral.jsonl.gz,$.peak_memory_allocated; original source lines 1-6678,0,6678,41388899,data/responses/formal/manifest.json#$.models[3].output_bytes,Stored field coverage; absent measurements remain empty,"{""bound_receipt_values"":[],""first_observed_source_line"":null,""null_rows"":0,""segment_first_line"":139026,""segment_last_line"":145703,""size_scope"":""whole consolidated gzip; repeated per field/source, do not sum"",""source_path"":""outputs/raw/formal_remaining_v1/20260926/llava16_mistral/part_001/formal.jsonl""}"
llava16_mistral,15,peak_memory_bytes,absent_in_formal_rows_and_bound_receipts,data/responses/formal/llava16_mistral.jsonl.gz,$.peak_memory_bytes; original source lines 1-6678,0,6678,41388899,data/responses/formal/manifest.json#$.models[3].output_bytes,Stored field coverage; absent measurements remain empty,"{""bound_receipt_values"":[],""first_observed_source_line"":null,""null_rows"":0,""segment_first_line"":139026,""segment_last_line"":145703,""size_scope"":""whole consolidated gzip; repeated per field/source, do not sum"",""source_path"":""outputs/raw/formal_remaining_v1/20260926/llava16_mistral/part_001/formal.jsonl""}"
llava16_mistral,15,peak_gpu_memory_mb,absent_in_formal_rows_and_bound_receipts,data/responses/formal/llava16_mistral.jsonl.gz,$.peak_gpu_memory_mb; original source lines 1-6678,0,6678,41388899,data/responses/formal/manifest.json#$.models[3].output_bytes,Stored field coverage; absent measurements remain empty,"{""bound_receipt_values"":[],""first_observed_source_line"":null,""null_rows"":0,""segment_first_line"":139026,""segment_last_line"":145703,""size_scope"":""whole consolidated gzip; repeated per field/source, do not sum"",""source_path"":""outputs/raw/formal_remaining_v1/20260926/llava16_mistral/part_001/formal.jsonl""}"
llava16_mistral,15,max_memory_allocated,absent_in_formal_rows_and_bound_receipts,data/responses/formal/llava16_mistral.jsonl.gz,$.max_memory_allocated; original source lines 1-6678,0,6678,41388899,data/responses/formal/manifest.json#$.models[3].output_bytes,Stored field coverage; absent measurements remain empty,"{""bound_receipt_values"":[],""first_observed_source_line"":null,""null_rows"":0,""segment_first_line"":139026,""segment_last_line"":145703,""size_scope"":""whole consolidated gzip; repeated per field/source, do not sum"",""source_path"":""outputs/raw/formal_remaining_v1/20260926/llava16_mistral/part_001/formal.jsonl""}"
llava16_mistral,15,cache_hits,absent_in_formal_rows_and_bound_receipts,data/responses/formal/llava16_mistral.jsonl.gz,$.cache_hits; original source lines 1-6678,0,6678,41388899,data/responses/formal/manifest.json#$.models[3].output_bytes,Stored field coverage; absent measurements remain empty,"{""bound_receipt_values"":[],""first_observed_source_line"":null,""null_rows"":0,""segment_first_line"":139026,""segment_last_line"":145703,""size_scope"":""whole consolidated gzip; repeated per field/source, do not sum"",""source_path"":""outputs/raw/formal_remaining_v1/20260926/llava16_mistral/part_001/formal.jsonl""}"
llava16_mistral,15,cache_misses,absent_in_formal_rows_and_bound_receipts,data/responses/formal/llava16_mistral.jsonl.gz,$.cache_misses; original source lines 1-6678,0,6678,41388899,data/responses/formal/manifest.json#$.models[3].output_bytes,Stored field coverage; absent measurements remain empty,"{""bound_receipt_values"":[],""first_observed_source_line"":null,""null_rows"":0,""segment_first_line"":139026,""segment_last_line"":145703,""size_scope"":""whole consolidated gzip; repeated per field/source, do not sum"",""source_path"":""outputs/raw/formal_remaining_v1/20260926/llava16_mistral/part_001/formal.jsonl""}"
llava16_mistral,15,cache_bytes,absent_in_formal_rows_and_bound_receipts,data/responses/formal/llava16_mistral.jsonl.gz,$.cache_bytes; original source lines 1-6678,0,6678,41388899,data/responses/formal/manifest.json#$.models[3].output_bytes,Stored field coverage; absent measurements remain empty,"{""bound_receipt_values"":[],""first_observed_source_line"":null,""null_rows"":0,""segment_first_line"":139026,""segment_last_line"":145703,""size_scope"":""whole consolidated gzip; repeated per field/source, do not sum"",""source_path"":""outputs/raw/formal_remaining_v1/20260926/llava16_mistral/part_001/formal.jsonl""}"
llava16_mistral,15,hardware_identity,present_in_bound_identity,/home/g203-4028/projects/knowledge-deficit-mitigation-archive/20260929/historical_outputs.tar::outputs/raw/formal_remaining_v1/20260926/llava16_mistral/part_001/formal.identity.json,"$.definition.execution.{host,hostname,physical_gpus,gpu_uuids}",6678,6678,,,Execution identity matched to every raw row in this source segment,"{""gpu_uuids"":{""1"":""GPU-c6e6bac7-6035-192a-1e14-0c49903fbc4e""},""host"":""4028"",""hostname"":""4028"",""physical_gpus"":[""1""]}"
llava16_mistral,16,wall_s,present_in_formal_rows,data/responses/formal/llava16_mistral.jsonl.gz,$.wall_s; original source lines 1-43,43,43,41388899,data/responses/formal/manifest.json#$.models[3].output_bytes,"Existing per-answer wall_s: perf_counter immediately before image loading through image conversion, prompt/session construction, generation and session cleanup; measured before Ledger.add serialization. Model loading and ledger writing are outside this interval. Prefill/decode are not separated.","{""bound_receipt_values"":[],""first_observed_source_line"":1,""null_rows"":0,""segment_first_line"":145704,""segment_last_line"":145746,""size_scope"":""whole consolidated gzip; repeated per field/source, do not sum"",""source_path"":""outputs/raw/formal_crosshost_v2/sealed_llava_20260926_v2/llava16_mistral/part_000/formal.jsonl""}"
llava16_mistral,16,tokens,present_in_formal_rows,data/responses/formal/llava16_mistral.jsonl.gz,$.tokens; original source lines 1-43,43,43,41388899,data/responses/formal/manifest.json#$.models[3].output_bytes,"len(tokens) from the saved token-ID list, including any saved stop/EOS token; no retokenization. sum/mean use only rows with a saved list.","{""bound_receipt_values"":[],""first_observed_source_line"":1,""null_rows"":0,""segment_first_line"":145704,""segment_last_line"":145746,""size_scope"":""whole consolidated gzip; repeated per field/source, do not sum"",""source_path"":""outputs/raw/formal_crosshost_v2/sealed_llava_20260926_v2/llava16_mistral/part_000/formal.jsonl""}"
llava16_mistral,16,selected_log_probabilities,present_in_formal_rows,data/responses/formal/llava16_mistral.jsonl.gz,$.selected_log_probabilities; original source lines 1-43,43,43,41388899,data/responses/formal/manifest.json#$.models[3].output_bytes,Stored field coverage; absent measurements remain empty,"{""bound_receipt_values"":[],""first_observed_source_line"":1,""null_rows"":0,""segment_first_line"":145704,""segment_last_line"":145746,""size_scope"":""whole consolidated gzip; repeated per field/source, do not sum"",""source_path"":""outputs/raw/formal_crosshost_v2/sealed_llava_20260926_v2/llava16_mistral/part_000/formal.jsonl""}"
llava16_mistral,16,sequence_log_probability,present_in_formal_rows,data/responses/formal/llava16_mistral.jsonl.gz,$.sequence_log_probability; original source lines 1-43,43,43,41388899,data/responses/formal/manifest.json#$.models[3].output_bytes,Stored field coverage; absent measurements remain empty,"{""bound_receipt_values"":[],""first_observed_source_line"":1,""null_rows"":0,""segment_first_line"":145704,""segment_last_line"":145746,""size_scope"":""whole consolidated gzip; repeated per field/source, do not sum"",""source_path"":""outputs/raw/formal_crosshost_v2/sealed_llava_20260926_v2/llava16_mistral/part_000/formal.jsonl""}"
llava16_mistral,16,first_probability,present_in_formal_rows,data/responses/formal/llava16_mistral.jsonl.gz,$.first_probability; original source lines 1-43,43,43,41388899,data/responses/formal/manifest.json#$.models[3].output_bytes,Stored field coverage; absent measurements remain empty,"{""bound_receipt_values"":[],""first_observed_source_line"":1,""null_rows"":0,""segment_first_line"":145704,""segment_last_line"":145746,""size_scope"":""whole consolidated gzip; repeated per field/source, do not sum"",""source_path"":""outputs/raw/formal_crosshost_v2/sealed_llava_20260926_v2/llava16_mistral/part_000/formal.jsonl""}"
llava16_mistral,16,batch_size,absent_in_formal_rows_and_bound_receipts,data/responses/formal/llava16_mistral.jsonl.gz,$.batch_size; original source lines 1-43,0,43,41388899,data/responses/formal/manifest.json#$.models[3].output_bytes,Stored field coverage; absent measurements remain empty,"{""bound_receipt_values"":[],""first_observed_source_line"":null,""null_rows"":0,""segment_first_line"":145704,""segment_last_line"":145746,""size_scope"":""whole consolidated gzip; repeated per field/source, do not sum"",""source_path"":""outputs/raw/formal_crosshost_v2/sealed_llava_20260926_v2/llava16_mistral/part_000/formal.jsonl""}"
llava16_mistral,16,prefill_s,absent_in_formal_rows_and_bound_receipts,data/responses/formal/llava16_mistral.jsonl.gz,$.prefill_s; original source lines 1-43,0,43,41388899,data/responses/formal/manifest.json#$.models[3].output_bytes,Stored field coverage; absent measurements remain empty,"{""bound_receipt_values"":[],""first_observed_source_line"":null,""null_rows"":0,""segment_first_line"":145704,""segment_last_line"":145746,""size_scope"":""whole consolidated gzip; repeated per field/source, do not sum"",""source_path"":""outputs/raw/formal_crosshost_v2/sealed_llava_20260926_v2/llava16_mistral/part_000/formal.jsonl""}"
llava16_mistral,16,prefill_seconds,absent_in_formal_rows_and_bound_receipts,data/responses/formal/llava16_mistral.jsonl.gz,$.prefill_seconds; original source lines 1-43,0,43,41388899,data/responses/formal/manifest.json#$.models[3].output_bytes,Stored field coverage; absent measurements remain empty,"{""bound_receipt_values"":[],""first_observed_source_line"":null,""null_rows"":0,""segment_first_line"":145704,""segment_last_line"":145746,""size_scope"":""whole consolidated gzip; repeated per field/source, do not sum"",""source_path"":""outputs/raw/formal_crosshost_v2/sealed_llava_20260926_v2/llava16_mistral/part_000/formal.jsonl""}"
llava16_mistral,16,decode_s,absent_in_formal_rows_and_bound_receipts,data/responses/formal/llava16_mistral.jsonl.gz,$.decode_s; original source lines 1-43,0,43,41388899,data/responses/formal/manifest.json#$.models[3].output_bytes,Stored field coverage; absent measurements remain empty,"{""bound_receipt_values"":[],""first_observed_source_line"":null,""null_rows"":0,""segment_first_line"":145704,""segment_last_line"":145746,""size_scope"":""whole consolidated gzip; repeated per field/source, do not sum"",""source_path"":""outputs/raw/formal_crosshost_v2/sealed_llava_20260926_v2/llava16_mistral/part_000/formal.jsonl""}"
llava16_mistral,16,decode_seconds,absent_in_formal_rows_and_bound_receipts,data/responses/formal/llava16_mistral.jsonl.gz,$.decode_seconds; original source lines 1-43,0,43,41388899,data/responses/formal/manifest.json#$.models[3].output_bytes,Stored field coverage; absent measurements remain empty,"{""bound_receipt_values"":[],""first_observed_source_line"":null,""null_rows"":0,""segment_first_line"":145704,""segment_last_line"":145746,""size_scope"":""whole consolidated gzip; repeated per field/source, do not sum"",""source_path"":""outputs/raw/formal_crosshost_v2/sealed_llava_20260926_v2/llava16_mistral/part_000/formal.jsonl""}"
llava16_mistral,16,peak_memory_allocated,absent_in_formal_rows_and_bound_receipts,data/responses/formal/llava16_mistral.jsonl.gz,$.peak_memory_allocated; original source lines 1-43,0,43,41388899,data/responses/formal/manifest.json#$.models[3].output_bytes,Stored field coverage; absent measurements remain empty,"{""bound_receipt_values"":[],""first_observed_source_line"":null,""null_rows"":0,""segment_first_line"":145704,""segment_last_line"":145746,""size_scope"":""whole consolidated gzip; repeated per field/source, do not sum"",""source_path"":""outputs/raw/formal_crosshost_v2/sealed_llava_20260926_v2/llava16_mistral/part_000/formal.jsonl""}"
llava16_mistral,16,peak_memory_bytes,absent_in_formal_rows_and_bound_receipts,data/responses/formal/llava16_mistral.jsonl.gz,$.peak_memory_bytes; original source lines 1-43,0,43,41388899,data/responses/formal/manifest.json#$.models[3].output_bytes,Stored field coverage; absent measurements remain empty,"{""bound_receipt_values"":[],""first_observed_source_line"":null,""null_rows"":0,""segment_first_line"":145704,""segment_last_line"":145746,""size_scope"":""whole consolidated gzip; repeated per field/source, do not sum"",""source_path"":""outputs/raw/formal_crosshost_v2/sealed_llava_20260926_v2/llava16_mistral/part_000/formal.jsonl""}"
llava16_mistral,16,peak_gpu_memory_mb,absent_in_formal_rows_and_bound_receipts,data/responses/formal/llava16_mistral.jsonl.gz,$.peak_gpu_memory_mb; original source lines 1-43,0,43,41388899,data/responses/formal/manifest.json#$.models[3].output_bytes,Stored field coverage; absent measurements remain empty,"{""bound_receipt_values"":[],""first_observed_source_line"":null,""null_rows"":0,""segment_first_line"":145704,""segment_last_line"":145746,""size_scope"":""whole consolidated gzip; repeated per field/source, do not sum"",""source_path"":""outputs/raw/formal_crosshost_v2/sealed_llava_20260926_v2/llava16_mistral/part_000/formal.jsonl""}"
llava16_mistral,16,max_memory_allocated,absent_in_formal_rows_and_bound_receipts,data/responses/formal/llava16_mistral.jsonl.gz,$.max_memory_allocated; original source lines 1-43,0,43,41388899,data/responses/formal/manifest.json#$.models[3].output_bytes,Stored field coverage; absent measurements remain empty,"{""bound_receipt_values"":[],""first_observed_source_line"":null,""null_rows"":0,""segment_first_line"":145704,""segment_last_line"":145746,""size_scope"":""whole consolidated gzip; repeated per field/source, do not sum"",""source_path"":""outputs/raw/formal_crosshost_v2/sealed_llava_20260926_v2/llava16_mistral/part_000/formal.jsonl""}"
llava16_mistral,16,cache_hits,absent_in_formal_rows_and_bound_receipts,data/responses/formal/llava16_mistral.jsonl.gz,$.cache_hits; original source lines 1-43,0,43,41388899,data/responses/formal/manifest.json#$.models[3].output_bytes,Stored field coverage; absent measurements remain empty,"{""bound_receipt_values"":[],""first_observed_source_line"":null,""null_rows"":0,""segment_first_line"":145704,""segment_last_line"":145746,""size_scope"":""whole consolidated gzip; repeated per field/source, do not sum"",""source_path"":""outputs/raw/formal_crosshost_v2/sealed_llava_20260926_v2/llava16_mistral/part_000/formal.jsonl""}"
llava16_mistral,16,cache_misses,absent_in_formal_rows_and_bound_receipts,data/responses/formal/llava16_mistral.jsonl.gz,$.cache_misses; original source lines 1-43,0,43,41388899,data/responses/formal/manifest.json#$.models[3].output_bytes,Stored field coverage; absent measurements remain empty,"{""bound_receipt_values"":[],""first_observed_source_line"":null,""null_rows"":0,""segment_first_line"":145704,""segment_last_line"":145746,""size_scope"":""whole consolidated gzip; repeated per field/source, do not sum"",""source_path"":""outputs/raw/formal_crosshost_v2/sealed_llava_20260926_v2/llava16_mistral/part_000/formal.jsonl""}"
llava16_mistral,16,cache_bytes,absent_in_formal_rows_and_bound_receipts,data/responses/formal/llava16_mistral.jsonl.gz,$.cache_bytes; original source lines 1-43,0,43,41388899,data/responses/formal/manifest.json#$.models[3].output_bytes,Stored field coverage; absent measurements remain empty,"{""bound_receipt_values"":[],""first_observed_source_line"":null,""null_rows"":0,""segment_first_line"":145704,""segment_last_line"":145746,""size_scope"":""whole consolidated gzip; repeated per field/source, do not sum"",""source_path"":""outputs/raw/formal_crosshost_v2/sealed_llava_20260926_v2/llava16_mistral/part_000/formal.jsonl""}"
llava16_mistral,16,hardware_identity,present_in_bound_identity,/home/g203-4028/projects/knowledge-deficit-mitigation-archive/20260929/historical_outputs.tar::outputs/raw/formal_crosshost_v2/sealed_llava_20260926_v2/llava16_mistral/part_000/formal.identity.json,"$.definition.execution.{host,hostname,physical_gpus,gpu_uuids}",43,43,,,Execution identity matched to every raw row in this source segment,"{""gpu_uuids"":{""0"":""GPU-5a0d331f-afba-237f-fde6-762a8b1ff2f3""},""host"":""4028"",""hostname"":""4028"",""physical_gpus"":[""0""]}"
llava16_mistral,17,wall_s,present_in_formal_rows,data/responses/formal/llava16_mistral.jsonl.gz,$.wall_s; original source lines 1-43,43,43,41388899,data/responses/formal/manifest.json#$.models[3].output_bytes,"Existing per-answer wall_s: perf_counter immediately before image loading through image conversion, prompt/session construction, generation and session cleanup; measured before Ledger.add serialization. Model loading and ledger writing are outside this interval. Prefill/decode are not separated.","{""bound_receipt_values"":[],""first_observed_source_line"":1,""null_rows"":0,""segment_first_line"":145747,""segment_last_line"":145789,""size_scope"":""whole consolidated gzip; repeated per field/source, do not sum"",""source_path"":""outputs/raw/formal_crosshost_v2/sealed_llava_20260926_v2/llava16_mistral/part_001/formal.jsonl""}"
llava16_mistral,17,tokens,present_in_formal_rows,data/responses/formal/llava16_mistral.jsonl.gz,$.tokens; original source lines 1-43,43,43,41388899,data/responses/formal/manifest.json#$.models[3].output_bytes,"len(tokens) from the saved token-ID list, including any saved stop/EOS token; no retokenization. sum/mean use only rows with a saved list.","{""bound_receipt_values"":[],""first_observed_source_line"":1,""null_rows"":0,""segment_first_line"":145747,""segment_last_line"":145789,""size_scope"":""whole consolidated gzip; repeated per field/source, do not sum"",""source_path"":""outputs/raw/formal_crosshost_v2/sealed_llava_20260926_v2/llava16_mistral/part_001/formal.jsonl""}"
llava16_mistral,17,selected_log_probabilities,present_in_formal_rows,data/responses/formal/llava16_mistral.jsonl.gz,$.selected_log_probabilities; original source lines 1-43,43,43,41388899,data/responses/formal/manifest.json#$.models[3].output_bytes,Stored field coverage; absent measurements remain empty,"{""bound_receipt_values"":[],""first_observed_source_line"":1,""null_rows"":0,""segment_first_line"":145747,""segment_last_line"":145789,""size_scope"":""whole consolidated gzip; repeated per field/source, do not sum"",""source_path"":""outputs/raw/formal_crosshost_v2/sealed_llava_20260926_v2/llava16_mistral/part_001/formal.jsonl""}"
llava16_mistral,17,sequence_log_probability,present_in_formal_rows,data/responses/formal/llava16_mistral.jsonl.gz,$.sequence_log_probability; original source lines 1-43,43,43,41388899,data/responses/formal/manifest.json#$.models[3].output_bytes,Stored field coverage; absent measurements remain empty,"{""bound_receipt_values"":[],""first_observed_source_line"":1,""null_rows"":0,""segment_first_line"":145747,""segment_last_line"":145789,""size_scope"":""whole consolidated gzip; repeated per field/source, do not sum"",""source_path"":""outputs/raw/formal_crosshost_v2/sealed_llava_20260926_v2/llava16_mistral/part_001/formal.jsonl""}"
llava16_mistral,17,first_probability,present_in_formal_rows,data/responses/formal/llava16_mistral.jsonl.gz,$.first_probability; original source lines 1-43,43,43,41388899,data/responses/formal/manifest.json#$.models[3].output_bytes,Stored field coverage; absent measurements remain empty,"{""bound_receipt_values"":[],""first_observed_source_line"":1,""null_rows"":0,""segment_first_line"":145747,""segment_last_line"":145789,""size_scope"":""whole consolidated gzip; repeated per field/source, do not sum"",""source_path"":""outputs/raw/formal_crosshost_v2/sealed_llava_20260926_v2/llava16_mistral/part_001/formal.jsonl""}"
llava16_mistral,17,batch_size,absent_in_formal_rows_and_bound_receipts,data/responses/formal/llava16_mistral.jsonl.gz,$.batch_size; original source lines 1-43,0,43,41388899,data/responses/formal/manifest.json#$.models[3].output_bytes,Stored field coverage; absent measurements remain empty,"{""bound_receipt_values"":[],""first_observed_source_line"":null,""null_rows"":0,""segment_first_line"":145747,""segment_last_line"":145789,""size_scope"":""whole consolidated gzip; repeated per field/source, do not sum"",""source_path"":""outputs/raw/formal_crosshost_v2/sealed_llava_20260926_v2/llava16_mistral/part_001/formal.jsonl""}"
llava16_mistral,17,prefill_s,absent_in_formal_rows_and_bound_receipts,data/responses/formal/llava16_mistral.jsonl.gz,$.prefill_s; original source lines 1-43,0,43,41388899,data/responses/formal/manifest.json#$.models[3].output_bytes,Stored field coverage; absent measurements remain empty,"{""bound_receipt_values"":[],""first_observed_source_line"":null,""null_rows"":0,""segment_first_line"":145747,""segment_last_line"":145789,""size_scope"":""whole consolidated gzip; repeated per field/source, do not sum"",""source_path"":""outputs/raw/formal_crosshost_v2/sealed_llava_20260926_v2/llava16_mistral/part_001/formal.jsonl""}"
llava16_mistral,17,prefill_seconds,absent_in_formal_rows_and_bound_receipts,data/responses/formal/llava16_mistral.jsonl.gz,$.prefill_seconds; original source lines 1-43,0,43,41388899,data/responses/formal/manifest.json#$.models[3].output_bytes,Stored field coverage; absent measurements remain empty,"{""bound_receipt_values"":[],""first_observed_source_line"":null,""null_rows"":0,""segment_first_line"":145747,""segment_last_line"":145789,""size_scope"":""whole consolidated gzip; repeated per field/source, do not sum"",""source_path"":""outputs/raw/formal_crosshost_v2/sealed_llava_20260926_v2/llava16_mistral/part_001/formal.jsonl""}"
llava16_mistral,17,decode_s,absent_in_formal_rows_and_bound_receipts,data/responses/formal/llava16_mistral.jsonl.gz,$.decode_s; original source lines 1-43,0,43,41388899,data/responses/formal/manifest.json#$.models[3].output_bytes,Stored field coverage; absent measurements remain empty,"{""bound_receipt_values"":[],""first_observed_source_line"":null,""null_rows"":0,""segment_first_line"":145747,""segment_last_line"":145789,""size_scope"":""whole consolidated gzip; repeated per field/source, do not sum"",""source_path"":""outputs/raw/formal_crosshost_v2/sealed_llava_20260926_v2/llava16_mistral/part_001/formal.jsonl""}"
llava16_mistral,17,decode_seconds,absent_in_formal_rows_and_bound_receipts,data/responses/formal/llava16_mistral.jsonl.gz,$.decode_seconds; original source lines 1-43,0,43,41388899,data/responses/formal/manifest.json#$.models[3].output_bytes,Stored field coverage; absent measurements remain empty,"{""bound_receipt_values"":[],""first_observed_source_line"":null,""null_rows"":0,""segment_first_line"":145747,""segment_last_line"":145789,""size_scope"":""whole consolidated gzip; repeated per field/source, do not sum"",""source_path"":""outputs/raw/formal_crosshost_v2/sealed_llava_20260926_v2/llava16_mistral/part_001/formal.jsonl""}"
llava16_mistral,17,peak_memory_allocated,absent_in_formal_rows_and_bound_receipts,data/responses/formal/llava16_mistral.jsonl.gz,$.peak_memory_allocated; original source lines 1-43,0,43,41388899,data/responses/formal/manifest.json#$.models[3].output_bytes,Stored field coverage; absent measurements remain empty,"{""bound_receipt_values"":[],""first_observed_source_line"":null,""null_rows"":0,""segment_first_line"":145747,""segment_last_line"":145789,""size_scope"":""whole consolidated gzip; repeated per field/source, do not sum"",""source_path"":""outputs/raw/formal_crosshost_v2/sealed_llava_20260926_v2/llava16_mistral/part_001/formal.jsonl""}"
llava16_mistral,17,peak_memory_bytes,absent_in_formal_rows_and_bound_receipts,data/responses/formal/llava16_mistral.jsonl.gz,$.peak_memory_bytes; original source lines 1-43,0,43,41388899,data/responses/formal/manifest.json#$.models[3].output_bytes,Stored field coverage; absent measurements remain empty,"{""bound_receipt_values"":[],""first_observed_source_line"":null,""null_rows"":0,""segment_first_line"":145747,""segment_last_line"":145789,""size_scope"":""whole consolidated gzip; repeated per field/source, do not sum"",""source_path"":""outputs/raw/formal_crosshost_v2/sealed_llava_20260926_v2/llava16_mistral/part_001/formal.jsonl""}"
llava16_mistral,17,peak_gpu_memory_mb,absent_in_formal_rows_and_bound_receipts,data/responses/formal/llava16_mistral.jsonl.gz,$.peak_gpu_memory_mb; original source lines 1-43,0,43,41388899,data/responses/formal/manifest.json#$.models[3].output_bytes,Stored field coverage; absent measurements remain empty,"{""bound_receipt_values"":[],""first_observed_source_line"":null,""null_rows"":0,""segment_first_line"":145747,""segment_last_line"":145789,""size_scope"":""whole consolidated gzip; repeated per field/source, do not sum"",""source_path"":""outputs/raw/formal_crosshost_v2/sealed_llava_20260926_v2/llava16_mistral/part_001/formal.jsonl""}"
llava16_mistral,17,max_memory_allocated,absent_in_formal_rows_and_bound_receipts,data/responses/formal/llava16_mistral.jsonl.gz,$.max_memory_allocated; original source lines 1-43,0,43,41388899,data/responses/formal/manifest.json#$.models[3].output_bytes,Stored field coverage; absent measurements remain empty,"{""bound_receipt_values"":[],""first_observed_source_line"":null,""null_rows"":0,""segment_first_line"":145747,""segment_last_line"":145789,""size_scope"":""whole consolidated gzip; repeated per field/source, do not sum"",""source_path"":""outputs/raw/formal_crosshost_v2/sealed_llava_20260926_v2/llava16_mistral/part_001/formal.jsonl""}"
llava16_mistral,17,cache_hits,absent_in_formal_rows_and_bound_receipts,data/responses/formal/llava16_mistral.jsonl.gz,$.cache_hits; original source lines 1-43,0,43,41388899,data/responses/formal/manifest.json#$.models[3].output_bytes,Stored field coverage; absent measurements remain empty,"{""bound_receipt_values"":[],""first_observed_source_line"":null,""null_rows"":0,""segment_first_line"":145747,""segment_last_line"":145789,""size_scope"":""whole consolidated gzip; repeated per field/source, do not sum"",""source_path"":""outputs/raw/formal_crosshost_v2/sealed_llava_20260926_v2/llava16_mistral/part_001/formal.jsonl""}"
llava16_mistral,17,cache_misses,absent_in_formal_rows_and_bound_receipts,data/responses/formal/llava16_mistral.jsonl.gz,$.cache_misses; original source lines 1-43,0,43,41388899,data/responses/formal/manifest.json#$.models[3].output_bytes,Stored field coverage; absent measurements remain empty,"{""bound_receipt_values"":[],""first_observed_source_line"":null,""null_rows"":0,""segment_first_line"":145747,""segment_last_line"":145789,""size_scope"":""whole consolidated gzip; repeated per field/source, do not sum"",""source_path"":""outputs/raw/formal_crosshost_v2/sealed_llava_20260926_v2/llava16_mistral/part_001/formal.jsonl""}"
llava16_mistral,17,cache_bytes,absent_in_formal_rows_and_bound_receipts,data/responses/formal/llava16_mistral.jsonl.gz,$.cache_bytes; original source lines 1-43,0,43,41388899,data/responses/formal/manifest.json#$.models[3].output_bytes,Stored field coverage; absent measurements remain empty,"{""bound_receipt_values"":[],""first_observed_source_line"":null,""null_rows"":0,""segment_first_line"":145747,""segment_last_line"":145789,""size_scope"":""whole consolidated gzip; repeated per field/source, do not sum"",""source_path"":""outputs/raw/formal_crosshost_v2/sealed_llava_20260926_v2/llava16_mistral/part_001/formal.jsonl""}"
llava16_mistral,17,hardware_identity,present_in_bound_identity,/home/g203-4028/projects/knowledge-deficit-mitigation-archive/20260929/historical_outputs.tar::outputs/raw/formal_crosshost_v2/sealed_llava_20260926_v2/llava16_mistral/part_001/formal.identity.json,"$.definition.execution.{host,hostname,physical_gpus,gpu_uuids}",43,43,,,Execution identity matched to every raw row in this source segment,"{""gpu_uuids"":{""1"":""GPU-c6e6bac7-6035-192a-1e14-0c49903fbc4e""},""host"":""4028"",""hostname"":""4028"",""physical_gpus"":[""1""]}"
llava16_mistral,18,wall_s,present_in_formal_rows,data/responses/formal/llava16_mistral.jsonl.gz,$.wall_s; original source lines 1-11779,11779,11779,41388899,data/responses/formal/manifest.json#$.models[3].output_bytes,"Existing per-answer wall_s: perf_counter immediately before image loading through image conversion, prompt/session construction, generation and session cleanup; measured before Ledger.add serialization. Model loading and ledger writing are outside this interval. Prefill/decode are not separated.","{""bound_receipt_values"":[],""first_observed_source_line"":1,""null_rows"":0,""segment_first_line"":145790,""segment_last_line"":157568,""size_scope"":""whole consolidated gzip; repeated per field/source, do not sum"",""source_path"":""outputs/raw/formal_crosshost_v2/sealed_llava_20260926_v3/llava16_mistral/part_000/formal.jsonl""}"
llava16_mistral,18,tokens,present_in_formal_rows,data/responses/formal/llava16_mistral.jsonl.gz,$.tokens; original source lines 1-11779,11779,11779,41388899,data/responses/formal/manifest.json#$.models[3].output_bytes,"len(tokens) from the saved token-ID list, including any saved stop/EOS token; no retokenization. sum/mean use only rows with a saved list.","{""bound_receipt_values"":[],""first_observed_source_line"":1,""null_rows"":0,""segment_first_line"":145790,""segment_last_line"":157568,""size_scope"":""whole consolidated gzip; repeated per field/source, do not sum"",""source_path"":""outputs/raw/formal_crosshost_v2/sealed_llava_20260926_v3/llava16_mistral/part_000/formal.jsonl""}"
llava16_mistral,18,selected_log_probabilities,present_in_formal_rows,data/responses/formal/llava16_mistral.jsonl.gz,$.selected_log_probabilities; original source lines 1-11779,11779,11779,41388899,data/responses/formal/manifest.json#$.models[3].output_bytes,Stored field coverage; absent measurements remain empty,"{""bound_receipt_values"":[],""first_observed_source_line"":1,""null_rows"":0,""segment_first_line"":145790,""segment_last_line"":157568,""size_scope"":""whole consolidated gzip; repeated per field/source, do not sum"",""source_path"":""outputs/raw/formal_crosshost_v2/sealed_llava_20260926_v3/llava16_mistral/part_000/formal.jsonl""}"
llava16_mistral,18,sequence_log_probability,present_in_formal_rows,data/responses/formal/llava16_mistral.jsonl.gz,$.sequence_log_probability; original source lines 1-11779,11779,11779,41388899,data/responses/formal/manifest.json#$.models[3].output_bytes,Stored field coverage; absent measurements remain empty,"{""bound_receipt_values"":[],""first_observed_source_line"":1,""null_rows"":0,""segment_first_line"":145790,""segment_last_line"":157568,""size_scope"":""whole consolidated gzip; repeated per field/source, do not sum"",""source_path"":""outputs/raw/formal_crosshost_v2/sealed_llava_20260926_v3/llava16_mistral/part_000/formal.jsonl""}"
llava16_mistral,18,first_probability,present_in_formal_rows,data/responses/formal/llava16_mistral.jsonl.gz,$.first_probability; original source lines 1-11779,11779,11779,41388899,data/responses/formal/manifest.json#$.models[3].output_bytes,Stored field coverage; absent measurements remain empty,"{""bound_receipt_values"":[],""first_observed_source_line"":1,""null_rows"":0,""segment_first_line"":145790,""segment_last_line"":157568,""size_scope"":""whole consolidated gzip; repeated per field/source, do not sum"",""source_path"":""outputs/raw/formal_crosshost_v2/sealed_llava_20260926_v3/llava16_mistral/part_000/formal.jsonl""}"
llava16_mistral,18,batch_size,absent_in_formal_rows_and_bound_receipts,data/responses/formal/llava16_mistral.jsonl.gz,$.batch_size; original source lines 1-11779,0,11779,41388899,data/responses/formal/manifest.json#$.models[3].output_bytes,Stored field coverage; absent measurements remain empty,"{""bound_receipt_values"":[],""first_observed_source_line"":null,""null_rows"":0,""segment_first_line"":145790,""segment_last_line"":157568,""size_scope"":""whole consolidated gzip; repeated per field/source, do not sum"",""source_path"":""outputs/raw/formal_crosshost_v2/sealed_llava_20260926_v3/llava16_mistral/part_000/formal.jsonl""}"
llava16_mistral,18,prefill_s,absent_in_formal_rows_and_bound_receipts,data/responses/formal/llava16_mistral.jsonl.gz,$.prefill_s; original source lines 1-11779,0,11779,41388899,data/responses/formal/manifest.json#$.models[3].output_bytes,Stored field coverage; absent measurements remain empty,"{""bound_receipt_values"":[],""first_observed_source_line"":null,""null_rows"":0,""segment_first_line"":145790,""segment_last_line"":157568,""size_scope"":""whole consolidated gzip; repeated per field/source, do not sum"",""source_path"":""outputs/raw/formal_crosshost_v2/sealed_llava_20260926_v3/llava16_mistral/part_000/formal.jsonl""}"
llava16_mistral,18,prefill_seconds,absent_in_formal_rows_and_bound_receipts,data/responses/formal/llava16_mistral.jsonl.gz,$.prefill_seconds; original source lines 1-11779,0,11779,41388899,data/responses/formal/manifest.json#$.models[3].output_bytes,Stored field coverage; absent measurements remain empty,"{""bound_receipt_values"":[],""first_observed_source_line"":null,""null_rows"":0,""segment_first_line"":145790,""segment_last_line"":157568,""size_scope"":""whole consolidated gzip; repeated per field/source, do not sum"",""source_path"":""outputs/raw/formal_crosshost_v2/sealed_llava_20260926_v3/llava16_mistral/part_000/formal.jsonl""}"
llava16_mistral,18,decode_s,absent_in_formal_rows_and_bound_receipts,data/responses/formal/llava16_mistral.jsonl.gz,$.decode_s; original source lines 1-11779,0,11779,41388899,data/responses/formal/manifest.json#$.models[3].output_bytes,Stored field coverage; absent measurements remain empty,"{""bound_receipt_values"":[],""first_observed_source_line"":null,""null_rows"":0,""segment_first_line"":145790,""segment_last_line"":157568,""size_scope"":""whole consolidated gzip; repeated per field/source, do not sum"",""source_path"":""outputs/raw/formal_crosshost_v2/sealed_llava_20260926_v3/llava16_mistral/part_000/formal.jsonl""}"
llava16_mistral,18,decode_seconds,absent_in_formal_rows_and_bound_receipts,data/responses/formal/llava16_mistral.jsonl.gz,$.decode_seconds; original source lines 1-11779,0,11779,41388899,data/responses/formal/manifest.json#$.models[3].output_bytes,Stored field coverage; absent measurements remain empty,"{""bound_receipt_values"":[],""first_observed_source_line"":null,""null_rows"":0,""segment_first_line"":145790,""segment_last_line"":157568,""size_scope"":""whole consolidated gzip; repeated per field/source, do not sum"",""source_path"":""outputs/raw/formal_crosshost_v2/sealed_llava_20260926_v3/llava16_mistral/part_000/formal.jsonl""}"
llava16_mistral,18,peak_memory_allocated,absent_in_formal_rows_and_bound_receipts,data/responses/formal/llava16_mistral.jsonl.gz,$.peak_memory_allocated; original source lines 1-11779,0,11779,41388899,data/responses/formal/manifest.json#$.models[3].output_bytes,Stored field coverage; absent measurements remain empty,"{""bound_receipt_values"":[],""first_observed_source_line"":null,""null_rows"":0,""segment_first_line"":145790,""segment_last_line"":157568,""size_scope"":""whole consolidated gzip; repeated per field/source, do not sum"",""source_path"":""outputs/raw/formal_crosshost_v2/sealed_llava_20260926_v3/llava16_mistral/part_000/formal.jsonl""}"
llava16_mistral,18,peak_memory_bytes,absent_in_formal_rows_and_bound_receipts,data/responses/formal/llava16_mistral.jsonl.gz,$.peak_memory_bytes; original source lines 1-11779,0,11779,41388899,data/responses/formal/manifest.json#$.models[3].output_bytes,Stored field coverage; absent measurements remain empty,"{""bound_receipt_values"":[],""first_observed_source_line"":null,""null_rows"":0,""segment_first_line"":145790,""segment_last_line"":157568,""size_scope"":""whole consolidated gzip; repeated per field/source, do not sum"",""source_path"":""outputs/raw/formal_crosshost_v2/sealed_llava_20260926_v3/llava16_mistral/part_000/formal.jsonl""}"
llava16_mistral,18,peak_gpu_memory_mb,absent_in_formal_rows_and_bound_receipts,data/responses/formal/llava16_mistral.jsonl.gz,$.peak_gpu_memory_mb; original source lines 1-11779,0,11779,41388899,data/responses/formal/manifest.json#$.models[3].output_bytes,Stored field coverage; absent measurements remain empty,"{""bound_receipt_values"":[],""first_observed_source_line"":null,""null_rows"":0,""segment_first_line"":145790,""segment_last_line"":157568,""size_scope"":""whole consolidated gzip; repeated per field/source, do not sum"",""source_path"":""outputs/raw/formal_crosshost_v2/sealed_llava_20260926_v3/llava16_mistral/part_000/formal.jsonl""}"
llava16_mistral,18,max_memory_allocated,absent_in_formal_rows_and_bound_receipts,data/responses/formal/llava16_mistral.jsonl.gz,$.max_memory_allocated; original source lines 1-11779,0,11779,41388899,data/responses/formal/manifest.json#$.models[3].output_bytes,Stored field coverage; absent measurements remain empty,"{""bound_receipt_values"":[],""first_observed_source_line"":null,""null_rows"":0,""segment_first_line"":145790,""segment_last_line"":157568,""size_scope"":""whole consolidated gzip; repeated per field/source, do not sum"",""source_path"":""outputs/raw/formal_crosshost_v2/sealed_llava_20260926_v3/llava16_mistral/part_000/formal.jsonl""}"
llava16_mistral,18,cache_hits,absent_in_formal_rows_and_bound_receipts,data/responses/formal/llava16_mistral.jsonl.gz,$.cache_hits; original source lines 1-11779,0,11779,41388899,data/responses/formal/manifest.json#$.models[3].output_bytes,Stored field coverage; absent measurements remain empty,"{""bound_receipt_values"":[],""first_observed_source_line"":null,""null_rows"":0,""segment_first_line"":145790,""segment_last_line"":157568,""size_scope"":""whole consolidated gzip; repeated per field/source, do not sum"",""source_path"":""outputs/raw/formal_crosshost_v2/sealed_llava_20260926_v3/llava16_mistral/part_000/formal.jsonl""}"
llava16_mistral,18,cache_misses,absent_in_formal_rows_and_bound_receipts,data/responses/formal/llava16_mistral.jsonl.gz,$.cache_misses; original source lines 1-11779,0,11779,41388899,data/responses/formal/manifest.json#$.models[3].output_bytes,Stored field coverage; absent measurements remain empty,"{""bound_receipt_values"":[],""first_observed_source_line"":null,""null_rows"":0,""segment_first_line"":145790,""segment_last_line"":157568,""size_scope"":""whole consolidated gzip; repeated per field/source, do not sum"",""source_path"":""outputs/raw/formal_crosshost_v2/sealed_llava_20260926_v3/llava16_mistral/part_000/formal.jsonl""}"
llava16_mistral,18,cache_bytes,absent_in_formal_rows_and_bound_receipts,data/responses/formal/llava16_mistral.jsonl.gz,$.cache_bytes; original source lines 1-11779,0,11779,41388899,data/responses/formal/manifest.json#$.models[3].output_bytes,Stored field coverage; absent measurements remain empty,"{""bound_receipt_values"":[],""first_observed_source_line"":null,""null_rows"":0,""segment_first_line"":145790,""segment_last_line"":157568,""size_scope"":""whole consolidated gzip; repeated per field/source, do not sum"",""source_path"":""outputs/raw/formal_crosshost_v2/sealed_llava_20260926_v3/llava16_mistral/part_000/formal.jsonl""}"
llava16_mistral,18,hardware_identity,present_in_bound_identity,/home/g203-4028/projects/knowledge-deficit-mitigation-archive/20260929/historical_outputs.tar::outputs/raw/formal_crosshost_v2/sealed_llava_20260926_v3/llava16_mistral/part_000/formal.identity.json,"$.definition.execution.{host,hostname,physical_gpus,gpu_uuids}",11779,11779,,,Execution identity matched to every raw row in this source segment,"{""gpu_uuids"":{""0"":""GPU-6f5dc226-6850-9f93-d4b7-b6f2d618b402""},""host"":""6403"",""hostname"":""oem-PowerEdge-T640"",""physical_gpus"":[""0""]}"
llava16_mistral,19,wall_s,present_in_formal_rows,data/responses/formal/llava16_mistral.jsonl.gz,$.wall_s; original source lines 1-11585,11585,11585,41388899,data/responses/formal/manifest.json#$.models[3].output_bytes,"Existing per-answer wall_s: perf_counter immediately before image loading through image conversion, prompt/session construction, generation and session cleanup; measured before Ledger.add serialization. Model loading and ledger writing are outside this interval. Prefill/decode are not separated.","{""bound_receipt_values"":[],""first_observed_source_line"":1,""null_rows"":0,""segment_first_line"":157569,""segment_last_line"":169153,""size_scope"":""whole consolidated gzip; repeated per field/source, do not sum"",""source_path"":""outputs/raw/formal_crosshost_v2/sealed_llava_20260926_v3/llava16_mistral/part_001/formal.jsonl""}"
llava16_mistral,19,tokens,present_in_formal_rows,data/responses/formal/llava16_mistral.jsonl.gz,$.tokens; original source lines 1-11585,11585,11585,41388899,data/responses/formal/manifest.json#$.models[3].output_bytes,"len(tokens) from the saved token-ID list, including any saved stop/EOS token; no retokenization. sum/mean use only rows with a saved list.","{""bound_receipt_values"":[],""first_observed_source_line"":1,""null_rows"":0,""segment_first_line"":157569,""segment_last_line"":169153,""size_scope"":""whole consolidated gzip; repeated per field/source, do not sum"",""source_path"":""outputs/raw/formal_crosshost_v2/sealed_llava_20260926_v3/llava16_mistral/part_001/formal.jsonl""}"
llava16_mistral,19,selected_log_probabilities,present_in_formal_rows,data/responses/formal/llava16_mistral.jsonl.gz,$.selected_log_probabilities; original source lines 1-11585,11585,11585,41388899,data/responses/formal/manifest.json#$.models[3].output_bytes,Stored field coverage; absent measurements remain empty,"{""bound_receipt_values"":[],""first_observed_source_line"":1,""null_rows"":0,""segment_first_line"":157569,""segment_last_line"":169153,""size_scope"":""whole consolidated gzip; repeated per field/source, do not sum"",""source_path"":""outputs/raw/formal_crosshost_v2/sealed_llava_20260926_v3/llava16_mistral/part_001/formal.jsonl""}"
llava16_mistral,19,sequence_log_probability,present_in_formal_rows,data/responses/formal/llava16_mistral.jsonl.gz,$.sequence_log_probability; original source lines 1-11585,11585,11585,41388899,data/responses/formal/manifest.json#$.models[3].output_bytes,Stored field coverage; absent measurements remain empty,"{""bound_receipt_values"":[],""first_observed_source_line"":1,""null_rows"":0,""segment_first_line"":157569,""segment_last_line"":169153,""size_scope"":""whole consolidated gzip; repeated per field/source, do not sum"",""source_path"":""outputs/raw/formal_crosshost_v2/sealed_llava_20260926_v3/llava16_mistral/part_001/formal.jsonl""}"
llava16_mistral,19,first_probability,present_in_formal_rows,data/responses/formal/llava16_mistral.jsonl.gz,$.first_probability; original source lines 1-11585,11585,11585,41388899,data/responses/formal/manifest.json#$.models[3].output_bytes,Stored field coverage; absent measurements remain empty,"{""bound_receipt_values"":[],""first_observed_source_line"":1,""null_rows"":0,""segment_first_line"":157569,""segment_last_line"":169153,""size_scope"":""whole consolidated gzip; repeated per field/source, do not sum"",""source_path"":""outputs/raw/formal_crosshost_v2/sealed_llava_20260926_v3/llava16_mistral/part_001/formal.jsonl""}"
llava16_mistral,19,batch_size,absent_in_formal_rows_and_bound_receipts,data/responses/formal/llava16_mistral.jsonl.gz,$.batch_size; original source lines 1-11585,0,11585,41388899,data/responses/formal/manifest.json#$.models[3].output_bytes,Stored field coverage; absent measurements remain empty,"{""bound_receipt_values"":[],""first_observed_source_line"":null,""null_rows"":0,""segment_first_line"":157569,""segment_last_line"":169153,""size_scope"":""whole consolidated gzip; repeated per field/source, do not sum"",""source_path"":""outputs/raw/formal_crosshost_v2/sealed_llava_20260926_v3/llava16_mistral/part_001/formal.jsonl""}"
llava16_mistral,19,prefill_s,absent_in_formal_rows_and_bound_receipts,data/responses/formal/llava16_mistral.jsonl.gz,$.prefill_s; original source lines 1-11585,0,11585,41388899,data/responses/formal/manifest.json#$.models[3].output_bytes,Stored field coverage; absent measurements remain empty,"{""bound_receipt_values"":[],""first_observed_source_line"":null,""null_rows"":0,""segment_first_line"":157569,""segment_last_line"":169153,""size_scope"":""whole consolidated gzip; repeated per field/source, do not sum"",""source_path"":""outputs/raw/formal_crosshost_v2/sealed_llava_20260926_v3/llava16_mistral/part_001/formal.jsonl""}"
llava16_mistral,19,prefill_seconds,absent_in_formal_rows_and_bound_receipts,data/responses/formal/llava16_mistral.jsonl.gz,$.prefill_seconds; original source lines 1-11585,0,11585,41388899,data/responses/formal/manifest.json#$.models[3].output_bytes,Stored field coverage; absent measurements remain empty,"{""bound_receipt_values"":[],""first_observed_source_line"":null,""null_rows"":0,""segment_first_line"":157569,""segment_last_line"":169153,""size_scope"":""whole consolidated gzip; repeated per field/source, do not sum"",""source_path"":""outputs/raw/formal_crosshost_v2/sealed_llava_20260926_v3/llava16_mistral/part_001/formal.jsonl""}"
llava16_mistral,19,decode_s,absent_in_formal_rows_and_bound_receipts,data/responses/formal/llava16_mistral.jsonl.gz,$.decode_s; original source lines 1-11585,0,11585,41388899,data/responses/formal/manifest.json#$.models[3].output_bytes,Stored field coverage; absent measurements remain empty,"{""bound_receipt_values"":[],""first_observed_source_line"":null,""null_rows"":0,""segment_first_line"":157569,""segment_last_line"":169153,""size_scope"":""whole consolidated gzip; repeated per field/source, do not sum"",""source_path"":""outputs/raw/formal_crosshost_v2/sealed_llava_20260926_v3/llava16_mistral/part_001/formal.jsonl""}"
llava16_mistral,19,decode_seconds,absent_in_formal_rows_and_bound_receipts,data/responses/formal/llava16_mistral.jsonl.gz,$.decode_seconds; original source lines 1-11585,0,11585,41388899,data/responses/formal/manifest.json#$.models[3].output_bytes,Stored field coverage; absent measurements remain empty,"{""bound_receipt_values"":[],""first_observed_source_line"":null,""null_rows"":0,""segment_first_line"":157569,""segment_last_line"":169153,""size_scope"":""whole consolidated gzip; repeated per field/source, do not sum"",""source_path"":""outputs/raw/formal_crosshost_v2/sealed_llava_20260926_v3/llava16_mistral/part_001/formal.jsonl""}"
llava16_mistral,19,peak_memory_allocated,absent_in_formal_rows_and_bound_receipts,data/responses/formal/llava16_mistral.jsonl.gz,$.peak_memory_allocated; original source lines 1-11585,0,11585,41388899,data/responses/formal/manifest.json#$.models[3].output_bytes,Stored field coverage; absent measurements remain empty,"{""bound_receipt_values"":[],""first_observed_source_line"":null,""null_rows"":0,""segment_first_line"":157569,""segment_last_line"":169153,""size_scope"":""whole consolidated gzip; repeated per field/source, do not sum"",""source_path"":""outputs/raw/formal_crosshost_v2/sealed_llava_20260926_v3/llava16_mistral/part_001/formal.jsonl""}"
llava16_mistral,19,peak_memory_bytes,absent_in_formal_rows_and_bound_receipts,data/responses/formal/llava16_mistral.jsonl.gz,$.peak_memory_bytes; original source lines 1-11585,0,11585,41388899,data/responses/formal/manifest.json#$.models[3].output_bytes,Stored field coverage; absent measurements remain empty,"{""bound_receipt_values"":[],""first_observed_source_line"":null,""null_rows"":0,""segment_first_line"":157569,""segment_last_line"":169153,""size_scope"":""whole consolidated gzip; repeated per field/source, do not sum"",""source_path"":""outputs/raw/formal_crosshost_v2/sealed_llava_20260926_v3/llava16_mistral/part_001/formal.jsonl""}"
llava16_mistral,19,peak_gpu_memory_mb,absent_in_formal_rows_and_bound_receipts,data/responses/formal/llava16_mistral.jsonl.gz,$.peak_gpu_memory_mb; original source lines 1-11585,0,11585,41388899,data/responses/formal/manifest.json#$.models[3].output_bytes,Stored field coverage; absent measurements remain empty,"{""bound_receipt_values"":[],""first_observed_source_line"":null,""null_rows"":0,""segment_first_line"":157569,""segment_last_line"":169153,""size_scope"":""whole consolidated gzip; repeated per field/source, do not sum"",""source_path"":""outputs/raw/formal_crosshost_v2/sealed_llava_20260926_v3/llava16_mistral/part_001/formal.jsonl""}"
llava16_mistral,19,max_memory_allocated,absent_in_formal_rows_and_bound_receipts,data/responses/formal/llava16_mistral.jsonl.gz,$.max_memory_allocated; original source lines 1-11585,0,11585,41388899,data/responses/formal/manifest.json#$.models[3].output_bytes,Stored field coverage; absent measurements remain empty,"{""bound_receipt_values"":[],""first_observed_source_line"":null,""null_rows"":0,""segment_first_line"":157569,""segment_last_line"":169153,""size_scope"":""whole consolidated gzip; repeated per field/source, do not sum"",""source_path"":""outputs/raw/formal_crosshost_v2/sealed_llava_20260926_v3/llava16_mistral/part_001/formal.jsonl""}"
llava16_mistral,19,cache_hits,absent_in_formal_rows_and_bound_receipts,data/responses/formal/llava16_mistral.jsonl.gz,$.cache_hits; original source lines 1-11585,0,11585,41388899,data/responses/formal/manifest.json#$.models[3].output_bytes,Stored field coverage; absent measurements remain empty,"{""bound_receipt_values"":[],""first_observed_source_line"":null,""null_rows"":0,""segment_first_line"":157569,""segment_last_line"":169153,""size_scope"":""whole consolidated gzip; repeated per field/source, do not sum"",""source_path"":""outputs/raw/formal_crosshost_v2/sealed_llava_20260926_v3/llava16_mistral/part_001/formal.jsonl""}"
llava16_mistral,19,cache_misses,absent_in_formal_rows_and_bound_receipts,data/responses/formal/llava16_mistral.jsonl.gz,$.cache_misses; original source lines 1-11585,0,11585,41388899,data/responses/formal/manifest.json#$.models[3].output_bytes,Stored field coverage; absent measurements remain empty,"{""bound_receipt_values"":[],""first_observed_source_line"":null,""null_rows"":0,""segment_first_line"":157569,""segment_last_line"":169153,""size_scope"":""whole consolidated gzip; repeated per field/source, do not sum"",""source_path"":""outputs/raw/formal_crosshost_v2/sealed_llava_20260926_v3/llava16_mistral/part_001/formal.jsonl""}"
llava16_mistral,19,cache_bytes,absent_in_formal_rows_and_bound_receipts,data/responses/formal/llava16_mistral.jsonl.gz,$.cache_bytes; original source lines 1-11585,0,11585,41388899,data/responses/formal/manifest.json#$.models[3].output_bytes,Stored field coverage; absent measurements remain empty,"{""bound_receipt_values"":[],""first_observed_source_line"":null,""null_rows"":0,""segment_first_line"":157569,""segment_last_line"":169153,""size_scope"":""whole consolidated gzip; repeated per field/source, do not sum"",""source_path"":""outputs/raw/formal_crosshost_v2/sealed_llava_20260926_v3/llava16_mistral/part_001/formal.jsonl""}"
llava16_mistral,19,hardware_identity,present_in_bound_identity,/home/g203-4028/projects/knowledge-deficit-mitigation-archive/20260929/historical_outputs.tar::outputs/raw/formal_crosshost_v2/sealed_llava_20260926_v3/llava16_mistral/part_001/formal.identity.json,"$.definition.execution.{host,hostname,physical_gpus,gpu_uuids}",11585,11585,,,Execution identity matched to every raw row in this source segment,"{""gpu_uuids"":{""1"":""GPU-5c45e961-7442-eb90-9b8c-295a1cf14995""},""host"":""6403"",""hostname"":""oem-PowerEdge-T640"",""physical_gpus"":[""1""]}"
llava16_mistral,20,wall_s,present_in_formal_rows,data/responses/formal/llava16_mistral.jsonl.gz,$.wall_s; original source lines 1-24767,24767,24767,41388899,data/responses/formal/manifest.json#$.models[3].output_bytes,"Existing per-answer wall_s: perf_counter immediately before image loading through image conversion, prompt/session construction, generation and session cleanup; measured before Ledger.add serialization. Model loading and ledger writing are outside this interval. Prefill/decode are not separated.","{""bound_receipt_values"":[],""first_observed_source_line"":1,""null_rows"":0,""segment_first_line"":169154,""segment_last_line"":193920,""size_scope"":""whole consolidated gzip; repeated per field/source, do not sum"",""source_path"":""outputs/raw/formal_crosshost_v2/sealed_llava_20260926_v2/llava16_mistral/part_002/formal.jsonl""}"
llava16_mistral,20,tokens,present_in_formal_rows,data/responses/formal/llava16_mistral.jsonl.gz,$.tokens; original source lines 1-24767,24767,24767,41388899,data/responses/formal/manifest.json#$.models[3].output_bytes,"len(tokens) from the saved token-ID list, including any saved stop/EOS token; no retokenization. sum/mean use only rows with a saved list.","{""bound_receipt_values"":[],""first_observed_source_line"":1,""null_rows"":0,""segment_first_line"":169154,""segment_last_line"":193920,""size_scope"":""whole consolidated gzip; repeated per field/source, do not sum"",""source_path"":""outputs/raw/formal_crosshost_v2/sealed_llava_20260926_v2/llava16_mistral/part_002/formal.jsonl""}"
llava16_mistral,20,selected_log_probabilities,present_in_formal_rows,data/responses/formal/llava16_mistral.jsonl.gz,$.selected_log_probabilities; original source lines 1-24767,24767,24767,41388899,data/responses/formal/manifest.json#$.models[3].output_bytes,Stored field coverage; absent measurements remain empty,"{""bound_receipt_values"":[],""first_observed_source_line"":1,""null_rows"":0,""segment_first_line"":169154,""segment_last_line"":193920,""size_scope"":""whole consolidated gzip; repeated per field/source, do not sum"",""source_path"":""outputs/raw/formal_crosshost_v2/sealed_llava_20260926_v2/llava16_mistral/part_002/formal.jsonl""}"
llava16_mistral,20,sequence_log_probability,present_in_formal_rows,data/responses/formal/llava16_mistral.jsonl.gz,$.sequence_log_probability; original source lines 1-24767,24767,24767,41388899,data/responses/formal/manifest.json#$.models[3].output_bytes,Stored field coverage; absent measurements remain empty,"{""bound_receipt_values"":[],""first_observed_source_line"":1,""null_rows"":0,""segment_first_line"":169154,""segment_last_line"":193920,""size_scope"":""whole consolidated gzip; repeated per field/source, do not sum"",""source_path"":""outputs/raw/formal_crosshost_v2/sealed_llava_20260926_v2/llava16_mistral/part_002/formal.jsonl""}"
llava16_mistral,20,first_probability,present_in_formal_rows,data/responses/formal/llava16_mistral.jsonl.gz,$.first_probability; original source lines 1-24767,24767,24767,41388899,data/responses/formal/manifest.json#$.models[3].output_bytes,Stored field coverage; absent measurements remain empty,"{""bound_receipt_values"":[],""first_observed_source_line"":1,""null_rows"":0,""segment_first_line"":169154,""segment_last_line"":193920,""size_scope"":""whole consolidated gzip; repeated per field/source, do not sum"",""source_path"":""outputs/raw/formal_crosshost_v2/sealed_llava_20260926_v2/llava16_mistral/part_002/formal.jsonl""}"
llava16_mistral,20,batch_size,absent_in_formal_rows_and_bound_receipts,data/responses/formal/llava16_mistral.jsonl.gz,$.batch_size; original source lines 1-24767,0,24767,41388899,data/responses/formal/manifest.json#$.models[3].output_bytes,Stored field coverage; absent measurements remain empty,"{""bound_receipt_values"":[],""first_observed_source_line"":null,""null_rows"":0,""segment_first_line"":169154,""segment_last_line"":193920,""size_scope"":""whole consolidated gzip; repeated per field/source, do not sum"",""source_path"":""outputs/raw/formal_crosshost_v2/sealed_llava_20260926_v2/llava16_mistral/part_002/formal.jsonl""}"
llava16_mistral,20,prefill_s,absent_in_formal_rows_and_bound_receipts,data/responses/formal/llava16_mistral.jsonl.gz,$.prefill_s; original source lines 1-24767,0,24767,41388899,data/responses/formal/manifest.json#$.models[3].output_bytes,Stored field coverage; absent measurements remain empty,"{""bound_receipt_values"":[],""first_observed_source_line"":null,""null_rows"":0,""segment_first_line"":169154,""segment_last_line"":193920,""size_scope"":""whole consolidated gzip; repeated per field/source, do not sum"",""source_path"":""outputs/raw/formal_crosshost_v2/sealed_llava_20260926_v2/llava16_mistral/part_002/formal.jsonl""}"
llava16_mistral,20,prefill_seconds,absent_in_formal_rows_and_bound_receipts,data/responses/formal/llava16_mistral.jsonl.gz,$.prefill_seconds; original source lines 1-24767,0,24767,41388899,data/responses/formal/manifest.json#$.models[3].output_bytes,Stored field coverage; absent measurements remain empty,"{""bound_receipt_values"":[],""first_observed_source_line"":null,""null_rows"":0,""segment_first_line"":169154,""segment_last_line"":193920,""size_scope"":""whole consolidated gzip; repeated per field/source, do not sum"",""source_path"":""outputs/raw/formal_crosshost_v2/sealed_llava_20260926_v2/llava16_mistral/part_002/formal.jsonl""}"
llava16_mistral,20,decode_s,absent_in_formal_rows_and_bound_receipts,data/responses/formal/llava16_mistral.jsonl.gz,$.decode_s; original source lines 1-24767,0,24767,41388899,data/responses/formal/manifest.json#$.models[3].output_bytes,Stored field coverage; absent measurements remain empty,"{""bound_receipt_values"":[],""first_observed_source_line"":null,""null_rows"":0,""segment_first_line"":169154,""segment_last_line"":193920,""size_scope"":""whole consolidated gzip; repeated per field/source, do not sum"",""source_path"":""outputs/raw/formal_crosshost_v2/sealed_llava_20260926_v2/llava16_mistral/part_002/formal.jsonl""}"
llava16_mistral,20,decode_seconds,absent_in_formal_rows_and_bound_receipts,data/responses/formal/llava16_mistral.jsonl.gz,$.decode_seconds; original source lines 1-24767,0,24767,41388899,data/responses/formal/manifest.json#$.models[3].output_bytes,Stored field coverage; absent measurements remain empty,"{""bound_receipt_values"":[],""first_observed_source_line"":null,""null_rows"":0,""segment_first_line"":169154,""segment_last_line"":193920,""size_scope"":""whole consolidated gzip; repeated per field/source, do not sum"",""source_path"":""outputs/raw/formal_crosshost_v2/sealed_llava_20260926_v2/llava16_mistral/part_002/formal.jsonl""}"
llava16_mistral,20,peak_memory_allocated,absent_in_formal_rows_and_bound_receipts,data/responses/formal/llava16_mistral.jsonl.gz,$.peak_memory_allocated; original source lines 1-24767,0,24767,41388899,data/responses/formal/manifest.json#$.models[3].output_bytes,Stored field coverage; absent measurements remain empty,"{""bound_receipt_values"":[],""first_observed_source_line"":null,""null_rows"":0,""segment_first_line"":169154,""segment_last_line"":193920,""size_scope"":""whole consolidated gzip; repeated per field/source, do not sum"",""source_path"":""outputs/raw/formal_crosshost_v2/sealed_llava_20260926_v2/llava16_mistral/part_002/formal.jsonl""}"
llava16_mistral,20,peak_memory_bytes,absent_in_formal_rows_and_bound_receipts,data/responses/formal/llava16_mistral.jsonl.gz,$.peak_memory_bytes; original source lines 1-24767,0,24767,41388899,data/responses/formal/manifest.json#$.models[3].output_bytes,Stored field coverage; absent measurements remain empty,"{""bound_receipt_values"":[],""first_observed_source_line"":null,""null_rows"":0,""segment_first_line"":169154,""segment_last_line"":193920,""size_scope"":""whole consolidated gzip; repeated per field/source, do not sum"",""source_path"":""outputs/raw/formal_crosshost_v2/sealed_llava_20260926_v2/llava16_mistral/part_002/formal.jsonl""}"
llava16_mistral,20,peak_gpu_memory_mb,absent_in_formal_rows_and_bound_receipts,data/responses/formal/llava16_mistral.jsonl.gz,$.peak_gpu_memory_mb; original source lines 1-24767,0,24767,41388899,data/responses/formal/manifest.json#$.models[3].output_bytes,Stored field coverage; absent measurements remain empty,"{""bound_receipt_values"":[],""first_observed_source_line"":null,""null_rows"":0,""segment_first_line"":169154,""segment_last_line"":193920,""size_scope"":""whole consolidated gzip; repeated per field/source, do not sum"",""source_path"":""outputs/raw/formal_crosshost_v2/sealed_llava_20260926_v2/llava16_mistral/part_002/formal.jsonl""}"
llava16_mistral,20,max_memory_allocated,absent_in_formal_rows_and_bound_receipts,data/responses/formal/llava16_mistral.jsonl.gz,$.max_memory_allocated; original source lines 1-24767,0,24767,41388899,data/responses/formal/manifest.json#$.models[3].output_bytes,Stored field coverage; absent measurements remain empty,"{""bound_receipt_values"":[],""first_observed_source_line"":null,""null_rows"":0,""segment_first_line"":169154,""segment_last_line"":193920,""size_scope"":""whole consolidated gzip; repeated per field/source, do not sum"",""source_path"":""outputs/raw/formal_crosshost_v2/sealed_llava_20260926_v2/llava16_mistral/part_002/formal.jsonl""}"
llava16_mistral,20,cache_hits,absent_in_formal_rows_and_bound_receipts,data/responses/formal/llava16_mistral.jsonl.gz,$.cache_hits; original source lines 1-24767,0,24767,41388899,data/responses/formal/manifest.json#$.models[3].output_bytes,Stored field coverage; absent measurements remain empty,"{""bound_receipt_values"":[],""first_observed_source_line"":null,""null_rows"":0,""segment_first_line"":169154,""segment_last_line"":193920,""size_scope"":""whole consolidated gzip; repeated per field/source, do not sum"",""source_path"":""outputs/raw/formal_crosshost_v2/sealed_llava_20260926_v2/llava16_mistral/part_002/formal.jsonl""}"
llava16_mistral,20,cache_misses,absent_in_formal_rows_and_bound_receipts,data/responses/formal/llava16_mistral.jsonl.gz,$.cache_misses; original source lines 1-24767,0,24767,41388899,data/responses/formal/manifest.json#$.models[3].output_bytes,Stored field coverage; absent measurements remain empty,"{""bound_receipt_values"":[],""first_observed_source_line"":null,""null_rows"":0,""segment_first_line"":169154,""segment_last_line"":193920,""size_scope"":""whole consolidated gzip; repeated per field/source, do not sum"",""source_path"":""outputs/raw/formal_crosshost_v2/sealed_llava_20260926_v2/llava16_mistral/part_002/formal.jsonl""}"
llava16_mistral,20,cache_bytes,absent_in_formal_rows_and_bound_receipts,data/responses/formal/llava16_mistral.jsonl.gz,$.cache_bytes; original source lines 1-24767,0,24767,41388899,data/responses/formal/manifest.json#$.models[3].output_bytes,Stored field coverage; absent measurements remain empty,"{""bound_receipt_values"":[],""first_observed_source_line"":null,""null_rows"":0,""segment_first_line"":169154,""segment_last_line"":193920,""size_scope"":""whole consolidated gzip; repeated per field/source, do not sum"",""source_path"":""outputs/raw/formal_crosshost_v2/sealed_llava_20260926_v2/llava16_mistral/part_002/formal.jsonl""}"
llava16_mistral,20,hardware_identity,present_in_bound_identity,/home/g203-4028/projects/knowledge-deficit-mitigation-archive/20260929/historical_outputs.tar::outputs/raw/formal_crosshost_v2/sealed_llava_20260926_v2/llava16_mistral/part_002/formal.identity.json,"$.definition.execution.{host,hostname,physical_gpus,gpu_uuids}",24767,24767,,,Execution identity matched to every raw row in this source segment,"{""gpu_uuids"":{""0"":""GPU-4320e83b-1158-0546-73c5-b715c4dbe1ea""},""host"":""K100"",""hostname"":""k100-X785-H30"",""physical_gpus"":[""0""]}"
qwen25vl,21,wall_s,present_in_formal_rows,data/responses/formal/qwen25vl.jsonl.gz,$.wall_s; original source lines 1-193920,193920,193920,37767741,data/responses/formal/manifest.json#$.models[4].output_bytes,"Existing per-answer wall_s: perf_counter immediately before image loading through image conversion, prompt/session construction, generation and session cleanup; measured before Ledger.add serialization. Model loading and ledger writing are outside this interval. Prefill/decode are not separated.","{""bound_receipt_values"":[],""first_observed_source_line"":1,""null_rows"":0,""segment_first_line"":1,""segment_last_line"":193920,""size_scope"":""whole consolidated gzip; repeated per field/source, do not sum"",""source_path"":""outputs/raw/acceleration_v4/panel5_food_formal_v4/qwen25vl/shard_000_of_001/formal.jsonl""}"
qwen25vl,21,tokens,present_in_formal_rows,data/responses/formal/qwen25vl.jsonl.gz,$.tokens; original source lines 1-193920,193920,193920,37767741,data/responses/formal/manifest.json#$.models[4].output_bytes,"len(tokens) from the saved token-ID list, including any saved stop/EOS token; no retokenization. sum/mean use only rows with a saved list.","{""bound_receipt_values"":[],""first_observed_source_line"":1,""null_rows"":0,""segment_first_line"":1,""segment_last_line"":193920,""size_scope"":""whole consolidated gzip; repeated per field/source, do not sum"",""source_path"":""outputs/raw/acceleration_v4/panel5_food_formal_v4/qwen25vl/shard_000_of_001/formal.jsonl""}"
qwen25vl,21,selected_log_probabilities,present_in_formal_rows,data/responses/formal/qwen25vl.jsonl.gz,$.selected_log_probabilities; original source lines 1-193920,193920,193920,37767741,data/responses/formal/manifest.json#$.models[4].output_bytes,Stored field coverage; absent measurements remain empty,"{""bound_receipt_values"":[],""first_observed_source_line"":1,""null_rows"":0,""segment_first_line"":1,""segment_last_line"":193920,""size_scope"":""whole consolidated gzip; repeated per field/source, do not sum"",""source_path"":""outputs/raw/acceleration_v4/panel5_food_formal_v4/qwen25vl/shard_000_of_001/formal.jsonl""}"
qwen25vl,21,sequence_log_probability,present_in_formal_rows,data/responses/formal/qwen25vl.jsonl.gz,$.sequence_log_probability; original source lines 1-193920,193920,193920,37767741,data/responses/formal/manifest.json#$.models[4].output_bytes,Stored field coverage; absent measurements remain empty,"{""bound_receipt_values"":[],""first_observed_source_line"":1,""null_rows"":0,""segment_first_line"":1,""segment_last_line"":193920,""size_scope"":""whole consolidated gzip; repeated per field/source, do not sum"",""source_path"":""outputs/raw/acceleration_v4/panel5_food_formal_v4/qwen25vl/shard_000_of_001/formal.jsonl""}"
qwen25vl,21,first_probability,present_in_formal_rows,data/responses/formal/qwen25vl.jsonl.gz,$.first_probability; original source lines 1-193920,193920,193920,37767741,data/responses/formal/manifest.json#$.models[4].output_bytes,Stored field coverage; absent measurements remain empty,"{""bound_receipt_values"":[],""first_observed_source_line"":1,""null_rows"":0,""segment_first_line"":1,""segment_last_line"":193920,""size_scope"":""whole consolidated gzip; repeated per field/source, do not sum"",""source_path"":""outputs/raw/acceleration_v4/panel5_food_formal_v4/qwen25vl/shard_000_of_001/formal.jsonl""}"
qwen25vl,21,batch_size,absent_in_formal_rows_and_bound_receipts,data/responses/formal/qwen25vl.jsonl.gz,$.batch_size; original source lines 1-193920,0,193920,37767741,data/responses/formal/manifest.json#$.models[4].output_bytes,Stored field coverage; absent measurements remain empty,"{""bound_receipt_values"":[],""first_observed_source_line"":null,""null_rows"":0,""segment_first_line"":1,""segment_last_line"":193920,""size_scope"":""whole consolidated gzip; repeated per field/source, do not sum"",""source_path"":""outputs/raw/acceleration_v4/panel5_food_formal_v4/qwen25vl/shard_000_of_001/formal.jsonl""}"
qwen25vl,21,prefill_s,absent_in_formal_rows_and_bound_receipts,data/responses/formal/qwen25vl.jsonl.gz,$.prefill_s; original source lines 1-193920,0,193920,37767741,data/responses/formal/manifest.json#$.models[4].output_bytes,Stored field coverage; absent measurements remain empty,"{""bound_receipt_values"":[],""first_observed_source_line"":null,""null_rows"":0,""segment_first_line"":1,""segment_last_line"":193920,""size_scope"":""whole consolidated gzip; repeated per field/source, do not sum"",""source_path"":""outputs/raw/acceleration_v4/panel5_food_formal_v4/qwen25vl/shard_000_of_001/formal.jsonl""}"
qwen25vl,21,prefill_seconds,absent_in_formal_rows_and_bound_receipts,data/responses/formal/qwen25vl.jsonl.gz,$.prefill_seconds; original source lines 1-193920,0,193920,37767741,data/responses/formal/manifest.json#$.models[4].output_bytes,Stored field coverage; absent measurements remain empty,"{""bound_receipt_values"":[],""first_observed_source_line"":null,""null_rows"":0,""segment_first_line"":1,""segment_last_line"":193920,""size_scope"":""whole consolidated gzip; repeated per field/source, do not sum"",""source_path"":""outputs/raw/acceleration_v4/panel5_food_formal_v4/qwen25vl/shard_000_of_001/formal.jsonl""}"
qwen25vl,21,decode_s,absent_in_formal_rows_and_bound_receipts,data/responses/formal/qwen25vl.jsonl.gz,$.decode_s; original source lines 1-193920,0,193920,37767741,data/responses/formal/manifest.json#$.models[4].output_bytes,Stored field coverage; absent measurements remain empty,"{""bound_receipt_values"":[],""first_observed_source_line"":null,""null_rows"":0,""segment_first_line"":1,""segment_last_line"":193920,""size_scope"":""whole consolidated gzip; repeated per field/source, do not sum"",""source_path"":""outputs/raw/acceleration_v4/panel5_food_formal_v4/qwen25vl/shard_000_of_001/formal.jsonl""}"
qwen25vl,21,decode_seconds,absent_in_formal_rows_and_bound_receipts,data/responses/formal/qwen25vl.jsonl.gz,$.decode_seconds; original source lines 1-193920,0,193920,37767741,data/responses/formal/manifest.json#$.models[4].output_bytes,Stored field coverage; absent measurements remain empty,"{""bound_receipt_values"":[],""first_observed_source_line"":null,""null_rows"":0,""segment_first_line"":1,""segment_last_line"":193920,""size_scope"":""whole consolidated gzip; repeated per field/source, do not sum"",""source_path"":""outputs/raw/acceleration_v4/panel5_food_formal_v4/qwen25vl/shard_000_of_001/formal.jsonl""}"
qwen25vl,21,peak_memory_allocated,absent_in_formal_rows_and_bound_receipts,data/responses/formal/qwen25vl.jsonl.gz,$.peak_memory_allocated; original source lines 1-193920,0,193920,37767741,data/responses/formal/manifest.json#$.models[4].output_bytes,Stored field coverage; absent measurements remain empty,"{""bound_receipt_values"":[],""first_observed_source_line"":null,""null_rows"":0,""segment_first_line"":1,""segment_last_line"":193920,""size_scope"":""whole consolidated gzip; repeated per field/source, do not sum"",""source_path"":""outputs/raw/acceleration_v4/panel5_food_formal_v4/qwen25vl/shard_000_of_001/formal.jsonl""}"
qwen25vl,21,peak_memory_bytes,absent_in_formal_rows_and_bound_receipts,data/responses/formal/qwen25vl.jsonl.gz,$.peak_memory_bytes; original source lines 1-193920,0,193920,37767741,data/responses/formal/manifest.json#$.models[4].output_bytes,Stored field coverage; absent measurements remain empty,"{""bound_receipt_values"":[],""first_observed_source_line"":null,""null_rows"":0,""segment_first_line"":1,""segment_last_line"":193920,""size_scope"":""whole consolidated gzip; repeated per field/source, do not sum"",""source_path"":""outputs/raw/acceleration_v4/panel5_food_formal_v4/qwen25vl/shard_000_of_001/formal.jsonl""}"
qwen25vl,21,peak_gpu_memory_mb,absent_in_formal_rows_and_bound_receipts,data/responses/formal/qwen25vl.jsonl.gz,$.peak_gpu_memory_mb; original source lines 1-193920,0,193920,37767741,data/responses/formal/manifest.json#$.models[4].output_bytes,Stored field coverage; absent measurements remain empty,"{""bound_receipt_values"":[],""first_observed_source_line"":null,""null_rows"":0,""segment_first_line"":1,""segment_last_line"":193920,""size_scope"":""whole consolidated gzip; repeated per field/source, do not sum"",""source_path"":""outputs/raw/acceleration_v4/panel5_food_formal_v4/qwen25vl/shard_000_of_001/formal.jsonl""}"
qwen25vl,21,max_memory_allocated,absent_in_formal_rows_and_bound_receipts,data/responses/formal/qwen25vl.jsonl.gz,$.max_memory_allocated; original source lines 1-193920,0,193920,37767741,data/responses/formal/manifest.json#$.models[4].output_bytes,Stored field coverage; absent measurements remain empty,"{""bound_receipt_values"":[],""first_observed_source_line"":null,""null_rows"":0,""segment_first_line"":1,""segment_last_line"":193920,""size_scope"":""whole consolidated gzip; repeated per field/source, do not sum"",""source_path"":""outputs/raw/acceleration_v4/panel5_food_formal_v4/qwen25vl/shard_000_of_001/formal.jsonl""}"
qwen25vl,21,cache_hits,absent_in_formal_rows_and_bound_receipts,data/responses/formal/qwen25vl.jsonl.gz,$.cache_hits; original source lines 1-193920,0,193920,37767741,data/responses/formal/manifest.json#$.models[4].output_bytes,Stored field coverage; absent measurements remain empty,"{""bound_receipt_values"":[],""first_observed_source_line"":null,""null_rows"":0,""segment_first_line"":1,""segment_last_line"":193920,""size_scope"":""whole consolidated gzip; repeated per field/source, do not sum"",""source_path"":""outputs/raw/acceleration_v4/panel5_food_formal_v4/qwen25vl/shard_000_of_001/formal.jsonl""}"
qwen25vl,21,cache_misses,absent_in_formal_rows_and_bound_receipts,data/responses/formal/qwen25vl.jsonl.gz,$.cache_misses; original source lines 1-193920,0,193920,37767741,data/responses/formal/manifest.json#$.models[4].output_bytes,Stored field coverage; absent measurements remain empty,"{""bound_receipt_values"":[],""first_observed_source_line"":null,""null_rows"":0,""segment_first_line"":1,""segment_last_line"":193920,""size_scope"":""whole consolidated gzip; repeated per field/source, do not sum"",""source_path"":""outputs/raw/acceleration_v4/panel5_food_formal_v4/qwen25vl/shard_000_of_001/formal.jsonl""}"
qwen25vl,21,cache_bytes,absent_in_formal_rows_and_bound_receipts,data/responses/formal/qwen25vl.jsonl.gz,$.cache_bytes; original source lines 1-193920,0,193920,37767741,data/responses/formal/manifest.json#$.models[4].output_bytes,Stored field coverage; absent measurements remain empty,"{""bound_receipt_values"":[],""first_observed_source_line"":null,""null_rows"":0,""segment_first_line"":1,""segment_last_line"":193920,""size_scope"":""whole consolidated gzip; repeated per field/source, do not sum"",""source_path"":""outputs/raw/acceleration_v4/panel5_food_formal_v4/qwen25vl/shard_000_of_001/formal.jsonl""}"
qwen25vl,21,hardware_identity,present_in_bound_identity,/home/g203-4028/projects/knowledge-deficit-mitigation-archive/20260929/historical_outputs.tar::outputs/raw/acceleration_v4/panel5_food_formal_v4/qwen25vl/shard_000_of_001/formal.identity.json,"$.definition.execution.{host,hostname,physical_gpus,gpu_uuids}",193920,193920,,,Execution identity matched to every raw row in this source segment,"{""gpu_uuids"":{""0"":""GPU-5a0d331f-afba-237f-fde6-762a8b1ff2f3""},""host"":""4028"",""hostname"":""4028"",""physical_gpus"":[""0""]}"
qwen35_4b,,formal_probability_storage,available,data/responses/formal/qwen35_4b.jsonl.gz,$.selected_log_probabilities; $.sequence_log_probability; $.first_probability,155136,155136,28178125,data/responses/formal/manifest.json#$.models[0].output_bytes,Saved generated-token probabilities with the formal response rows,"{""byte_source"":""data/responses/formal/manifest.json#$.models"",""recorded_uncompressed_source_bytes"":360021926,""size_scope"":""complete formal response file, not probability-only bytes""}"
minicpm26,,formal_probability_storage,available,data/responses/formal/minicpm26.jsonl.gz,$.selected_log_probabilities; $.sequence_log_probability; $.first_probability,155136,155136,29154484,data/responses/formal/manifest.json#$.models[1].output_bytes,Saved generated-token probabilities with the formal response rows,"{""byte_source"":""data/responses/formal/manifest.json#$.models"",""recorded_uncompressed_source_bytes"":394035900,""size_scope"":""complete formal response file, not probability-only bytes""}"
gemma3_4b,,formal_probability_storage,available,data/responses/formal/gemma3_4b.jsonl.gz,$.selected_log_probabilities; $.sequence_log_probability; $.first_probability,155136,155136,54042749,data/responses/formal/manifest.json#$.models[2].output_bytes,Saved generated-token probabilities with the formal response rows,"{""byte_source"":""data/responses/formal/manifest.json#$.models"",""recorded_uncompressed_source_bytes"":575266662,""size_scope"":""complete formal response file, not probability-only bytes""}"
llava16_mistral,,formal_probability_storage,available,data/responses/formal/llava16_mistral.jsonl.gz,$.selected_log_probabilities; $.sequence_log_probability; $.first_probability,193920,193920,41388899,data/responses/formal/manifest.json#$.models[3].output_bytes,Saved generated-token probabilities with the formal response rows,"{""byte_source"":""data/responses/formal/manifest.json#$.models"",""recorded_uncompressed_source_bytes"":528356840,""size_scope"":""complete formal response file, not probability-only bytes""}"
qwen25vl,,formal_probability_storage,available,data/responses/formal/qwen25vl.jsonl.gz,$.selected_log_probabilities; $.sequence_log_probability; $.first_probability,193920,193920,37767741,data/responses/formal/manifest.json#$.models[4].output_bytes,Saved generated-token probabilities with the formal response rows,"{""byte_source"":""data/responses/formal/manifest.json#$.models"",""recorded_uncompressed_source_bytes"":499095346,""size_scope"":""complete formal response file, not probability-only bytes""}"
qwen25vl,,existing_generated_path_scalar_summary,available,/home/g203-4028/projects/knowledge-deficit-mitigation-archive/20260929/historical_outputs.tar::outputs/analysis/panel5_mechanism_path_scalars_20260928_v1/source_coverage.csv,"CSV model=qwen25vl; source_rows,trace_steps",193920,193920,5437180,/home/g203-4028/projects/knowledge-deficit-mitigation-archive/20260929/historical_outputs_manifest.json#$.files[9417].bytes,Existing per-condition generated-token scalar summary,"{""csv_fields"":[""model"",""method"",""marker"",""reference_marker"",""guided"",""reference_guided"",""kind"",""status"",""config_json"",""response_count"",""trace_steps"",""metric"",""token_weighted_json"",""response_equal_json"",""layer_token_counts_json"",""layer_response_fraction_sums_json""],""csv_path"":""/home/g203-4028/projects/knowledge-deficit-mitigation-archive/20260929/historical_outputs.tar::outputs/analysis/panel5_mechanism_path_scalars_20260928_v1/path_scalar_metrics.csv"",""data_path"":""/home/g203-4028/projects/knowledge-deficit-mitigation-archive/20260929/historical_outputs.tar::outputs/analysis/panel5_mechanism_path_scalars_20260928_v1/path_scalar_summary.json"",""size_scope"":""all-model summary JSON; repeated by model, do not sum"",""trace_steps"":1048435}"
qwen35_4b,,existing_generated_path_scalar_summary,available,/home/g203-4028/projects/knowledge-deficit-mitigation-archive/20260929/historical_outputs.tar::outputs/analysis/panel5_mechanism_path_scalars_20260928_v1/source_coverage.csv,"CSV model=qwen35_4b; source_rows,trace_steps",155136,155136,5437180,/home/g203-4028/projects/knowledge-deficit-mitigation-archive/20260929/historical_outputs_manifest.json#$.files[9417].bytes,Existing per-condition generated-token scalar summary,"{""csv_fields"":[""model"",""method"",""marker"",""reference_marker"",""guided"",""reference_guided"",""kind"",""status"",""config_json"",""response_count"",""trace_steps"",""metric"",""token_weighted_json"",""response_equal_json"",""layer_token_counts_json"",""layer_response_fraction_sums_json""],""csv_path"":""/home/g203-4028/projects/knowledge-deficit-mitigation-archive/20260929/historical_outputs.tar::outputs/analysis/panel5_mechanism_path_scalars_20260928_v1/path_scalar_metrics.csv"",""data_path"":""/home/g203-4028/projects/knowledge-deficit-mitigation-archive/20260929/historical_outputs.tar::outputs/analysis/panel5_mechanism_path_scalars_20260928_v1/path_scalar_summary.json"",""size_scope"":""all-model summary JSON; repeated by model, do not sum"",""trace_steps"":582586}"
llava16_mistral,,existing_generated_path_scalar_summary,available,/home/g203-4028/projects/knowledge-deficit-mitigation-archive/20260929/historical_outputs.tar::outputs/analysis/panel5_mechanism_path_scalars_20260928_v1/source_coverage.csv,"CSV model=llava16_mistral; source_rows,trace_steps",193920,193920,5437180,/home/g203-4028/projects/knowledge-deficit-mitigation-archive/20260929/historical_outputs_manifest.json#$.files[9417].bytes,Existing per-condition generated-token scalar summary,"{""csv_fields"":[""model"",""method"",""marker"",""reference_marker"",""guided"",""reference_guided"",""kind"",""status"",""config_json"",""response_count"",""trace_steps"",""metric"",""token_weighted_json"",""response_equal_json"",""layer_token_counts_json"",""layer_response_fraction_sums_json""],""csv_path"":""/home/g203-4028/projects/knowledge-deficit-mitigation-archive/20260929/historical_outputs.tar::outputs/analysis/panel5_mechanism_path_scalars_20260928_v1/path_scalar_metrics.csv"",""data_path"":""/home/g203-4028/projects/knowledge-deficit-mitigation-archive/20260929/historical_outputs.tar::outputs/analysis/panel5_mechanism_path_scalars_20260928_v1/path_scalar_summary.json"",""size_scope"":""all-model summary JSON; repeated by model, do not sum"",""trace_steps"":1139003}"
minicpm26,,existing_generated_path_scalar_summary,available,/home/g203-4028/projects/knowledge-deficit-mitigation-archive/20260929/historical_outputs.tar::outputs/analysis/panel5_mechanism_path_scalars_20260928_v1/source_coverage.csv,"CSV model=minicpm26; source_rows,trace_steps",155136,155136,5437180,/home/g203-4028/projects/knowledge-deficit-mitigation-archive/20260929/historical_outputs_manifest.json#$.files[9417].bytes,Existing per-condition generated-token scalar summary,"{""csv_fields"":[""model"",""method"",""marker"",""reference_marker"",""guided"",""reference_guided"",""kind"",""status"",""config_json"",""response_count"",""trace_steps"",""metric"",""token_weighted_json"",""response_equal_json"",""layer_token_counts_json"",""layer_response_fraction_sums_json""],""csv_path"":""/home/g203-4028/projects/knowledge-deficit-mitigation-archive/20260929/historical_outputs.tar::outputs/analysis/panel5_mechanism_path_scalars_20260928_v1/path_scalar_metrics.csv"",""data_path"":""/home/g203-4028/projects/knowledge-deficit-mitigation-archive/20260929/historical_outputs.tar::outputs/analysis/panel5_mechanism_path_scalars_20260928_v1/path_scalar_summary.json"",""size_scope"":""all-model summary JSON; repeated by model, do not sum"",""trace_steps"":779626}"
gemma3_4b,,existing_generated_path_scalar_summary,available,/home/g203-4028/projects/knowledge-deficit-mitigation-archive/20260929/historical_outputs.tar::outputs/analysis/panel5_mechanism_path_scalars_20260928_v1/source_coverage.csv,"CSV model=gemma3_4b; source_rows,trace_steps",155136,155136,5437180,/home/g203-4028/projects/knowledge-deficit-mitigation-archive/20260929/historical_outputs_manifest.json#$.files[9417].bytes,Existing per-condition generated-token scalar summary,"{""csv_fields"":[""model"",""method"",""marker"",""reference_marker"",""guided"",""reference_guided"",""kind"",""status"",""config_json"",""response_count"",""trace_steps"",""metric"",""token_weighted_json"",""response_equal_json"",""layer_token_counts_json"",""layer_response_fraction_sums_json""],""csv_path"":""/home/g203-4028/projects/knowledge-deficit-mitigation-archive/20260929/historical_outputs.tar::outputs/analysis/panel5_mechanism_path_scalars_20260928_v1/path_scalar_metrics.csv"",""data_path"":""/home/g203-4028/projects/knowledge-deficit-mitigation-archive/20260929/historical_outputs.tar::outputs/analysis/panel5_mechanism_path_scalars_20260928_v1/path_scalar_summary.json"",""size_scope"":""all-model summary JSON; repeated by model, do not sum"",""trace_steps"":1696746}"
panel5,,shared_prefix_full_vocabulary_cache,unavailable_in_named_inventory,/home/g203-4028/projects/knowledge-deficit-mitigation-archive/20260929/historical_outputs.tar::outputs/records/acceleration_v4/panel5_mechanism_trace_inventory_20260928_v2.json,$.five_panel_measure_path_findings,,,,,Availability from the saved bounded inventory of five-panel mechanism paths,"{""missing"":""No persistent actual four-condition measure_path/measure_layer_path dataset was found under the inspected five-panel and named mechanism directories. Full direct-reference cohort traces, all five models, method/reference coverage, per-step mechanism summaries and final mechanism statistics/figures remain absent or unverified."",""real_measure_path_mechanism_jsonl_found_in_scoped_outputs_raw_records_analysis"":false,""real_replay_jsonl_found"":true,""real_replay_scope"":""LLaVA16-Mistral only, 2 unique eval samples, 9 methods, 18 unique logical keys, three host/GPU copies. Not whole panel or full evaluation coverage.""}"
llava16_mistral,,existing_method_gate_trace,available_limited_scope,/home/g203-4028/projects/knowledge-deficit-mitigation-archive/20260929/historical_outputs.tar::outputs/records/formal_crosshost_v2/6403_llava_gpu0_first_gate_v5/method_replay.jsonl,$.trace; $.tokens,18,,50565,/home/g203-4028/projects/knowledge-deficit-mitigation-archive/20260929/historical_outputs_manifest.json#$.files[9834].bytes,Existing method-generation gate outputs: two eval samples per file,"{""aggregate_execution_copies"":3,""aggregate_unique_logical_keys"":18,""inventory_source"":""/home/g203-4028/projects/knowledge-deficit-mitigation-archive/20260929/historical_outputs.tar::outputs/records/acceleration_v4/panel5_mechanism_trace_inventory_20260928_v2.json#$.persistent_real_method_replay_gate_outputs.paths[0]"",""per_method"":{""cda_visual"":{""rows"":2,""trace_step_fields"":[""calibration_status"",""h_context"",""h_null_context"",""h_null_prior"",""h_prior"",""log_probability"",""negative_wa"",""rc"",""rp"",""token"",""wa"",""wc"",""weights"",""wp"",""zero_sum_extension""],""trace_step_range"":[4,18],""unique_samples"":[""food101:apple_pie_eval_024.jpg"",""food101:apple_pie_eval_025.jpg""]},""deco"":{""rows"":2,""trace_step_fields"":[""active"",""layer"",""log_probability"",""sampling_log_probability"",""token"",""weight""],""trace_step_range"":[4,5],""unique_samples"":[""food101:apple_pie_eval_024.jpg"",""food101:apple_pie_eval_025.jpg""]},""direct"":{""rows"":2,""trace_step_fields"":[""active"",""layer"",""log_probability"",""sampling_log_probability"",""token"",""weight""],""trace_step_range"":[4,5],""unique_samples"":[""food101:apple_pie_eval_024.jpg"",""food101:apple_pie_eval_025.jpg""]},""dola"":{""rows"":2,""trace_step_fields"":[""active"",""layer"",""log_probability"",""sampling_log_probability"",""token"",""weight""],""trace_step_range"":[4,5],""unique_samples"":[""food101:apple_pie_eval_024.jpg"",""food101:apple_pie_eval_025.jpg""]},""instruction_m3id"":{""rows"":2,""trace_step_fields"":[""active"",""layer"",""log_probability"",""n_retained"",""sampling_log_probability"",""token"",""weight""],""trace_step_range"":[4,5],""unique_samples"":[""food101:apple_pie_eval_024.jpg"",""food101:apple_pie_eval_025.jpg""]},""instruction_vcd"":{""rows"":2,""trace_step_fields"":[""active"",""layer"",""log_probability"",""n_retained"",""sampling_log_probability"",""token"",""weight""],""trace_step_range"":[4,5],""unique_samples"":[""food101:apple_pie_eval_024.jpg"",""food101:apple_pie_eval_025.jpg""]},""m3id"":{""rows"":2,""trace_step_fields"":[""active"",""layer"",""log_probability"",""sampling_log_probability"",""token"",""weight""],""trace_step_range"":[4,6],""unique_samples"":[""food101:apple_pie_eval_024.jpg"",""food101:apple_pie_eval_025.jpg""]},""sid"":{""rows"":2,""trace_step_fields"":[""active"",""layer"",""log_probability"",""n_retained"",""sampling_log_probability"",""token"",""weight""],""trace_step_range"":[4,9],""unique_samples"":[""food101:apple_pie_eval_024.jpg"",""food101:apple_pie_eval_025.jpg""]},""vcd"":{""rows"":2,""trace_step_fields"":[""active"",""layer"",""log_probability"",""n_retained"",""sampling_log_probability"",""token"",""weight""],""trace_step_range"":[4,5],""unique_samples"":[""food101:apple_pie_eval_024.jpg"",""food101:apple_pie_eval_025.jpg""]}},""stored_probability_type"":""selected-token trace, no full-vocabulary tensor"",""unique_sample_ids"":[""food101:apple_pie_eval_024.jpg"",""food101:apple_pie_eval_025.jpg""]}"
llava16_mistral,,existing_method_gate_trace,available_limited_scope,/home/g203-4028/projects/knowledge-deficit-mitigation-archive/20260929/historical_outputs.tar::outputs/records/formal_crosshost_v2/6403_llava_gpu1_first_gate_v5/method_replay.jsonl,$.trace; $.tokens,18,,50564,/home/g203-4028/projects/knowledge-deficit-mitigation-archive/20260929/historical_outputs_manifest.json#$.files[9840].bytes,Existing method-generation gate outputs: two eval samples per file,"{""aggregate_execution_copies"":3,""aggregate_unique_logical_keys"":18,""inventory_source"":""/home/g203-4028/projects/knowledge-deficit-mitigation-archive/20260929/historical_outputs.tar::outputs/records/acceleration_v4/panel5_mechanism_trace_inventory_20260928_v2.json#$.persistent_real_method_replay_gate_outputs.paths[1]"",""per_method"":{""cda_visual"":{""rows"":2,""trace_step_fields"":[""calibration_status"",""h_context"",""h_null_context"",""h_null_prior"",""h_prior"",""log_probability"",""negative_wa"",""rc"",""rp"",""token"",""wa"",""wc"",""weights"",""wp"",""zero_sum_extension""],""trace_step_range"":[4,18],""unique_samples"":[""food101:apple_pie_eval_024.jpg"",""food101:apple_pie_eval_025.jpg""]},""deco"":{""rows"":2,""trace_step_fields"":[""active"",""layer"",""log_probability"",""sampling_log_probability"",""token"",""weight""],""trace_step_range"":[4,5],""unique_samples"":[""food101:apple_pie_eval_024.jpg"",""food101:apple_pie_eval_025.jpg""]},""direct"":{""rows"":2,""trace_step_fields"":[""active"",""layer"",""log_probability"",""sampling_log_probability"",""token"",""weight""],""trace_step_range"":[4,5],""unique_samples"":[""food101:apple_pie_eval_024.jpg"",""food101:apple_pie_eval_025.jpg""]},""dola"":{""rows"":2,""trace_step_fields"":[""active"",""layer"",""log_probability"",""sampling_log_probability"",""token"",""weight""],""trace_step_range"":[4,5],""unique_samples"":[""food101:apple_pie_eval_024.jpg"",""food101:apple_pie_eval_025.jpg""]},""instruction_m3id"":{""rows"":2,""trace_step_fields"":[""active"",""layer"",""log_probability"",""n_retained"",""sampling_log_probability"",""token"",""weight""],""trace_step_range"":[4,5],""unique_samples"":[""food101:apple_pie_eval_024.jpg"",""food101:apple_pie_eval_025.jpg""]},""instruction_vcd"":{""rows"":2,""trace_step_fields"":[""active"",""layer"",""log_probability"",""n_retained"",""sampling_log_probability"",""token"",""weight""],""trace_step_range"":[4,5],""unique_samples"":[""food101:apple_pie_eval_024.jpg"",""food101:apple_pie_eval_025.jpg""]},""m3id"":{""rows"":2,""trace_step_fields"":[""active"",""layer"",""log_probability"",""sampling_log_probability"",""token"",""weight""],""trace_step_range"":[4,6],""unique_samples"":[""food101:apple_pie_eval_024.jpg"",""food101:apple_pie_eval_025.jpg""]},""sid"":{""rows"":2,""trace_step_fields"":[""active"",""layer"",""log_probability"",""n_retained"",""sampling_log_probability"",""token"",""weight""],""trace_step_range"":[4,9],""unique_samples"":[""food101:apple_pie_eval_024.jpg"",""food101:apple_pie_eval_025.jpg""]},""vcd"":{""rows"":2,""trace_step_fields"":[""active"",""layer"",""log_probability"",""n_retained"",""sampling_log_probability"",""token"",""weight""],""trace_step_range"":[4,5],""unique_samples"":[""food101:apple_pie_eval_024.jpg"",""food101:apple_pie_eval_025.jpg""]}},""stored_probability_type"":""selected-token trace, no full-vocabulary tensor"",""unique_sample_ids"":[""food101:apple_pie_eval_024.jpg"",""food101:apple_pie_eval_025.jpg""]}"
llava16_mistral,,existing_method_gate_trace,available_limited_scope,/home/g203-4028/projects/knowledge-deficit-mitigation-archive/20260929/historical_outputs.tar::outputs/records/formal_crosshost_v2/K100_gpu0_first_gate/method_replay.jsonl,$.trace; $.tokens,18,,50449,/home/g203-4028/projects/knowledge-deficit-mitigation-archive/20260929/historical_outputs_manifest.json#$.files[9847].bytes,Existing method-generation gate outputs: two eval samples per file,"{""aggregate_execution_copies"":3,""aggregate_unique_logical_keys"":18,""inventory_source"":""/home/g203-4028/projects/knowledge-deficit-mitigation-archive/20260929/historical_outputs.tar::outputs/records/acceleration_v4/panel5_mechanism_trace_inventory_20260928_v2.json#$.persistent_real_method_replay_gate_outputs.paths[2]"",""per_method"":{""cda_visual"":{""rows"":2,""trace_step_fields"":[""calibration_status"",""h_context"",""h_null_context"",""h_null_prior"",""h_prior"",""log_probability"",""negative_wa"",""rc"",""rp"",""token"",""wa"",""wc"",""weights"",""wp"",""zero_sum_extension""],""trace_step_range"":[4,18],""unique_samples"":[""food101:apple_pie_eval_024.jpg"",""food101:apple_pie_eval_025.jpg""]},""deco"":{""rows"":2,""trace_step_fields"":[""active"",""layer"",""log_probability"",""sampling_log_probability"",""token"",""weight""],""trace_step_range"":[4,5],""unique_samples"":[""food101:apple_pie_eval_024.jpg"",""food101:apple_pie_eval_025.jpg""]},""direct"":{""rows"":2,""trace_step_fields"":[""active"",""layer"",""log_probability"",""sampling_log_probability"",""token"",""weight""],""trace_step_range"":[4,5],""unique_samples"":[""food101:apple_pie_eval_024.jpg"",""food101:apple_pie_eval_025.jpg""]},""dola"":{""rows"":2,""trace_step_fields"":[""active"",""layer"",""log_probability"",""sampling_log_probability"",""token"",""weight""],""trace_step_range"":[4,5],""unique_samples"":[""food101:apple_pie_eval_024.jpg"",""food101:apple_pie_eval_025.jpg""]},""instruction_m3id"":{""rows"":2,""trace_step_fields"":[""active"",""layer"",""log_probability"",""n_retained"",""sampling_log_probability"",""token"",""weight""],""trace_step_range"":[4,5],""unique_samples"":[""food101:apple_pie_eval_024.jpg"",""food101:apple_pie_eval_025.jpg""]},""instruction_vcd"":{""rows"":2,""trace_step_fields"":[""active"",""layer"",""log_probability"",""n_retained"",""sampling_log_probability"",""token"",""weight""],""trace_step_range"":[4,5],""unique_samples"":[""food101:apple_pie_eval_024.jpg"",""food101:apple_pie_eval_025.jpg""]},""m3id"":{""rows"":2,""trace_step_fields"":[""active"",""layer"",""log_probability"",""sampling_log_probability"",""token"",""weight""],""trace_step_range"":[4,6],""unique_samples"":[""food101:apple_pie_eval_024.jpg"",""food101:apple_pie_eval_025.jpg""]},""sid"":{""rows"":2,""trace_step_fields"":[""active"",""layer"",""log_probability"",""n_retained"",""sampling_log_probability"",""token"",""weight""],""trace_step_range"":[4,9],""unique_samples"":[""food101:apple_pie_eval_024.jpg"",""food101:apple_pie_eval_025.jpg""]},""vcd"":{""rows"":2,""trace_step_fields"":[""active"",""layer"",""log_probability"",""n_retained"",""sampling_log_probability"",""token"",""weight""],""trace_step_range"":[4,4],""unique_samples"":[""food101:apple_pie_eval_024.jpg"",""food101:apple_pie_eval_025.jpg""]}},""stored_probability_type"":""selected-token trace, no full-vocabulary tensor"",""unique_sample_ids"":[""food101:apple_pie_eval_024.jpg"",""food101:apple_pie_eval_025.jpg""]}"
panel5,,matched_prefix_dryrun_manifest,preparation_only,/home/g203-4028/projects/knowledge-deficit-mitigation-archive/20260929/historical_outputs.tar::outputs/records/acceleration_v4/mechanism_manifest_runner_v1_dryrun_20260928_v4/dry_run_receipt.json,$.mode; $.fully_verified_source_rows; $.limitations,,,1964,/home/g203-4028/projects/knowledge-deficit-mitigation-archive/20260929/historical_outputs_manifest.json#$.files[9522].bytes,Saved CPU input preparation and validation receipt,"{""fully_verified_source_rows"":48480,""limitations"":[""No GPU/model weights initialized and no matched-prefix logits measured.""],""mode"":""dry-run""}"
