model,method,kind,marker,reference_marker,guided,reference_guided,replicate,n,answered_rows,coverage,selective_accuracy_correct,selective_accuracy_unknown,selective_accuracy_lower,selective_accuracy_upper,canonical_correct,canonical_incorrect,canonical_unknown,canonical_accuracy_lower,canonical_accuracy_upper,literal_correct,literal_incorrect,literal_unknown,literal_accuracy_lower,literal_accuracy_upper,abstain_true,abstain_false,abstain_unknown,reference_gt_true,reference_gt_false,reference_gt_unknown,uniform_gt_true,uniform_gt_false,uniform_gt_unknown,abstention_precision_known,abstention_recall_known,reference_gt_positive_known,reasonable_abstentions_retained,unnecessary_abstentions,missed_reasonable_abstentions,abstention_known_n,abstention_tp,abstention_fp,abstention_fn,uniform_abstention_precision_known,uniform_abstention_recall_known,uniform_reference_gt_positive_known,uniform_abstention_tp,uniform_abstention_fp,uniform_abstention_fn
gemma3_4b,cda_visual,instruction_preserving,I cannot identify it,I cannot identify it,True,False,0,2424,2406,0.9925742574257426,721,0,0.29966749792186204,0.29966749792186204,721,1703,0,0.29744224422442245,0.29744224422442245,310,2114,0,0.12788778877887788,0.12788778877887788,18,2406,0,422,2002,0,422,2002,0,0.16666666666666666,0.0071090047393364926,422,3,15,419,2424,3,15,419,0.16666666666666666,0.0071090047393364926,422,3,15,419
gemma3_4b,cda_visual,instruction_preserving,UNCLEAR,UNCLEAR,True,False,0,2424,2411,0.9946369636963697,720,0,0.2986312733305682,0.2986312733305682,720,1704,0,0.297029702970297,0.297029702970297,359,2065,0,0.1481023102310231,0.1481023102310231,13,2411,0,422,2002,0,422,2002,0,0.23076923076923078,0.0071090047393364926,422,3,10,419,2424,3,10,419,0.23076923076923078,0.0071090047393364926,422,3,10,419
gemma3_4b,cda_visual,instruction_preserving,UNKNOWN,UNKNOWN,True,False,0,2424,2399,0.9896864686468647,742,0,0.3092955398082534,0.3092955398082534,742,1682,0,0.3061056105610561,0.3061056105610561,319,2105,0,0.1316006600660066,0.1316006600660066,25,2399,0,422,2002,0,422,2002,0,0.32,0.018957345971563982,422,8,17,414,2424,8,17,414,0.32,0.018957345971563982,422,8,17,414
gemma3_4b,cda_visual,instruction_preserving,UNSURE,UNSURE,True,False,0,2424,2407,0.9929867986798679,714,0,0.2966348151225592,0.2966348151225592,714,1710,0,0.29455445544554454,0.29455445544554454,331,2093,0,0.13655115511551155,0.13655115511551155,17,2407,0,422,2002,0,422,2002,0,0.35294117647058826,0.014218009478672985,422,6,11,416,2424,6,11,416,0.35294117647058826,0.014218009478672985,422,6,11,416
gemma3_4b,deco,main,I cannot identify it,I cannot identify it,True,True,0,2424,2423,0.9995874587458746,1309,0,0.5402393726784978,0.5402393726784978,1309,1115,0,0.540016501650165,0.540016501650165,822,1602,0,0.33910891089108913,0.33910891089108913,1,2423,0,422,2002,0,422,2002,0,1.0,0.002369668246445498,422,1,0,421,2424,1,0,421,1.0,0.002369668246445498,422,1,0,421
gemma3_4b,deco,main,UNCLEAR,UNCLEAR,True,True,0,2424,2423,0.9995874587458746,1316,0,0.5431283532810566,0.5431283532810566,1316,1108,0,0.5429042904290429,0.5429042904290429,868,1556,0,0.3580858085808581,0.3580858085808581,1,2423,0,422,2002,0,422,2002,0,1.0,0.002369668246445498,422,1,0,421,2424,1,0,421,1.0,0.002369668246445498,422,1,0,421
gemma3_4b,deco,main,UNKNOWN,UNKNOWN,True,True,0,2424,2424,1.0,1322,0,0.5453795379537953,0.5453795379537953,1322,1102,0,0.5453795379537953,0.5453795379537953,874,1550,0,0.36056105610561057,0.36056105610561057,0,2424,0,422,2002,0,422,2002,0,,0.0,422,0,0,422,2424,0,0,422,,0.0,422,0,0,422
gemma3_4b,deco,main,UNSURE,UNSURE,True,True,0,2424,2423,0.9995874587458746,1318,0,0.543953776310359,0.543953776310359,1318,1106,0,0.5437293729372937,0.5437293729372937,852,1572,0,0.35148514851485146,0.35148514851485146,1,2423,0,422,2002,0,422,2002,0,1.0,0.002369668246445498,422,1,0,421,2424,1,0,421,1.0,0.002369668246445498,422,1,0,421
gemma3_4b,direct,main,I cannot identify it,I cannot identify it,True,True,0,2424,2423,0.9995874587458746,1314,0,0.542302930251754,0.542302930251754,1314,1110,0,0.5420792079207921,0.5420792079207921,860,1564,0,0.3547854785478548,0.3547854785478548,1,2423,0,422,2002,0,422,2002,0,1.0,0.002369668246445498,422,1,0,421,2424,1,0,421,1.0,0.002369668246445498,422,1,0,421
gemma3_4b,direct,main,UNCLEAR,UNCLEAR,True,True,0,2424,2423,0.9995874587458746,1314,0,0.542302930251754,0.542302930251754,1314,1110,0,0.5420792079207921,0.5420792079207921,908,1516,0,0.37458745874587457,0.37458745874587457,1,2423,0,422,2002,0,422,2002,0,1.0,0.002369668246445498,422,1,0,421,2424,1,0,421,1.0,0.002369668246445498,422,1,0,421
gemma3_4b,direct,main,UNKNOWN,UNKNOWN,True,True,0,2424,2424,1.0,1325,0,0.5466171617161716,0.5466171617161716,1325,1099,0,0.5466171617161716,0.5466171617161716,915,1509,0,0.3774752475247525,0.3774752475247525,0,2424,0,422,2002,0,422,2002,0,,0.0,422,0,0,422,2424,0,0,422,,0.0,422,0,0,422
gemma3_4b,direct,main,UNSURE,UNSURE,True,True,0,2424,2423,0.9995874587458746,1318,0,0.543953776310359,0.543953776310359,1318,1106,0,0.5437293729372937,0.5437293729372937,901,1523,0,0.3716996699669967,0.3716996699669967,1,2423,0,422,2002,0,422,2002,0,1.0,0.002369668246445498,422,1,0,421,2424,1,0,421,1.0,0.002369668246445498,422,1,0,421
gemma3_4b,dola,main,I cannot identify it,I cannot identify it,True,True,0,2424,2423,0.9995874587458746,1293,0,0.5336359884440776,0.5336359884440776,1293,1131,0,0.5334158415841584,0.5334158415841584,870,1554,0,0.3589108910891089,0.3589108910891089,1,2423,0,422,2002,0,422,2002,0,1.0,0.002369668246445498,422,1,0,421,2424,1,0,421,1.0,0.002369668246445498,422,1,0,421
gemma3_4b,dola,main,UNCLEAR,UNCLEAR,True,True,0,2424,2423,0.9995874587458746,1322,0,0.5456046223689641,0.5456046223689641,1322,1102,0,0.5453795379537953,0.5453795379537953,935,1489,0,0.3857260726072607,0.3857260726072607,1,2423,0,422,2002,0,422,2002,0,1.0,0.002369668246445498,422,1,0,421,2424,1,0,421,1.0,0.002369668246445498,422,1,0,421
gemma3_4b,dola,main,UNKNOWN,UNKNOWN,True,True,0,2424,2423,0.9995874587458746,1316,0,0.5431283532810566,0.5431283532810566,1316,1108,0,0.5429042904290429,0.5429042904290429,932,1492,0,0.3844884488448845,0.3844884488448845,1,2423,0,422,2002,0,422,2002,0,1.0,0.002369668246445498,422,1,0,421,2424,1,0,421,1.0,0.002369668246445498,422,1,0,421
gemma3_4b,dola,main,UNSURE,UNSURE,True,True,0,2424,2423,0.9995874587458746,1320,0,0.5447791993396616,0.5447791993396616,1320,1104,0,0.5445544554455446,0.5445544554455446,921,1503,0,0.37995049504950495,0.37995049504950495,1,2423,0,422,2002,0,422,2002,0,1.0,0.002369668246445498,422,1,0,421,2424,1,0,421,1.0,0.002369668246445498,422,1,0,421
gemma3_4b,instruction_m3id,instruction_preserving,I cannot identify it,I cannot identify it,True,False,0,2424,2423,0.9995874587458746,1316,0,0.5431283532810566,0.5431283532810566,1316,1108,0,0.5429042904290429,0.5429042904290429,860,1564,0,0.3547854785478548,0.3547854785478548,1,2423,0,422,2002,0,422,2002,0,1.0,0.002369668246445498,422,1,0,421,2424,1,0,421,1.0,0.002369668246445498,422,1,0,421
gemma3_4b,instruction_m3id,instruction_preserving,UNCLEAR,UNCLEAR,True,False,0,2424,2423,0.9995874587458746,1315,0,0.5427156417664053,0.5427156417664053,1315,1109,0,0.5424917491749175,0.5424917491749175,908,1516,0,0.37458745874587457,0.37458745874587457,1,2423,0,422,2002,0,422,2002,0,1.0,0.002369668246445498,422,1,0,421,2424,1,0,421,1.0,0.002369668246445498,422,1,0,421
gemma3_4b,instruction_m3id,instruction_preserving,UNKNOWN,UNKNOWN,True,False,0,2424,2424,1.0,1324,0,0.5462046204620462,0.5462046204620462,1324,1100,0,0.5462046204620462,0.5462046204620462,913,1511,0,0.37665016501650167,0.37665016501650167,0,2424,0,422,2002,0,422,2002,0,,0.0,422,0,0,422,2424,0,0,422,,0.0,422,0,0,422
gemma3_4b,instruction_m3id,instruction_preserving,UNSURE,UNSURE,True,False,0,2424,2423,0.9995874587458746,1319,0,0.5443664878250103,0.5443664878250103,1319,1105,0,0.5441419141914191,0.5441419141914191,901,1523,0,0.3716996699669967,0.3716996699669967,1,2423,0,422,2002,0,422,2002,0,1.0,0.002369668246445498,422,1,0,421,2424,1,0,421,1.0,0.002369668246445498,422,1,0,421
gemma3_4b,instruction_vcd,instruction_preserving,I cannot identify it,I cannot identify it,True,False,0,2424,2423,0.9995874587458746,1280,0,0.5282707387536112,0.5282707387536112,1280,1144,0,0.528052805280528,0.528052805280528,838,1586,0,0.3457095709570957,0.3457095709570957,1,2423,0,422,2002,0,422,2002,0,1.0,0.002369668246445498,422,1,0,421,2424,1,0,421,1.0,0.002369668246445498,422,1,0,421
gemma3_4b,instruction_vcd,instruction_preserving,UNCLEAR,UNCLEAR,True,False,0,2424,2423,0.9995874587458746,1286,0,0.5307470078415187,0.5307470078415187,1286,1138,0,0.5305280528052805,0.5305280528052805,881,1543,0,0.3634488448844885,0.3634488448844885,1,2423,0,422,2002,0,422,2002,0,1.0,0.002369668246445498,422,1,0,421,2424,1,0,421,1.0,0.002369668246445498,422,1,0,421
gemma3_4b,instruction_vcd,instruction_preserving,UNKNOWN,UNKNOWN,True,False,0,2424,2423,0.9995874587458746,1278,0,0.5274453157243087,0.5274453157243087,1278,1146,0,0.5272277227722773,0.5272277227722773,889,1535,0,0.36674917491749176,0.36674917491749176,1,2423,0,422,2002,0,422,2002,0,1.0,0.002369668246445498,422,1,0,421,2424,1,0,421,1.0,0.002369668246445498,422,1,0,421
gemma3_4b,instruction_vcd,instruction_preserving,UNSURE,UNSURE,True,False,0,2424,2422,0.9991749174917491,1280,0,0.5284888521882741,0.5284888521882741,1280,1144,0,0.528052805280528,0.528052805280528,885,1539,0,0.3650990099009901,0.3650990099009901,2,2422,0,422,2002,0,422,2002,0,0.5,0.002369668246445498,422,1,1,421,2424,1,1,421,0.5,0.002369668246445498,422,1,1,421
gemma3_4b,m3id,main,I cannot identify it,I cannot identify it,True,True,0,2424,2423,0.9995874587458746,1314,0,0.542302930251754,0.542302930251754,1314,1110,0,0.5420792079207921,0.5420792079207921,858,1566,0,0.35396039603960394,0.35396039603960394,1,2423,0,422,2002,0,422,2002,0,1.0,0.002369668246445498,422,1,0,421,2424,1,0,421,1.0,0.002369668246445498,422,1,0,421
gemma3_4b,m3id,main,I cannot identify it,UNCLEAR,True,True,0,2424,2423,0.9995874587458746,1313,0,0.5418902187371027,0.5418902187371027,1313,1111,0,0.5416666666666666,0.5416666666666666,859,1565,0,0.3543729372937294,0.3543729372937294,1,2423,0,422,2002,0,422,2002,0,1.0,0.002369668246445498,422,1,0,421,2424,1,0,421,1.0,0.002369668246445498,422,1,0,421
gemma3_4b,m3id,main,I cannot identify it,UNKNOWN,True,True,0,2424,2423,0.9995874587458746,1312,0,0.5414775072224515,0.5414775072224515,1312,1112,0,0.5412541254125413,0.5412541254125413,858,1566,0,0.35396039603960394,0.35396039603960394,1,2423,0,422,2002,0,422,2002,0,1.0,0.002369668246445498,422,1,0,421,2424,1,0,421,1.0,0.002369668246445498,422,1,0,421
gemma3_4b,m3id,main,I cannot identify it,UNSURE,True,True,0,2424,2423,0.9995874587458746,1313,0,0.5418902187371027,0.5418902187371027,1313,1111,0,0.5416666666666666,0.5416666666666666,859,1565,0,0.3543729372937294,0.3543729372937294,1,2423,0,422,2002,0,422,2002,0,1.0,0.002369668246445498,422,1,0,421,2424,1,0,421,1.0,0.002369668246445498,422,1,0,421
gemma3_4b,m3id,main,UNCLEAR,I cannot identify it,True,True,0,2424,2423,0.9995874587458746,1313,0,0.5418902187371027,0.5418902187371027,1313,1111,0,0.5416666666666666,0.5416666666666666,906,1518,0,0.37376237623762376,0.37376237623762376,1,2423,0,422,2002,0,422,2002,0,1.0,0.002369668246445498,422,1,0,421,2424,1,0,421,1.0,0.002369668246445498,422,1,0,421
gemma3_4b,m3id,main,UNCLEAR,UNCLEAR,True,True,0,2424,2423,0.9995874587458746,1315,0,0.5427156417664053,0.5427156417664053,1315,1109,0,0.5424917491749175,0.5424917491749175,908,1516,0,0.37458745874587457,0.37458745874587457,1,2423,0,422,2002,0,422,2002,0,1.0,0.002369668246445498,422,1,0,421,2424,1,0,421,1.0,0.002369668246445498,422,1,0,421
gemma3_4b,m3id,main,UNCLEAR,UNKNOWN,True,True,0,2424,2423,0.9995874587458746,1314,0,0.542302930251754,0.542302930251754,1314,1110,0,0.5420792079207921,0.5420792079207921,908,1516,0,0.37458745874587457,0.37458745874587457,1,2423,0,422,2002,0,422,2002,0,1.0,0.002369668246445498,422,1,0,421,2424,1,0,421,1.0,0.002369668246445498,422,1,0,421
gemma3_4b,m3id,main,UNCLEAR,UNSURE,True,True,0,2424,2423,0.9995874587458746,1315,0,0.5427156417664053,0.5427156417664053,1315,1109,0,0.5424917491749175,0.5424917491749175,909,1515,0,0.375,0.375,1,2423,0,422,2002,0,422,2002,0,1.0,0.002369668246445498,422,1,0,421,2424,1,0,421,1.0,0.002369668246445498,422,1,0,421
gemma3_4b,m3id,main,UNKNOWN,I cannot identify it,True,True,0,2424,2424,1.0,1321,0,0.54496699669967,0.54496699669967,1321,1103,0,0.54496699669967,0.54496699669967,912,1512,0,0.37623762376237624,0.37623762376237624,0,2424,0,422,2002,0,422,2002,0,,0.0,422,0,0,422,2424,0,0,422,,0.0,422,0,0,422
gemma3_4b,m3id,main,UNKNOWN,UNCLEAR,True,True,0,2424,2424,1.0,1322,0,0.5453795379537953,0.5453795379537953,1322,1102,0,0.5453795379537953,0.5453795379537953,913,1511,0,0.37665016501650167,0.37665016501650167,0,2424,0,422,2002,0,422,2002,0,,0.0,422,0,0,422,2424,0,0,422,,0.0,422,0,0,422
gemma3_4b,m3id,main,UNKNOWN,UNKNOWN,True,True,0,2424,2424,1.0,1322,0,0.5453795379537953,0.5453795379537953,1322,1102,0,0.5453795379537953,0.5453795379537953,913,1511,0,0.37665016501650167,0.37665016501650167,0,2424,0,422,2002,0,422,2002,0,,0.0,422,0,0,422,2424,0,0,422,,0.0,422,0,0,422
gemma3_4b,m3id,main,UNKNOWN,UNSURE,True,True,0,2424,2424,1.0,1322,0,0.5453795379537953,0.5453795379537953,1322,1102,0,0.5453795379537953,0.5453795379537953,913,1511,0,0.37665016501650167,0.37665016501650167,0,2424,0,422,2002,0,422,2002,0,,0.0,422,0,0,422,2424,0,0,422,,0.0,422,0,0,422
gemma3_4b,m3id,main,UNSURE,I cannot identify it,True,True,0,2424,2423,0.9995874587458746,1320,0,0.5447791993396616,0.5447791993396616,1320,1104,0,0.5445544554455446,0.5445544554455446,902,1522,0,0.3721122112211221,0.3721122112211221,1,2423,0,422,2002,0,422,2002,0,1.0,0.002369668246445498,422,1,0,421,2424,1,0,421,1.0,0.002369668246445498,422,1,0,421
gemma3_4b,m3id,main,UNSURE,UNCLEAR,True,True,0,2424,2423,0.9995874587458746,1320,0,0.5447791993396616,0.5447791993396616,1320,1104,0,0.5445544554455446,0.5445544554455446,902,1522,0,0.3721122112211221,0.3721122112211221,1,2423,0,422,2002,0,422,2002,0,1.0,0.002369668246445498,422,1,0,421,2424,1,0,421,1.0,0.002369668246445498,422,1,0,421
gemma3_4b,m3id,main,UNSURE,UNKNOWN,True,True,0,2424,2423,0.9995874587458746,1320,0,0.5447791993396616,0.5447791993396616,1320,1104,0,0.5445544554455446,0.5445544554455446,902,1522,0,0.3721122112211221,0.3721122112211221,1,2423,0,422,2002,0,422,2002,0,1.0,0.002369668246445498,422,1,0,421,2424,1,0,421,1.0,0.002369668246445498,422,1,0,421
gemma3_4b,m3id,main,UNSURE,UNSURE,True,True,0,2424,2423,0.9995874587458746,1320,0,0.5447791993396616,0.5447791993396616,1320,1104,0,0.5445544554455446,0.5445544554455446,902,1522,0,0.3721122112211221,0.3721122112211221,1,2423,0,422,2002,0,422,2002,0,1.0,0.002369668246445498,422,1,0,421,2424,1,0,421,1.0,0.002369668246445498,422,1,0,421
gemma3_4b,m3id,reference_instruction_removed,I cannot identify it,I cannot identify it,True,False,0,2424,2423,0.9995874587458746,1312,0,0.5414775072224515,0.5414775072224515,1312,1112,0,0.5412541254125413,0.5412541254125413,858,1566,0,0.35396039603960394,0.35396039603960394,1,2423,0,422,2002,0,422,2002,0,1.0,0.002369668246445498,422,1,0,421,2424,1,0,421,1.0,0.002369668246445498,422,1,0,421
gemma3_4b,m3id,reference_instruction_removed,UNCLEAR,UNCLEAR,True,False,0,2424,2423,0.9995874587458746,1313,0,0.5418902187371027,0.5418902187371027,1313,1111,0,0.5416666666666666,0.5416666666666666,907,1517,0,0.3741749174917492,0.3741749174917492,1,2423,0,422,2002,0,422,2002,0,1.0,0.002369668246445498,422,1,0,421,2424,1,0,421,1.0,0.002369668246445498,422,1,0,421
gemma3_4b,m3id,reference_instruction_removed,UNKNOWN,UNKNOWN,True,False,0,2424,2424,1.0,1322,0,0.5453795379537953,0.5453795379537953,1322,1102,0,0.5453795379537953,0.5453795379537953,913,1511,0,0.37665016501650167,0.37665016501650167,0,2424,0,422,2002,0,422,2002,0,,0.0,422,0,0,422,2424,0,0,422,,0.0,422,0,0,422
gemma3_4b,m3id,reference_instruction_removed,UNSURE,UNSURE,True,False,0,2424,2423,0.9995874587458746,1320,0,0.5447791993396616,0.5447791993396616,1320,1104,0,0.5445544554455446,0.5445544554455446,902,1522,0,0.3721122112211221,0.3721122112211221,1,2423,0,422,2002,0,422,2002,0,1.0,0.002369668246445498,422,1,0,421,2424,1,0,421,1.0,0.002369668246445498,422,1,0,421
gemma3_4b,vcd,main,I cannot identify it,I cannot identify it,True,True,0,2424,2423,0.9995874587458746,1277,0,0.5270326042096575,0.5270326042096575,1277,1147,0,0.5268151815181518,0.5268151815181518,834,1590,0,0.34405940594059403,0.34405940594059403,1,2423,0,422,2002,0,422,2002,0,1.0,0.002369668246445498,422,1,0,421,2424,1,0,421,1.0,0.002369668246445498,422,1,0,421
gemma3_4b,vcd,main,I cannot identify it,UNCLEAR,True,True,0,2424,2423,0.9995874587458746,1278,0,0.5274453157243087,0.5274453157243087,1278,1146,0,0.5272277227722773,0.5272277227722773,816,1608,0,0.33663366336633666,0.33663366336633666,1,2423,0,422,2002,0,422,2002,0,1.0,0.002369668246445498,422,1,0,421,2424,1,0,421,1.0,0.002369668246445498,422,1,0,421
gemma3_4b,vcd,main,I cannot identify it,UNKNOWN,True,True,0,2424,2423,0.9995874587458746,1284,0,0.5299215848122163,0.5299215848122163,1284,1140,0,0.5297029702970297,0.5297029702970297,818,1606,0,0.33745874587458746,0.33745874587458746,1,2423,0,422,2002,0,422,2002,0,1.0,0.002369668246445498,422,1,0,421,2424,1,0,421,1.0,0.002369668246445498,422,1,0,421
gemma3_4b,vcd,main,I cannot identify it,UNSURE,True,True,0,2424,2423,0.9995874587458746,1280,0,0.5282707387536112,0.5282707387536112,1280,1144,0,0.528052805280528,0.528052805280528,816,1608,0,0.33663366336633666,0.33663366336633666,1,2423,0,422,2002,0,422,2002,0,1.0,0.002369668246445498,422,1,0,421,2424,1,0,421,1.0,0.002369668246445498,422,1,0,421
gemma3_4b,vcd,main,UNCLEAR,I cannot identify it,True,True,0,2424,2422,0.9991749174917491,1281,0,0.5289017341040463,0.5289017341040463,1281,1143,0,0.5284653465346535,0.5284653465346535,896,1528,0,0.3696369636963696,0.3696369636963696,2,2422,0,422,2002,0,422,2002,0,0.5,0.002369668246445498,422,1,1,421,2424,1,1,421,0.5,0.002369668246445498,422,1,1,421
gemma3_4b,vcd,main,UNCLEAR,UNCLEAR,True,True,0,2424,2422,0.9991749174917491,1286,0,0.5309661436829067,0.5309661436829067,1286,1138,0,0.5305280528052805,0.5305280528052805,893,1531,0,0.3683993399339934,0.3683993399339934,2,2422,0,422,2002,0,422,2002,0,0.5,0.002369668246445498,422,1,1,421,2424,1,1,421,0.5,0.002369668246445498,422,1,1,421
gemma3_4b,vcd,main,UNCLEAR,UNKNOWN,True,True,0,2424,2421,0.9987623762376238,1285,0,0.5307724080958282,0.5307724080958282,1285,1139,0,0.5301155115511551,0.5301155115511551,889,1535,0,0.36674917491749176,0.36674917491749176,3,2421,0,422,2002,0,422,2002,0,0.3333333333333333,0.002369668246445498,422,1,2,421,2424,1,2,421,0.3333333333333333,0.002369668246445498,422,1,2,421
gemma3_4b,vcd,main,UNCLEAR,UNSURE,True,True,0,2424,2421,0.9987623762376238,1288,0,0.5320115654688146,0.5320115654688146,1288,1136,0,0.5313531353135313,0.5313531353135313,887,1537,0,0.3659240924092409,0.3659240924092409,3,2421,0,422,2002,0,422,2002,0,0.3333333333333333,0.002369668246445498,422,1,2,421,2424,1,2,421,0.3333333333333333,0.002369668246445498,422,1,2,421
gemma3_4b,vcd,main,UNKNOWN,I cannot identify it,True,True,0,2424,2423,0.9995874587458746,1276,0,0.5266198926950062,0.5266198926950062,1276,1148,0,0.5264026402640264,0.5264026402640264,906,1518,0,0.37376237623762376,0.37376237623762376,1,2423,0,422,2002,0,422,2002,0,1.0,0.002369668246445498,422,1,0,421,2424,1,0,421,1.0,0.002369668246445498,422,1,0,421
gemma3_4b,vcd,main,UNKNOWN,UNCLEAR,True,True,0,2424,2423,0.9995874587458746,1284,0,0.5299215848122163,0.5299215848122163,1284,1140,0,0.5297029702970297,0.5297029702970297,900,1524,0,0.3712871287128713,0.3712871287128713,1,2423,0,422,2002,0,422,2002,0,1.0,0.002369668246445498,422,1,0,421,2424,1,0,421,1.0,0.002369668246445498,422,1,0,421
gemma3_4b,vcd,main,UNKNOWN,UNKNOWN,True,True,0,2424,2423,0.9995874587458746,1277,0,0.5270326042096575,0.5270326042096575,1277,1147,0,0.5268151815181518,0.5268151815181518,901,1523,0,0.3716996699669967,0.3716996699669967,1,2423,0,422,2002,0,422,2002,0,0.0,0.0,422,0,1,422,2424,0,1,422,0.0,0.0,422,0,1,422
gemma3_4b,vcd,main,UNKNOWN,UNSURE,True,True,0,2424,2423,0.9995874587458746,1283,0,0.529508873297565,0.529508873297565,1283,1141,0,0.5292904290429042,0.5292904290429042,902,1522,0,0.3721122112211221,0.3721122112211221,1,2423,0,422,2002,0,422,2002,0,1.0,0.002369668246445498,422,1,0,421,2424,1,0,421,1.0,0.002369668246445498,422,1,0,421
gemma3_4b,vcd,main,UNSURE,I cannot identify it,True,True,0,2424,2423,0.9995874587458746,1277,0,0.5270326042096575,0.5270326042096575,1277,1147,0,0.5268151815181518,0.5268151815181518,894,1530,0,0.3688118811881188,0.3688118811881188,1,2423,0,422,2002,0,422,2002,0,1.0,0.002369668246445498,422,1,0,421,2424,1,0,421,1.0,0.002369668246445498,422,1,0,421
gemma3_4b,vcd,main,UNSURE,UNCLEAR,True,True,0,2424,2421,0.9987623762376238,1274,0,0.5262288310615448,0.5262288310615448,1274,1150,0,0.5255775577557755,0.5255775577557755,891,1533,0,0.36757425742574257,0.36757425742574257,3,2421,0,422,2002,0,422,2002,0,0.3333333333333333,0.002369668246445498,422,1,2,421,2424,1,2,421,0.3333333333333333,0.002369668246445498,422,1,2,421
gemma3_4b,vcd,main,UNSURE,UNKNOWN,True,True,0,2424,2422,0.9991749174917491,1278,0,0.5276630883567299,0.5276630883567299,1278,1146,0,0.5272277227722773,0.5272277227722773,889,1535,0,0.36674917491749176,0.36674917491749176,2,2422,0,422,2002,0,422,2002,0,0.5,0.002369668246445498,422,1,1,421,2424,1,1,421,0.5,0.002369668246445498,422,1,1,421
gemma3_4b,vcd,main,UNSURE,UNSURE,True,True,0,2424,2422,0.9991749174917491,1276,0,0.5268373245251858,0.5268373245251858,1276,1148,0,0.5264026402640264,0.5264026402640264,889,1535,0,0.36674917491749176,0.36674917491749176,2,2422,0,422,2002,0,422,2002,0,0.5,0.002369668246445498,422,1,1,421,2424,1,1,421,0.5,0.002369668246445498,422,1,1,421
gemma3_4b,vcd,reference_instruction_removed,I cannot identify it,I cannot identify it,True,False,0,2424,2423,0.9995874587458746,1285,0,0.5303342963268676,0.5303342963268676,1285,1139,0,0.5301155115511551,0.5301155115511551,844,1580,0,0.3481848184818482,0.3481848184818482,1,2423,0,422,2002,0,422,2002,0,1.0,0.002369668246445498,422,1,0,421,2424,1,0,421,1.0,0.002369668246445498,422,1,0,421
gemma3_4b,vcd,reference_instruction_removed,UNCLEAR,UNCLEAR,True,False,0,2424,2421,0.9987623762376238,1279,0,0.5282940933498554,0.5282940933498554,1279,1145,0,0.5276402640264026,0.5276402640264026,903,1521,0,0.3725247524752475,0.3725247524752475,3,2421,0,422,2002,0,422,2002,0,0.3333333333333333,0.002369668246445498,422,1,2,421,2424,1,2,421,0.3333333333333333,0.002369668246445498,422,1,2,421
gemma3_4b,vcd,reference_instruction_removed,UNKNOWN,UNKNOWN,True,False,0,2424,2421,0.9987623762376238,1278,0,0.5278810408921933,0.5278810408921933,1278,1146,0,0.5272277227722773,0.5272277227722773,905,1519,0,0.37334983498349833,0.37334983498349833,3,2421,0,422,2002,0,422,2002,0,0.3333333333333333,0.002369668246445498,422,1,2,421,2424,1,2,421,0.3333333333333333,0.002369668246445498,422,1,2,421
gemma3_4b,vcd,reference_instruction_removed,UNSURE,UNSURE,True,False,0,2424,2422,0.9991749174917491,1280,0,0.5284888521882741,0.5284888521882741,1280,1144,0,0.528052805280528,0.528052805280528,900,1524,0,0.3712871287128713,0.3712871287128713,2,2422,0,422,2002,0,422,2002,0,0.5,0.002369668246445498,422,1,1,421,2424,1,1,421,0.5,0.002369668246445498,422,1,1,421
llava16_mistral,cda_visual,instruction_preserving,I cannot identify it,I cannot identify it,True,False,0,2424,2327,0.959983498349835,716,0,0.3076923076923077,0.3076923076923077,716,1708,0,0.2953795379537954,0.2953795379537954,635,1789,0,0.26196369636963696,0.26196369636963696,97,2327,0,936,1488,0,949,1475,0,0.5360824742268041,0.05555555555555555,936,52,45,884,2424,52,45,884,0.5257731958762887,0.05374077976817703,949,51,46,898
llava16_mistral,cda_visual,instruction_preserving,UNCLEAR,UNCLEAR,True,False,0,2424,2405,0.9921617161716172,729,0,0.30311850311850314,0.30311850311850314,729,1695,0,0.30074257425742573,0.30074257425742573,654,1770,0,0.2698019801980198,0.2698019801980198,19,2405,0,936,1488,0,949,1475,0,0.7368421052631579,0.014957264957264958,936,14,5,922,2424,14,5,922,0.7894736842105263,0.015806111696522657,949,15,4,934
llava16_mistral,cda_visual,instruction_preserving,UNKNOWN,UNKNOWN,True,False,0,2424,2416,0.9966996699669967,759,0,0.31415562913907286,0.31415562913907286,759,1665,0,0.3131188118811881,0.3131188118811881,679,1745,0,0.2801155115511551,0.2801155115511551,8,2416,0,936,1488,0,949,1475,0,0.625,0.005341880341880342,936,5,3,931,2424,5,3,931,0.5,0.004214963119072708,949,4,4,945
llava16_mistral,cda_visual,instruction_preserving,UNSURE,UNSURE,True,False,0,2424,2410,0.9942244224422442,728,0,0.3020746887966805,0.3020746887966805,728,1696,0,0.30033003300330036,0.30033003300330036,647,1777,0,0.2669141914191419,0.2669141914191419,14,2410,0,936,1488,0,949,1475,0,0.7857142857142857,0.011752136752136752,936,11,3,925,2424,11,3,925,0.7142857142857143,0.01053740779768177,949,10,4,939
llava16_mistral,deco,main,I cannot identify it,I cannot identify it,True,True,0,2424,164,0.06765676567656766,108,0,0.6585365853658537,0.6585365853658537,108,2316,0,0.04455445544554455,0.04455445544554455,98,2326,0,0.040429042904290426,0.040429042904290426,2260,164,0,936,1488,0,949,1475,0,0.40486725663716816,0.9775641025641025,936,915,1345,21,2424,915,1345,21,0.4044247787610619,0.9631190727081138,949,914,1346,35
llava16_mistral,deco,main,UNCLEAR,UNCLEAR,True,True,0,2424,581,0.2396864686468647,258,0,0.4440619621342513,0.4440619621342513,258,2166,0,0.10643564356435643,0.10643564356435643,244,2180,0,0.10066006600660066,0.10066006600660066,1843,581,0,936,1488,0,949,1475,0,0.4319045035268584,0.8504273504273504,936,796,1047,140,2424,796,1047,140,0.4270211611502984,0.8292939936775553,949,787,1056,162
llava16_mistral,deco,main,UNKNOWN,UNKNOWN,True,True,0,2424,1920,0.7920792079207921,684,0,0.35625,0.35625,684,1740,0,0.28217821782178215,0.28217821782178215,640,1784,0,0.264026402640264,0.264026402640264,504,1920,0,936,1488,0,949,1475,0,0.6091269841269841,0.327991452991453,936,307,197,629,2424,307,197,629,0.6031746031746031,0.3203371970495258,949,304,200,645
llava16_mistral,deco,main,UNSURE,UNSURE,True,True,0,2424,559,0.2306105610561056,252,0,0.45080500894454384,0.45080500894454384,252,2172,0,0.10396039603960396,0.10396039603960396,236,2188,0,0.09735973597359736,0.09735973597359736,1865,559,0,936,1488,0,949,1475,0,0.43056300268096515,0.8579059829059829,936,803,1062,133,2424,803,1062,133,0.42412868632707773,0.8335089567966281,949,791,1074,158
llava16_mistral,direct,main,I cannot identify it,I cannot identify it,True,True,0,2424,318,0.1311881188118812,212,0,0.6666666666666666,0.6666666666666666,212,2212,0,0.08745874587458746,0.08745874587458746,210,2214,0,0.08663366336633663,0.08663366336633663,2106,318,0,936,1488,0,949,1475,0,0.43162393162393164,0.9711538461538461,936,909,1197,27,2424,909,1197,27,0.42687559354226023,0.9473129610115911,949,899,1207,50
llava16_mistral,direct,main,UNCLEAR,UNCLEAR,True,True,0,2424,956,0.3943894389438944,421,0,0.44037656903765693,0.44037656903765693,421,2003,0,0.17367986798679869,0.17367986798679869,418,2006,0,0.17244224422442245,0.17244224422442245,1468,956,0,936,1488,0,949,1475,0,0.48637602179836514,0.7628205128205128,936,714,754,222,2424,714,754,222,0.47547683923705725,0.7355110642781876,949,698,770,251
llava16_mistral,direct,main,UNKNOWN,UNKNOWN,True,True,0,2424,1942,0.8011551155115512,689,0,0.354788877445932,0.354788877445932,689,1735,0,0.28424092409240925,0.28424092409240925,676,1748,0,0.27887788778877887,0.27887788778877887,482,1942,0,936,1488,0,949,1475,0,0.5954356846473029,0.30662393162393164,936,287,195,649,2424,287,195,649,0.5954356846473029,0.30242360379346683,949,287,195,662
llava16_mistral,direct,main,UNSURE,UNSURE,True,True,0,2424,904,0.37293729372937295,424,0,0.4690265486725664,0.4690265486725664,424,2000,0,0.17491749174917492,0.17491749174917492,420,2004,0,0.17326732673267325,0.17326732673267325,1520,904,0,936,1488,0,949,1475,0,0.4743421052631579,0.7702991452991453,936,721,799,215,2424,721,799,215,0.4651315789473684,0.7449947312961012,949,707,813,242
llava16_mistral,dola,main,I cannot identify it,I cannot identify it,True,True,0,2424,359,0.1481023102310231,238,0,0.6629526462395543,0.6629526462395543,238,2186,0,0.09818481848184818,0.09818481848184818,235,2189,0,0.09694719471947194,0.09694719471947194,2065,359,0,936,1488,0,949,1475,0,0.4353510895883777,0.9604700854700855,936,899,1166,37,2424,899,1166,37,0.4290556900726392,0.9336143308746049,949,886,1179,63
llava16_mistral,dola,main,UNCLEAR,UNCLEAR,True,True,0,2424,960,0.39603960396039606,425,0,0.4427083333333333,0.4427083333333333,425,1999,0,0.17533003300330033,0.17533003300330033,422,2002,0,0.1740924092409241,0.1740924092409241,1464,960,0,936,1488,0,949,1475,0,0.48633879781420764,0.7606837606837606,936,712,752,224,2424,712,752,224,0.47540983606557374,0.7334035827186512,949,696,768,253
llava16_mistral,dola,main,UNKNOWN,UNKNOWN,True,True,0,2424,1953,0.8056930693069307,694,0,0.35535074244751663,0.35535074244751663,694,1730,0,0.2863036303630363,0.2863036303630363,681,1743,0,0.28094059405940597,0.28094059405940597,471,1953,0,936,1488,0,949,1475,0,0.5966029723991507,0.3002136752136752,936,281,190,655,2424,281,190,655,0.5944798301486199,0.2950474183350896,949,280,191,669
llava16_mistral,dola,main,UNSURE,UNSURE,True,True,0,2424,917,0.3783003300330033,428,0,0.46673936750272627,0.46673936750272627,428,1996,0,0.17656765676567657,0.17656765676567657,424,2000,0,0.17491749174917492,0.17491749174917492,1507,917,0,936,1488,0,949,1475,0,0.47710683477106836,0.7681623931623932,936,719,788,217,2424,719,788,217,0.4678168546781685,0.7428872497365648,949,705,802,244
llava16_mistral,instruction_m3id,instruction_preserving,I cannot identify it,I cannot identify it,True,False,0,2424,686,0.283003300330033,329,0,0.47959183673469385,0.47959183673469385,329,2095,0,0.13572607260726072,0.13572607260726072,320,2104,0,0.132013201320132,0.132013201320132,1738,686,0,936,1488,0,949,1475,0,0.42462600690448793,0.7884615384615384,936,738,1000,198,2424,738,1000,198,0.42289988492520136,0.7744994731296101,949,735,1003,214
llava16_mistral,instruction_m3id,instruction_preserving,UNCLEAR,UNCLEAR,True,False,0,2424,1219,0.5028877887788779,490,0,0.40196882690730107,0.40196882690730107,490,1934,0,0.20214521452145215,0.20214521452145215,483,1941,0,0.19925742574257427,0.19925742574257427,1205,1219,0,936,1488,0,949,1475,0,0.4871369294605809,0.6271367521367521,936,587,618,349,2424,587,618,349,0.48049792531120333,0.6101159114857745,949,579,626,370
llava16_mistral,instruction_m3id,instruction_preserving,UNKNOWN,UNKNOWN,True,False,0,2424,2022,0.8341584158415841,735,0,0.36350148367952523,0.36350148367952523,735,1689,0,0.3032178217821782,0.3032178217821782,717,1707,0,0.2957920792079208,0.2957920792079208,402,2022,0,936,1488,0,949,1475,0,0.5945273631840796,0.2553418803418803,936,239,163,697,2424,239,163,697,0.5945273631840796,0.2518440463645943,949,239,163,710
llava16_mistral,instruction_m3id,instruction_preserving,UNSURE,UNSURE,True,False,0,2424,1175,0.48473597359735976,489,0,0.41617021276595745,0.41617021276595745,489,1935,0,0.20173267326732675,0.20173267326732675,481,1943,0,0.19843234323432343,0.19843234323432343,1249,1175,0,936,1488,0,949,1475,0,0.4707766212970376,0.6282051282051282,936,588,661,348,2424,588,661,348,0.46517213771016813,0.6122233930453108,949,581,668,368
llava16_mistral,instruction_vcd,instruction_preserving,I cannot identify it,I cannot identify it,True,False,0,2424,1323,0.5457920792079208,688,0,0.5200302343159486,0.5200302343159486,688,1736,0,0.2838283828382838,0.2838283828382838,646,1778,0,0.2665016501650165,0.2665016501650165,1101,1323,0,936,1488,0,949,1475,0,0.5440508628519528,0.6399572649572649,936,599,502,337,2424,599,502,337,0.5304268846503178,0.6153846153846154,949,584,517,365
llava16_mistral,instruction_vcd,instruction_preserving,UNCLEAR,UNCLEAR,True,False,0,2424,1842,0.7599009900990099,740,0,0.4017372421281216,0.4017372421281216,740,1684,0,0.30528052805280526,0.30528052805280526,704,1720,0,0.29042904290429045,0.29042904290429045,582,1842,0,936,1488,0,949,1475,0,0.5962199312714777,0.37072649572649574,936,347,235,589,2424,347,235,589,0.5893470790378007,0.36143308746048475,949,343,239,606
llava16_mistral,instruction_vcd,instruction_preserving,UNKNOWN,UNKNOWN,True,False,0,2424,2329,0.9608085808580858,852,0,0.36582224130528124,0.36582224130528124,852,1572,0,0.35148514851485146,0.35148514851485146,802,1622,0,0.33085808580858084,0.33085808580858084,95,2329,0,936,1488,0,949,1475,0,0.7157894736842105,0.07264957264957266,936,68,27,868,2424,68,27,868,0.6947368421052632,0.06954689146469968,949,66,29,883
llava16_mistral,instruction_vcd,instruction_preserving,UNSURE,UNSURE,True,False,0,2424,1787,0.7372112211221122,733,0,0.4101846670397314,0.4101846670397314,733,1691,0,0.3023927392739274,0.3023927392739274,693,1731,0,0.28589108910891087,0.28589108910891087,637,1787,0,936,1488,0,949,1475,0,0.5620094191522763,0.38247863247863245,936,358,279,578,2424,358,279,578,0.554160125588697,0.3719704952581665,949,353,284,596
llava16_mistral,m3id,main,I cannot identify it,I cannot identify it,True,True,0,2424,356,0.14686468646864687,228,0,0.6404494382022472,0.6404494382022472,228,2196,0,0.09405940594059406,0.09405940594059406,222,2202,0,0.09158415841584158,0.09158415841584158,2068,356,0,936,1488,0,949,1475,0,0.4347195357833656,0.9604700854700855,936,899,1169,37,2424,899,1169,37,0.42891682785299806,0.934668071654373,949,887,1181,62
llava16_mistral,m3id,main,I cannot identify it,UNCLEAR,True,True,0,2424,355,0.14645214521452146,230,0,0.647887323943662,0.647887323943662,230,2194,0,0.09488448844884488,0.09488448844884488,224,2200,0,0.0924092409240924,0.0924092409240924,2069,355,0,936,1488,0,949,1475,0,0.43450942484291927,0.9604700854700855,936,899,1170,37,2424,899,1170,37,0.42870952150797487,0.934668071654373,949,887,1182,62
llava16_mistral,m3id,main,I cannot identify it,UNKNOWN,True,True,0,2424,356,0.14686468646864687,227,0,0.6376404494382022,0.6376404494382022,227,2197,0,0.09364686468646864,0.09364686468646864,221,2203,0,0.09117161716171616,0.09117161716171616,2068,356,0,936,1488,0,949,1475,0,0.4347195357833656,0.9604700854700855,936,899,1169,37,2424,899,1169,37,0.42891682785299806,0.934668071654373,949,887,1181,62
llava16_mistral,m3id,main,I cannot identify it,UNSURE,True,True,0,2424,355,0.14645214521452146,229,0,0.6450704225352113,0.6450704225352113,229,2195,0,0.09447194719471948,0.09447194719471948,223,2201,0,0.091996699669967,0.091996699669967,2069,355,0,936,1488,0,949,1475,0,0.43450942484291927,0.9604700854700855,936,899,1170,37,2424,899,1170,37,0.42870952150797487,0.934668071654373,949,887,1182,62
llava16_mistral,m3id,main,UNCLEAR,I cannot identify it,True,True,0,2424,804,0.3316831683168317,373,0,0.4639303482587065,0.4639303482587065,373,2051,0,0.15387788778877887,0.15387788778877887,369,2055,0,0.15222772277227722,0.15222772277227722,1620,804,0,936,1488,0,949,1475,0,0.4666666666666667,0.8076923076923077,936,756,864,180,2424,756,864,180,0.45925925925925926,0.7839831401475237,949,744,876,205
llava16_mistral,m3id,main,UNCLEAR,UNCLEAR,True,True,0,2424,1148,0.4735973597359736,525,0,0.4573170731707317,0.4573170731707317,525,1899,0,0.21658415841584158,0.21658415841584158,517,1907,0,0.2132838283828383,0.2132838283828383,1276,1148,0,936,1488,0,949,1475,0,0.5227272727272727,0.7126068376068376,936,667,609,269,2424,667,609,269,0.5101880877742947,0.6859852476290832,949,651,625,298
llava16_mistral,m3id,main,UNCLEAR,UNKNOWN,True,True,0,2424,1147,0.4731848184818482,511,0,0.4455100261551874,0.4455100261551874,511,1913,0,0.21080858085808582,0.21080858085808582,501,1923,0,0.20668316831683167,0.20668316831683167,1277,1147,0,936,1488,0,949,1475,0,0.5223179326546593,0.7126068376068376,936,667,610,269,2424,667,610,269,0.5097885669537979,0.6859852476290832,949,651,626,298
llava16_mistral,m3id,main,UNCLEAR,UNSURE,True,True,0,2424,1145,0.47235973597359737,526,0,0.45938864628820963,0.45938864628820963,526,1898,0,0.21699669966996699,0.21699669966996699,516,1908,0,0.21287128712871287,0.21287128712871287,1279,1145,0,936,1488,0,949,1475,0,0.5215011727912432,0.7126068376068376,936,667,612,269,2424,667,612,269,0.5089913995308835,0.6859852476290832,949,651,628,298
llava16_mistral,m3id,main,UNKNOWN,I cannot identify it,True,True,0,2424,1416,0.5841584158415841,604,0,0.4265536723163842,0.4265536723163842,604,1820,0,0.24917491749174916,0.24917491749174916,593,1831,0,0.24463696369636964,0.24463696369636964,1008,1416,0,936,1488,0,949,1475,0,0.5426587301587301,0.5844017094017094,936,547,461,389,2424,547,461,389,0.5198412698412699,0.5521601685985248,949,524,484,425
llava16_mistral,m3id,main,UNKNOWN,UNCLEAR,True,True,0,2424,2286,0.943069306930693,791,0,0.3460192475940507,0.3460192475940507,791,1633,0,0.3263201320132013,0.3263201320132013,777,1647,0,0.32054455445544555,0.32054455445544555,138,2286,0,936,1488,0,949,1475,0,0.644927536231884,0.09508547008547008,936,89,49,847,2424,89,49,847,0.6594202898550725,0.0958904109589041,949,91,47,858
llava16_mistral,m3id,main,UNKNOWN,UNKNOWN,True,True,0,2424,2286,0.943069306930693,795,0,0.34776902887139105,0.34776902887139105,795,1629,0,0.327970297029703,0.327970297029703,780,1644,0,0.3217821782178218,0.3217821782178218,138,2286,0,936,1488,0,949,1475,0,0.644927536231884,0.09508547008547008,936,89,49,847,2424,89,49,847,0.6594202898550725,0.0958904109589041,949,91,47,858
llava16_mistral,m3id,main,UNKNOWN,UNSURE,True,True,0,2424,2286,0.943069306930693,805,0,0.3521434820647419,0.3521434820647419,805,1619,0,0.3320957095709571,0.3320957095709571,789,1635,0,0.3254950495049505,0.3254950495049505,138,2286,0,936,1488,0,949,1475,0,0.644927536231884,0.09508547008547008,936,89,49,847,2424,89,49,847,0.6594202898550725,0.0958904109589041,949,91,47,858
llava16_mistral,m3id,main,UNSURE,I cannot identify it,True,True,0,2424,750,0.3094059405940594,359,0,0.4786666666666667,0.4786666666666667,359,2065,0,0.1481023102310231,0.1481023102310231,357,2067,0,0.14727722772277227,0.14727722772277227,1674,750,0,936,1488,0,949,1475,0,0.45639187574671447,0.8162393162393162,936,764,910,172,2424,764,910,172,0.44802867383512546,0.7903055848261328,949,750,924,199
llava16_mistral,m3id,main,UNSURE,UNCLEAR,True,True,0,2424,1102,0.4546204620462046,529,0,0.48003629764065336,0.48003629764065336,529,1895,0,0.21823432343234322,0.21823432343234322,519,1905,0,0.2141089108910891,0.2141089108910891,1322,1102,0,936,1488,0,949,1475,0,0.5075642965204236,0.7168803418803419,936,671,651,265,2424,671,651,265,0.4969742813918306,0.6923076923076923,949,657,665,292
llava16_mistral,m3id,main,UNSURE,UNKNOWN,True,True,0,2424,1104,0.45544554455445546,504,0,0.45652173913043476,0.45652173913043476,504,1920,0,0.2079207920792079,0.2079207920792079,495,1929,0,0.2042079207920792,0.2042079207920792,1320,1104,0,936,1488,0,949,1475,0,0.5075757575757576,0.7158119658119658,936,670,650,266,2424,670,650,266,0.49696969696969695,0.6912539515279241,949,656,664,293
llava16_mistral,m3id,main,UNSURE,UNSURE,True,True,0,2424,1104,0.45544554455445546,529,0,0.4791666666666667,0.4791666666666667,529,1895,0,0.21823432343234322,0.21823432343234322,520,1904,0,0.2145214521452145,0.2145214521452145,1320,1104,0,936,1488,0,949,1475,0,0.5075757575757576,0.7158119658119658,936,670,650,266,2424,670,650,266,0.49696969696969695,0.6912539515279241,949,656,664,293
llava16_mistral,m3id,reference_instruction_removed,I cannot identify it,I cannot identify it,True,False,0,2424,356,0.14686468646864687,227,0,0.6376404494382022,0.6376404494382022,227,2197,0,0.09364686468646864,0.09364686468646864,222,2202,0,0.09158415841584158,0.09158415841584158,2068,356,0,936,1488,0,949,1475,0,0.4347195357833656,0.9604700854700855,936,899,1169,37,2424,899,1169,37,0.42891682785299806,0.934668071654373,949,887,1181,62
llava16_mistral,m3id,reference_instruction_removed,UNCLEAR,UNCLEAR,True,False,0,2424,792,0.32673267326732675,363,0,0.4583333333333333,0.4583333333333333,363,2061,0,0.14975247524752475,0.14975247524752475,360,2064,0,0.1485148514851485,0.1485148514851485,1632,792,0,936,1488,0,949,1475,0,0.46262254901960786,0.8066239316239316,936,755,877,181,2424,755,877,181,0.45526960784313725,0.7829293993677555,949,743,889,206
llava16_mistral,m3id,reference_instruction_removed,UNKNOWN,UNKNOWN,True,False,0,2424,1318,0.5437293729372937,572,0,0.4339908952959029,0.4339908952959029,572,1852,0,0.23597359735973597,0.23597359735973597,563,1861,0,0.23226072607260725,0.23226072607260725,1106,1318,0,936,1488,0,949,1475,0,0.5189873417721519,0.6132478632478633,936,574,532,362,2424,574,532,362,0.5018083182640145,0.5848261327713382,949,555,551,394
llava16_mistral,m3id,reference_instruction_removed,UNSURE,UNSURE,True,False,0,2424,740,0.30528052805280526,353,0,0.47702702702702704,0.47702702702702704,353,2071,0,0.14562706270627063,0.14562706270627063,351,2073,0,0.1448019801980198,0.1448019801980198,1684,740,0,936,1488,0,949,1475,0,0.45368171021377673,0.8162393162393162,936,764,920,172,2424,764,920,172,0.44536817102137766,0.7903055848261328,949,750,934,199
llava16_mistral,sid,main,I cannot identify it,I cannot identify it,True,True,0,2424,1719,0.7091584158415841,817,0,0.4752763234438627,0.4752763234438627,817,1607,0,0.33704620462046203,0.33704620462046203,723,1701,0,0.29826732673267325,0.29826732673267325,705,1719,0,936,1488,0,949,1475,0,0.6170212765957447,0.46474358974358976,936,435,270,501,2424,435,270,501,0.5985815602836879,0.4446786090621707,949,422,283,527
llava16_mistral,sid,main,I cannot identify it,UNCLEAR,True,True,0,2424,1116,0.4603960396039604,623,0,0.5582437275985663,0.5582437275985663,623,1801,0,0.257013201320132,0.257013201320132,529,1895,0,0.21823432343234322,0.21823432343234322,1308,1116,0,936,1488,0,949,1475,0,0.5443425076452599,0.7606837606837606,936,712,596,224,2424,712,596,224,0.5229357798165137,0.7207586933614331,949,684,624,265
llava16_mistral,sid,main,I cannot identify it,UNKNOWN,True,True,0,2424,1124,0.4636963696369637,609,0,0.541814946619217,0.541814946619217,609,1815,0,0.25123762376237624,0.25123762376237624,512,1912,0,0.21122112211221122,0.21122112211221122,1300,1124,0,936,1488,0,949,1475,0,0.5415384615384615,0.7521367521367521,936,704,596,232,2424,704,596,232,0.52,0.7123287671232876,949,676,624,273
llava16_mistral,sid,main,I cannot identify it,UNSURE,True,True,0,2424,1240,0.5115511551155115,664,0,0.535483870967742,0.535483870967742,664,1760,0,0.2739273927392739,0.2739273927392739,562,1862,0,0.23184818481848185,0.23184818481848185,1184,1240,0,936,1488,0,949,1475,0,0.5565878378378378,0.7040598290598291,936,659,525,277,2424,659,525,277,0.5363175675675675,0.6691253951527925,949,635,549,314
llava16_mistral,sid,main,UNCLEAR,I cannot identify it,True,True,0,2424,88,0.036303630363036306,48,0,0.5454545454545454,0.5454545454545454,48,2376,0,0.019801980198019802,0.019801980198019802,47,2377,0,0.019389438943894388,0.019389438943894388,2336,88,0,936,1488,0,949,1475,0,0.3976883561643836,0.9925213675213675,936,929,1407,7,2424,929,1407,7,0.4011130136986301,0.9873551106427819,949,937,1399,12
llava16_mistral,sid,main,UNCLEAR,UNCLEAR,True,True,0,2424,2233,0.9212046204620462,839,0,0.3757277205553068,0.3757277205553068,839,1585,0,0.34612211221122113,0.34612211221122113,779,1645,0,0.32136963696369636,0.32136963696369636,191,2233,0,936,1488,0,949,1475,0,0.6596858638743456,0.1346153846153846,936,126,65,810,2424,126,65,810,0.6858638743455497,0.1380400421496312,949,131,60,818
llava16_mistral,sid,main,UNCLEAR,UNKNOWN,True,True,0,2424,2216,0.9141914191419142,799,0,0.3605595667870036,0.3605595667870036,799,1625,0,0.3296204620462046,0.3296204620462046,738,1686,0,0.30445544554455445,0.30445544554455445,208,2216,0,936,1488,0,949,1475,0,0.6442307692307693,0.14316239316239315,936,134,74,802,2424,134,74,802,0.6682692307692307,0.1464699683877766,949,139,69,810
llava16_mistral,sid,main,UNCLEAR,UNSURE,True,True,0,2424,2234,0.9216171617161716,819,0,0.3666069829901522,0.3666069829901522,819,1605,0,0.3378712871287129,0.3378712871287129,760,1664,0,0.31353135313531355,0.31353135313531355,190,2234,0,936,1488,0,949,1475,0,0.631578947368421,0.1282051282051282,936,120,70,816,2424,120,70,816,0.6578947368421053,0.13171759747102213,949,125,65,824
llava16_mistral,sid,main,UNKNOWN,I cannot identify it,True,True,0,2424,751,0.30981848184818483,365,0,0.48601864181091875,0.48601864181091875,365,2059,0,0.15057755775577558,0.15057755775577558,346,2078,0,0.14273927392739275,0.14273927392739275,1673,751,0,936,1488,0,949,1475,0,0.474596533173939,0.8482905982905983,936,794,879,142,2424,794,879,142,0.4674237895995218,0.8240252897787145,949,782,891,167
llava16_mistral,sid,main,UNKNOWN,UNCLEAR,True,True,0,2424,2409,0.9938118811881188,885,0,0.36737235367372356,0.36737235367372356,885,1539,0,0.3650990099009901,0.3650990099009901,817,1607,0,0.33704620462046203,0.33704620462046203,15,2409,0,936,1488,0,949,1475,0,0.6666666666666666,0.010683760683760684,936,10,5,926,2424,10,5,926,0.6666666666666666,0.01053740779768177,949,10,5,939
llava16_mistral,sid,main,UNKNOWN,UNKNOWN,True,True,0,2424,2408,0.9933993399339934,879,0,0.3650332225913621,0.3650332225913621,879,1545,0,0.3626237623762376,0.3626237623762376,813,1611,0,0.3353960396039604,0.3353960396039604,16,2408,0,936,1488,0,949,1475,0,0.75,0.01282051282051282,936,12,4,924,2424,12,4,924,0.75,0.012644889357218124,949,12,4,937
llava16_mistral,sid,main,UNKNOWN,UNSURE,True,True,0,2424,2411,0.9946369636963697,873,0,0.362090418913314,0.362090418913314,873,1551,0,0.36014851485148514,0.36014851485148514,807,1617,0,0.33292079207920794,0.33292079207920794,13,2411,0,936,1488,0,949,1475,0,0.7692307692307693,0.010683760683760684,936,10,3,926,2424,10,3,926,0.7692307692307693,0.01053740779768177,949,10,3,939
llava16_mistral,sid,main,UNSURE,I cannot identify it,True,True,0,2424,78,0.03217821782178218,41,0,0.5256410256410257,0.5256410256410257,41,2383,0,0.016914191419141914,0.016914191419141914,40,2384,0,0.0165016501650165,0.0165016501650165,2346,78,0,936,1488,0,949,1475,0,0.39641943734015345,0.9935897435897436,936,930,1416,6,2424,930,1416,6,0.3989769820971867,0.9863013698630136,949,936,1410,13
llava16_mistral,sid,main,UNSURE,UNCLEAR,True,True,0,2424,2174,0.8968646864686468,836,0,0.3845446182152714,0.3845446182152714,836,1588,0,0.3448844884488449,0.3448844884488449,770,1654,0,0.31765676567656764,0.31765676567656764,250,2174,0,936,1488,0,949,1475,0,0.64,0.17094017094017094,936,160,90,776,2424,160,90,776,0.656,0.17281348788198103,949,164,86,785
llava16_mistral,sid,main,UNSURE,UNKNOWN,True,True,0,2424,2155,0.889026402640264,805,0,0.37354988399071926,0.37354988399071926,805,1619,0,0.3320957095709571,0.3320957095709571,744,1680,0,0.3069306930693069,0.3069306930693069,269,2155,0,936,1488,0,949,1475,0,0.6394052044609665,0.18376068376068377,936,172,97,764,2424,172,97,764,0.6617100371747212,0.18756585879873552,949,178,91,771
llava16_mistral,sid,main,UNSURE,UNSURE,True,True,0,2424,2179,0.8989273927392739,827,0,0.3795318953648463,0.3795318953648463,827,1597,0,0.3411716171617162,0.3411716171617162,765,1659,0,0.3155940594059406,0.3155940594059406,245,2179,0,936,1488,0,949,1475,0,0.6448979591836734,0.16880341880341881,936,158,87,778,2424,158,87,778,0.6693877551020408,0.17281348788198103,949,164,81,785
llava16_mistral,vcd,main,I cannot identify it,I cannot identify it,True,True,0,2424,1370,0.5651815181518152,711,0,0.518978102189781,0.518978102189781,711,1713,0,0.2933168316831683,0.2933168316831683,654,1770,0,0.2698019801980198,0.2698019801980198,1054,1370,0,936,1488,0,949,1475,0,0.5616698292220114,0.6324786324786325,936,592,462,344,2424,592,462,344,0.540796963946869,0.6006322444678609,949,570,484,379
llava16_mistral,vcd,main,I cannot identify it,UNCLEAR,True,True,0,2424,225,0.09282178217821782,137,0,0.6088888888888889,0.6088888888888889,137,2287,0,0.056518151815181515,0.056518151815181515,122,2302,0,0.05033003300330033,0.05033003300330033,2199,225,0,936,1488,0,949,1475,0,0.4033651659845384,0.9476495726495726,936,887,1312,49,2424,887,1312,49,0.4033651659845384,0.934668071654373,949,887,1312,62
llava16_mistral,vcd,main,I cannot identify it,UNKNOWN,True,True,0,2424,166,0.06848184818481848,99,0,0.5963855421686747,0.5963855421686747,99,2325,0,0.04084158415841584,0.04084158415841584,90,2334,0,0.03712871287128713,0.03712871287128713,2258,166,0,936,1488,0,949,1475,0,0.39902568644818426,0.9626068376068376,936,901,1357,35,2424,901,1357,35,0.39991142604074403,0.9515279241306639,949,903,1355,46
llava16_mistral,vcd,main,I cannot identify it,UNSURE,True,True,0,2424,246,0.10148514851485149,146,0,0.5934959349593496,0.5934959349593496,146,2278,0,0.06023102310231023,0.06023102310231023,133,2291,0,0.054867986798679866,0.054867986798679866,2178,246,0,936,1488,0,949,1475,0,0.40404040404040403,0.9401709401709402,936,880,1298,56,2424,880,1298,56,0.40266299357208446,0.9241306638566913,949,877,1301,72
llava16_mistral,vcd,main,UNCLEAR,I cannot identify it,True,True,0,2424,25,0.010313531353135313,18,0,0.72,0.72,18,2406,0,0.007425742574257425,0.007425742574257425,18,2406,0,0.007425742574257425,0.007425742574257425,2399,25,0,936,1488,0,949,1475,0,0.3901625677365569,1.0,936,936,1463,0,2424,936,1463,0,0.39474781158816175,0.9978925184404637,949,947,1452,2
llava16_mistral,vcd,main,UNCLEAR,UNCLEAR,True,True,0,2424,1992,0.8217821782178217,753,0,0.37801204819277107,0.37801204819277107,753,1671,0,0.31064356435643564,0.31064356435643564,723,1701,0,0.29826732673267325,0.29826732673267325,432,1992,0,936,1488,0,949,1475,0,0.6342592592592593,0.29273504273504275,936,274,158,662,2424,274,158,662,0.6273148148148148,0.285563751317176,949,271,161,678
llava16_mistral,vcd,main,UNCLEAR,UNKNOWN,True,True,0,2424,1449,0.5977722772277227,562,0,0.3878536922015183,0.3878536922015183,562,1862,0,0.23184818481848185,0.23184818481848185,536,1888,0,0.22112211221122113,0.22112211221122113,975,1449,0,936,1488,0,949,1475,0,0.48,0.5,936,468,507,468,2424,468,507,468,0.4717948717948718,0.48472075869336145,949,460,515,489
llava16_mistral,vcd,main,UNCLEAR,UNSURE,True,True,0,2424,1967,0.8114686468646864,729,0,0.37061514997458056,0.37061514997458056,729,1695,0,0.30074257425742573,0.30074257425742573,698,1726,0,0.28795379537953797,0.28795379537953797,457,1967,0,936,1488,0,949,1475,0,0.6039387308533917,0.2948717948717949,936,276,181,660,2424,276,181,660,0.6039387308533917,0.29083245521601686,949,276,181,673
llava16_mistral,vcd,main,UNKNOWN,I cannot identify it,True,True,0,2424,631,0.26031353135313534,299,0,0.47385103011093505,0.47385103011093505,299,2125,0,0.12334983498349834,0.12334983498349834,291,2133,0,0.12004950495049505,0.12004950495049505,1793,631,0,936,1488,0,949,1475,0,0.4578918014500837,0.8771367521367521,936,821,972,115,2424,821,972,115,0.4517568321249303,0.8535300316122234,949,810,983,139
llava16_mistral,vcd,main,UNKNOWN,UNCLEAR,True,True,0,2424,2348,0.9686468646864687,831,0,0.35391822827938674,0.35391822827938674,831,1593,0,0.34282178217821785,0.34282178217821785,770,1654,0,0.31765676567656764,0.31765676567656764,76,2348,0,936,1488,0,949,1475,0,0.6842105263157895,0.05555555555555555,936,52,24,884,2424,52,24,884,0.6973684210526315,0.05584826132771338,949,53,23,896
llava16_mistral,vcd,main,UNKNOWN,UNKNOWN,True,True,0,2424,2379,0.9814356435643564,852,0,0.35813366960907944,0.35813366960907944,852,1572,0,0.35148514851485146,0.35148514851485146,809,1615,0,0.33374587458745875,0.33374587458745875,45,2379,0,936,1488,0,949,1475,0,0.7777777777777778,0.03739316239316239,936,35,10,901,2424,35,10,901,0.7333333333333333,0.03477344573234984,949,33,12,916
llava16_mistral,vcd,main,UNKNOWN,UNSURE,True,True,0,2424,2400,0.9900990099009901,825,0,0.34375,0.34375,825,1599,0,0.34034653465346537,0.34034653465346537,777,1647,0,0.32054455445544555,0.32054455445544555,24,2400,0,936,1488,0,949,1475,0,0.8333333333333334,0.021367521367521368,936,20,4,916,2424,20,4,916,0.8333333333333334,0.02107481559536354,949,20,4,929
llava16_mistral,vcd,main,UNSURE,I cannot identify it,True,True,0,2424,37,0.015264026402640265,25,0,0.6756756756756757,0.6756756756756757,25,2399,0,0.010313531353135313,0.010313531353135313,25,2399,0,0.010313531353135313,0.010313531353135313,2387,37,0,936,1488,0,949,1475,0,0.3908671973188102,0.9967948717948718,936,933,1454,3,2424,933,1454,3,0.3942186845412652,0.9915700737618546,949,941,1446,8
llava16_mistral,vcd,main,UNSURE,UNCLEAR,True,True,0,2424,1925,0.7941419141914191,774,0,0.4020779220779221,0.4020779220779221,774,1650,0,0.3193069306930693,0.3193069306930693,723,1701,0,0.29826732673267325,0.29826732673267325,499,1925,0,936,1488,0,949,1475,0,0.6032064128256514,0.3215811965811966,936,301,198,635,2424,301,198,635,0.5871743486973948,0.3087460484720759,949,293,206,656
llava16_mistral,vcd,main,UNSURE,UNKNOWN,True,True,0,2424,1369,0.5647689768976898,564,0,0.41197954711468227,0.41197954711468227,564,1860,0,0.23267326732673269,0.23267326732673269,529,1895,0,0.21823432343234322,0.21823432343234322,1055,1369,0,936,1488,0,949,1475,0,0.4824644549763033,0.5438034188034188,936,509,546,427,2424,509,546,427,0.47393364928909953,0.5268703898840885,949,500,555,449
llava16_mistral,vcd,main,UNSURE,UNSURE,True,True,0,2424,1918,0.7912541254125413,756,0,0.39416058394160586,0.39416058394160586,756,1668,0,0.3118811881188119,0.3118811881188119,714,1710,0,0.29455445544554454,0.29455445544554454,506,1918,0,936,1488,0,949,1475,0,0.6146245059288538,0.33226495726495725,936,311,195,625,2424,311,195,625,0.5988142292490118,0.3192834562697576,949,303,203,646
llava16_mistral,vcd,reference_instruction_removed,I cannot identify it,I cannot identify it,True,False,0,2424,51,0.02103960396039604,33,0,0.6470588235294118,0.6470588235294118,33,2391,0,0.013613861386138614,0.013613861386138614,32,2392,0,0.013201320132013201,0.013201320132013201,2373,51,0,936,1488,0,949,1475,0,0.3919089759797724,0.9935897435897436,936,930,1443,6,2424,930,1443,6,0.39570164348925413,0.9894625922023182,949,939,1434,10
llava16_mistral,vcd,reference_instruction_removed,UNCLEAR,UNCLEAR,True,False,0,2424,23,0.009488448844884489,14,0,0.6086956521739131,0.6086956521739131,14,2410,0,0.005775577557755775,0.005775577557755775,14,2410,0,0.005775577557755775,0.005775577557755775,2401,23,0,936,1488,0,949,1475,0,0.3898375676801333,1.0,936,936,1465,0,2424,936,1465,0,0.39441899208663056,0.9978925184404637,949,947,1454,2
llava16_mistral,vcd,reference_instruction_removed,UNKNOWN,UNKNOWN,True,False,0,2424,622,0.2566006600660066,289,0,0.4646302250803859,0.4646302250803859,289,2135,0,0.11922442244224422,0.11922442244224422,276,2148,0,0.11386138613861387,0.11386138613861387,1802,622,0,936,1488,0,949,1475,0,0.4550499445061043,0.8760683760683761,936,820,982,116,2424,820,982,116,0.448945615982242,0.8524762908324552,949,809,993,140
llava16_mistral,vcd,reference_instruction_removed,UNSURE,UNSURE,True,False,0,2424,36,0.01485148514851485,23,0,0.6388888888888888,0.6388888888888888,23,2401,0,0.009488448844884489,0.009488448844884489,23,2401,0,0.009488448844884489,0.009488448844884489,2388,36,0,936,1488,0,949,1475,0,0.3907035175879397,0.9967948717948718,936,933,1455,3,2424,933,1455,3,0.3940536013400335,0.9915700737618546,949,941,1447,8
minicpm26,cda_visual,instruction_preserving,I cannot identify it,I cannot identify it,True,False,0,2424,2420,0.9983498349834984,670,0,0.2768595041322314,0.2768595041322314,670,1754,0,0.2764026402640264,0.2764026402640264,433,1991,0,0.17863036303630364,0.17863036303630364,4,2420,0,648,1776,0,597,1827,0,0.0,0.0,648,0,4,648,2424,0,4,648,0.0,0.0,597,0,4,597
minicpm26,cda_visual,instruction_preserving,UNCLEAR,UNCLEAR,True,False,0,2424,2422,0.9991749174917491,600,0,0.2477291494632535,0.2477291494632535,600,1824,0,0.24752475247524752,0.24752475247524752,455,1969,0,0.18770627062706272,0.18770627062706272,2,2422,0,648,1776,0,597,1827,0,1.0,0.0030864197530864196,648,2,0,646,2424,2,0,646,1.0,0.0033500837520938024,597,2,0,595
minicpm26,cda_visual,instruction_preserving,UNKNOWN,UNKNOWN,True,False,0,2424,2424,1.0,475,0,0.19595709570957096,0.19595709570957096,475,1949,0,0.19595709570957096,0.19595709570957096,404,2020,0,0.16666666666666666,0.16666666666666666,0,2424,0,648,1776,0,597,1827,0,,0.0,648,0,0,648,2424,0,0,648,,0.0,597,0,0,597
minicpm26,cda_visual,instruction_preserving,UNSURE,UNSURE,True,False,0,2424,2423,0.9995874587458746,614,0,0.25340486999587286,0.25340486999587286,614,1810,0,0.2533003300330033,0.2533003300330033,453,1971,0,0.18688118811881188,0.18688118811881188,1,2423,0,648,1776,0,597,1827,0,1.0,0.0015432098765432098,648,1,0,647,2424,1,0,647,1.0,0.0016750418760469012,597,1,0,596
minicpm26,deco,main,I cannot identify it,I cannot identify it,True,True,0,2424,1752,0.7227722772277227,826,0,0.4714611872146119,0.4714611872146119,826,1598,0,0.34075907590759075,0.34075907590759075,789,1635,0,0.3254950495049505,0.3254950495049505,672,1752,0,648,1776,0,597,1827,0,0.4494047619047619,0.4660493827160494,648,302,370,346,2424,302,370,346,0.39732142857142855,0.4472361809045226,597,267,405,330
minicpm26,deco,main,UNCLEAR,UNCLEAR,True,True,0,2424,1429,0.5895214521452146,727,0,0.5087473757872638,0.5087473757872638,727,1697,0,0.2999174917491749,0.2999174917491749,704,1720,0,0.29042904290429045,0.29042904290429045,995,1429,0,648,1776,0,597,1827,0,0.4291457286432161,0.6589506172839507,648,427,568,221,2424,427,568,221,0.37386934673366834,0.6231155778894473,597,372,623,225
minicpm26,deco,main,UNKNOWN,UNKNOWN,True,True,0,2424,2208,0.9108910891089109,867,0,0.39266304347826086,0.39266304347826086,867,1557,0,0.35767326732673266,0.35767326732673266,853,1571,0,0.3518976897689769,0.3518976897689769,216,2208,0,648,1776,0,597,1827,0,0.5324074074074074,0.17746913580246915,648,115,101,533,2424,115,101,533,0.49537037037037035,0.17922948073701842,597,107,109,490
minicpm26,deco,main,UNSURE,UNSURE,True,True,0,2424,1783,0.7355610561056105,841,0,0.4716769489624229,0.4716769489624229,841,1583,0,0.34694719471947194,0.34694719471947194,796,1628,0,0.32838283828382836,0.32838283828382836,641,1783,0,648,1776,0,597,1827,0,0.4914196567862715,0.4861111111111111,648,315,326,333,2424,315,326,333,0.43369734789391573,0.4656616415410385,597,278,363,319
minicpm26,direct,main,I cannot identify it,I cannot identify it,True,True,0,2424,1897,0.7825907590759076,860,0,0.4533473906167633,0.4533473906167633,860,1564,0,0.3547854785478548,0.3547854785478548,828,1596,0,0.3415841584158416,0.3415841584158416,527,1897,0,648,1776,0,597,1827,0,0.45920303605313095,0.3734567901234568,648,242,285,406,2424,242,285,406,0.4060721062618596,0.35845896147403683,597,214,313,383
minicpm26,direct,main,UNCLEAR,UNCLEAR,True,True,0,2424,1421,0.5862211221122112,733,0,0.5158339197748065,0.5158339197748065,733,1691,0,0.3023927392739274,0.3023927392739274,723,1701,0,0.29826732673267325,0.29826732673267325,1003,1421,0,648,1776,0,597,1827,0,0.4267198404785643,0.6604938271604939,648,428,575,220,2424,428,575,220,0.3728813559322034,0.626465661641541,597,374,629,223
minicpm26,direct,main,UNKNOWN,UNKNOWN,True,True,0,2424,2224,0.9174917491749175,871,0,0.391636690647482,0.391636690647482,871,1553,0,0.35932343234323433,0.35932343234323433,861,1563,0,0.3551980198019802,0.3551980198019802,200,2224,0,648,1776,0,597,1827,0,0.535,0.16512345679012347,648,107,93,541,2424,107,93,541,0.495,0.1658291457286432,597,99,101,498
minicpm26,direct,main,UNSURE,UNSURE,True,True,0,2424,1772,0.731023102310231,843,0,0.4757336343115124,0.4757336343115124,843,1581,0,0.34777227722772275,0.34777227722772275,807,1617,0,0.33292079207920794,0.33292079207920794,652,1772,0,648,1776,0,597,1827,0,0.49233128834355827,0.49537037037037035,648,321,331,327,2424,321,331,327,0.4340490797546012,0.474036850921273,597,283,369,314
minicpm26,dola,main,I cannot identify it,I cannot identify it,True,True,0,2424,1928,0.7953795379537953,617,0,0.3200207468879668,0.3200207468879668,617,1807,0,0.2545379537953795,0.2545379537953795,568,1856,0,0.23432343234323433,0.23432343234323433,496,1928,0,648,1776,0,597,1827,0,0.3548387096774194,0.2716049382716049,648,176,320,472,2424,176,320,472,0.33669354838709675,0.2797319932998325,597,167,329,430
minicpm26,dola,main,UNCLEAR,UNCLEAR,True,True,0,2424,1831,0.7553630363036303,610,0,0.3331512834516658,0.3331512834516658,610,1814,0,0.25165016501650167,0.25165016501650167,588,1836,0,0.24257425742574257,0.24257425742574257,593,1831,0,648,1776,0,597,1827,0,0.5059021922428331,0.46296296296296297,648,300,293,348,2424,300,293,348,0.45868465430016864,0.4556113902847571,597,272,321,325
minicpm26,dola,main,UNKNOWN,UNKNOWN,True,True,0,2424,2398,0.9892739273927392,572,0,0.23853211009174313,0.23853211009174313,572,1852,0,0.23597359735973597,0.23597359735973597,552,1872,0,0.22772277227722773,0.22772277227722773,26,2398,0,648,1776,0,597,1827,0,0.7307692307692307,0.029320987654320986,648,19,7,629,2424,19,7,629,0.6923076923076923,0.03015075376884422,597,18,8,579
minicpm26,dola,main,UNSURE,UNSURE,True,True,0,2424,1994,0.8226072607260726,579,0,0.2903711133400201,0.2903711133400201,579,1845,0,0.23886138613861385,0.23886138613861385,547,1877,0,0.22566006600660066,0.22566006600660066,430,1994,0,648,1776,0,597,1827,0,0.413953488372093,0.27469135802469136,648,178,252,470,2424,178,252,470,0.37209302325581395,0.26800670016750416,597,160,270,437
minicpm26,instruction_m3id,instruction_preserving,I cannot identify it,I cannot identify it,True,False,0,2424,2137,0.8816006600660066,898,0,0.42021525503041646,0.42021525503041646,898,1526,0,0.3704620462046205,0.3704620462046205,861,1563,0,0.3551980198019802,0.3551980198019802,287,2137,0,648,1776,0,597,1827,0,0.47038327526132406,0.20833333333333334,648,135,152,513,2424,135,152,513,0.4181184668989547,0.20100502512562815,597,120,167,477
minicpm26,instruction_m3id,instruction_preserving,UNCLEAR,UNCLEAR,True,False,0,2424,1548,0.6386138613861386,758,0,0.4896640826873385,0.4896640826873385,758,1666,0,0.3127062706270627,0.3127062706270627,746,1678,0,0.30775577557755773,0.30775577557755773,876,1548,0,648,1776,0,597,1827,0,0.4406392694063927,0.595679012345679,648,386,490,262,2424,386,490,262,0.3824200913242009,0.5611390284757118,597,335,541,262
minicpm26,instruction_m3id,instruction_preserving,UNKNOWN,UNKNOWN,True,False,0,2424,2298,0.948019801980198,890,0,0.3872932985204526,0.3872932985204526,890,1534,0,0.36716171617161714,0.36716171617161714,876,1548,0,0.3613861386138614,0.3613861386138614,126,2298,0,648,1776,0,597,1827,0,0.5714285714285714,0.1111111111111111,648,72,54,576,2424,72,54,576,0.5396825396825397,0.11390284757118928,597,68,58,529
minicpm26,instruction_m3id,instruction_preserving,UNSURE,UNSURE,True,False,0,2424,1971,0.8131188118811881,880,0,0.44647387113140535,0.44647387113140535,880,1544,0,0.36303630363036304,0.36303630363036304,837,1587,0,0.34529702970297027,0.34529702970297027,453,1971,0,648,1776,0,597,1827,0,0.5165562913907285,0.3611111111111111,648,234,219,414,2424,234,219,414,0.46578366445916114,0.35343383584589616,597,211,242,386
minicpm26,instruction_vcd,instruction_preserving,I cannot identify it,I cannot identify it,True,False,0,2424,2357,0.9723597359735974,1005,0,0.4263894781501909,0.4263894781501909,1005,1419,0,0.4146039603960396,0.4146039603960396,889,1535,0,0.36674917491749176,0.36674917491749176,67,2357,0,648,1776,0,597,1827,0,0.6268656716417911,0.06481481481481481,648,42,25,606,2424,42,25,606,0.582089552238806,0.06532663316582915,597,39,28,558
minicpm26,instruction_vcd,instruction_preserving,UNCLEAR,UNCLEAR,True,False,0,2424,1887,0.7784653465346535,903,0,0.4785373608903021,0.4785373608903021,903,1521,0,0.3725247524752475,0.3725247524752475,824,1600,0,0.33993399339933994,0.33993399339933994,537,1887,0,648,1776,0,597,1827,0,0.5288640595903166,0.4382716049382716,648,284,253,364,2424,284,253,364,0.46741154562383613,0.4204355108877722,597,251,286,346
minicpm26,instruction_vcd,instruction_preserving,UNKNOWN,UNKNOWN,True,False,0,2424,2390,0.985973597359736,988,0,0.41338912133891215,0.41338912133891215,988,1436,0,0.4075907590759076,0.4075907590759076,926,1498,0,0.382013201320132,0.382013201320132,34,2390,0,648,1776,0,597,1827,0,0.7352941176470589,0.038580246913580245,648,25,9,623,2424,25,9,623,0.7058823529411765,0.04020100502512563,597,24,10,573
minicpm26,instruction_vcd,instruction_preserving,UNSURE,UNSURE,True,False,0,2424,2252,0.929042904290429,981,0,0.43561278863232683,0.43561278863232683,981,1443,0,0.40470297029702973,0.40470297029702973,880,1544,0,0.36303630363036304,0.36303630363036304,172,2252,0,648,1776,0,597,1827,0,0.5930232558139535,0.1574074074074074,648,102,70,546,2424,102,70,546,0.5116279069767442,0.1474036850921273,597,88,84,509
minicpm26,m3id,main,I cannot identify it,I cannot identify it,True,True,0,2424,2003,0.8263201320132013,875,0,0.436844732900649,0.436844732900649,875,1549,0,0.360973597359736,0.360973597359736,835,1589,0,0.34447194719471946,0.34447194719471946,421,2003,0,648,1776,0,597,1827,0,0.4750593824228028,0.30864197530864196,648,200,221,448,2424,200,221,448,0.4251781472684085,0.2998324958123953,597,179,242,418
minicpm26,m3id,main,I cannot identify it,UNCLEAR,True,True,0,2424,1971,0.8131188118811881,872,0,0.4424150177574835,0.4424150177574835,872,1552,0,0.35973597359735976,0.35973597359735976,836,1588,0,0.3448844884488449,0.3448844884488449,453,1971,0,648,1776,0,597,1827,0,0.46578366445916114,0.3256172839506173,648,211,242,437,2424,211,242,437,0.41280353200883,0.3132328308207705,597,187,266,410
minicpm26,m3id,main,I cannot identify it,UNKNOWN,True,True,0,2424,1965,0.8106435643564357,867,0,0.44122137404580153,0.44122137404580153,867,1557,0,0.35767326732673266,0.35767326732673266,831,1593,0,0.34282178217821785,0.34282178217821785,459,1965,0,648,1776,0,597,1827,0,0.46405228758169936,0.3287037037037037,648,213,246,435,2424,213,246,435,0.4139433551198257,0.31825795644891125,597,190,269,407
minicpm26,m3id,main,I cannot identify it,UNSURE,True,True,0,2424,1971,0.8131188118811881,872,0,0.4424150177574835,0.4424150177574835,872,1552,0,0.35973597359735976,0.35973597359735976,835,1589,0,0.34447194719471946,0.34447194719471946,453,1971,0,648,1776,0,597,1827,0,0.46578366445916114,0.3256172839506173,648,211,242,437,2424,211,242,437,0.41501103752759383,0.3149078726968174,597,188,265,409
minicpm26,m3id,main,UNCLEAR,I cannot identify it,True,True,0,2424,1373,0.5664191419141914,722,0,0.5258557902403496,0.5258557902403496,722,1702,0,0.2978547854785479,0.2978547854785479,711,1713,0,0.2933168316831683,0.2933168316831683,1051,1373,0,648,1776,0,597,1827,0,0.4186489058039962,0.6790123456790124,648,440,611,208,2424,440,611,208,0.36631779257849667,0.644891122278057,597,385,666,212
minicpm26,m3id,main,UNCLEAR,UNCLEAR,True,True,0,2424,1466,0.6047854785478548,743,0,0.5068212824010914,0.5068212824010914,743,1681,0,0.3065181518151815,0.3065181518151815,730,1694,0,0.30115511551155116,0.30115511551155116,958,1466,0,648,1776,0,597,1827,0,0.4311064718162839,0.6373456790123457,648,413,545,235,2424,413,545,235,0.3768267223382046,0.6046901172529313,597,361,597,236
minicpm26,m3id,main,UNCLEAR,UNKNOWN,True,True,0,2424,1406,0.58003300330033,725,0,0.515647226173542,0.515647226173542,725,1699,0,0.2990924092409241,0.2990924092409241,714,1710,0,0.29455445544554454,0.29455445544554454,1018,1406,0,648,1776,0,597,1827,0,0.42337917485265225,0.6651234567901234,648,431,587,217,2424,431,587,217,0.36836935166994106,0.628140703517588,597,375,643,222
minicpm26,m3id,main,UNCLEAR,UNSURE,True,True,0,2424,1453,0.5994224422442245,740,0,0.5092911218169305,0.5092911218169305,740,1684,0,0.30528052805280526,0.30528052805280526,727,1697,0,0.2999174917491749,0.2999174917491749,971,1453,0,648,1776,0,597,1827,0,0.43357363542739447,0.6496913580246914,648,421,550,227,2424,421,550,227,0.3769309989701339,0.6130653266331658,597,366,605,231
minicpm26,m3id,main,UNKNOWN,I cannot identify it,True,True,0,2424,1957,0.8073432343234324,820,0,0.4190086867654573,0.4190086867654573,820,1604,0,0.33828382838283827,0.33828382838283827,808,1616,0,0.3333333333333333,0.3333333333333333,467,1957,0,648,1776,0,597,1827,0,0.48822269807280516,0.35185185185185186,648,228,239,420,2424,228,239,420,0.4261241970021413,0.3333333333333333,597,199,268,398
minicpm26,m3id,main,UNKNOWN,UNCLEAR,True,True,0,2424,2174,0.8968646864686468,869,0,0.3997240110395584,0.3997240110395584,869,1555,0,0.3584983498349835,0.3584983498349835,855,1569,0,0.3527227722772277,0.3527227722772277,250,2174,0,648,1776,0,597,1827,0,0.54,0.20833333333333334,648,135,115,513,2424,135,115,513,0.492,0.20603015075376885,597,123,127,474
minicpm26,m3id,main,UNKNOWN,UNKNOWN,True,True,0,2424,2294,0.9463696369636964,884,0,0.3853530950305144,0.3853530950305144,884,1540,0,0.36468646864686466,0.36468646864686466,868,1556,0,0.3580858085808581,0.3580858085808581,130,2294,0,648,1776,0,597,1827,0,0.5384615384615384,0.10802469135802469,648,70,60,578,2424,70,60,578,0.5076923076923077,0.11055276381909548,597,66,64,531
minicpm26,m3id,main,UNKNOWN,UNSURE,True,True,0,2424,2162,0.891914191419142,866,0,0.4005550416281221,0.4005550416281221,866,1558,0,0.3572607260726073,0.3572607260726073,853,1571,0,0.3518976897689769,0.3518976897689769,262,2162,0,648,1776,0,597,1827,0,0.5381679389312977,0.2175925925925926,648,141,121,507,2424,141,121,507,0.48854961832061067,0.21440536013400335,597,128,134,469
minicpm26,m3id,main,UNSURE,I cannot identify it,True,True,0,2424,1648,0.6798679867986799,808,0,0.49029126213592233,0.49029126213592233,808,1616,0,0.3333333333333333,0.3333333333333333,778,1646,0,0.320957095709571,0.320957095709571,776,1648,0,648,1776,0,597,1827,0,0.4574742268041237,0.5478395061728395,648,355,421,293,2424,355,421,293,0.39948453608247425,0.5192629815745393,597,310,466,287
minicpm26,m3id,main,UNSURE,UNCLEAR,True,True,0,2424,1863,0.7685643564356436,856,0,0.4594739667203435,0.4594739667203435,856,1568,0,0.35313531353135313,0.35313531353135313,813,1611,0,0.3353960396039604,0.3353960396039604,561,1863,0,648,1776,0,597,1827,0,0.5169340463458111,0.44753086419753085,648,290,271,358,2424,290,271,358,0.4563279857397504,0.4288107202680067,597,256,305,341
minicpm26,m3id,main,UNSURE,UNKNOWN,True,True,0,2424,1799,0.7421617161716172,842,0,0.4680377987770984,0.4680377987770984,842,1582,0,0.34735973597359737,0.34735973597359737,802,1622,0,0.33085808580858084,0.33085808580858084,625,1799,0,648,1776,0,597,1827,0,0.496,0.4783950617283951,648,310,315,338,2424,310,315,338,0.4352,0.4556113902847571,597,272,353,325
minicpm26,m3id,main,UNSURE,UNSURE,True,True,0,2424,1864,0.768976897689769,860,0,0.4613733905579399,0.4613733905579399,860,1564,0,0.3547854785478548,0.3547854785478548,817,1607,0,0.33704620462046203,0.33704620462046203,560,1864,0,648,1776,0,597,1827,0,0.5178571428571429,0.44753086419753085,648,290,270,358,2424,290,270,358,0.45714285714285713,0.4288107202680067,597,256,304,341
minicpm26,m3id,reference_instruction_removed,I cannot identify it,I cannot identify it,True,False,0,2424,1987,0.8197194719471947,868,0,0.43683945646703576,0.43683945646703576,868,1556,0,0.3580858085808581,0.3580858085808581,831,1593,0,0.34282178217821785,0.34282178217821785,437,1987,0,648,1776,0,597,1827,0,0.47139588100686497,0.31790123456790126,648,206,231,442,2424,206,231,442,0.41876430205949655,0.3065326633165829,597,183,254,414
minicpm26,m3id,reference_instruction_removed,UNCLEAR,UNCLEAR,True,False,0,2424,1369,0.5647689768976898,721,0,0.5266617969320672,0.5266617969320672,721,1703,0,0.29744224422442245,0.29744224422442245,711,1713,0,0.2933168316831683,0.2933168316831683,1055,1369,0,648,1776,0,597,1827,0,0.41706161137440756,0.6790123456790124,648,440,615,208,2424,440,615,208,0.36492890995260663,0.644891122278057,597,385,670,212
minicpm26,m3id,reference_instruction_removed,UNKNOWN,UNKNOWN,True,False,0,2424,1953,0.8056930693069307,817,0,0.41833077316948286,0.41833077316948286,817,1607,0,0.33704620462046203,0.33704620462046203,804,1620,0,0.3316831683168317,0.3316831683168317,471,1953,0,648,1776,0,597,1827,0,0.4861995753715499,0.3533950617283951,648,229,242,419,2424,229,242,419,0.42462845010615713,0.33500837520938026,597,200,271,397
minicpm26,m3id,reference_instruction_removed,UNSURE,UNSURE,True,False,0,2424,1649,0.6802805280528053,808,0,0.4899939357186173,0.4899939357186173,808,1616,0,0.3333333333333333,0.3333333333333333,778,1646,0,0.320957095709571,0.320957095709571,775,1649,0,648,1776,0,597,1827,0,0.4593548387096774,0.5493827160493827,648,356,419,292,2424,356,419,292,0.4012903225806452,0.5209380234505863,597,311,464,286
minicpm26,vcd,main,I cannot identify it,I cannot identify it,True,True,0,2424,2361,0.974009900990099,982,0,0.41592545531554426,0.41592545531554426,982,1442,0,0.4051155115511551,0.4051155115511551,869,1555,0,0.3584983498349835,0.3584983498349835,63,2361,0,648,1776,0,597,1827,0,0.6190476190476191,0.06018518518518518,648,39,24,609,2424,39,24,609,0.5873015873015873,0.06197654941373534,597,37,26,560
minicpm26,vcd,main,I cannot identify it,UNCLEAR,True,True,0,2424,1654,0.6823432343234324,813,0,0.4915356711003628,0.4915356711003628,813,1611,0,0.3353960396039604,0.3353960396039604,713,1711,0,0.29414191419141916,0.29414191419141916,770,1654,0,648,1776,0,597,1827,0,0.43506493506493504,0.5169753086419753,648,335,435,313,2424,335,435,313,0.38311688311688313,0.49413735343383586,597,295,475,302
minicpm26,vcd,main,I cannot identify it,UNKNOWN,True,True,0,2424,1586,0.6542904290429042,785,0,0.49495586380832285,0.49495586380832285,785,1639,0,0.32384488448844884,0.32384488448844884,693,1731,0,0.28589108910891087,0.28589108910891087,838,1586,0,648,1776,0,597,1827,0,0.41646778042959426,0.5385802469135802,648,349,489,299,2424,349,489,299,0.3627684964200477,0.509212730318258,597,304,534,293
minicpm26,vcd,main,I cannot identify it,UNSURE,True,True,0,2424,1590,0.655940594059406,807,0,0.5075471698113208,0.5075471698113208,807,1617,0,0.33292079207920794,0.33292079207920794,710,1714,0,0.2929042904290429,0.2929042904290429,834,1590,0,648,1776,0,597,1827,0,0.42326139088729015,0.5447530864197531,648,353,481,295,2424,353,481,295,0.37410071942446044,0.5226130653266332,597,312,522,285
minicpm26,vcd,main,UNCLEAR,I cannot identify it,True,True,0,2424,969,0.3997524752475248,548,0,0.5655314757481941,0.5655314757481941,548,1876,0,0.22607260726072606,0.22607260726072606,519,1905,0,0.2141089108910891,0.2141089108910891,1455,969,0,648,1776,0,597,1827,0,0.35945017182130584,0.8070987654320988,648,523,932,125,2424,523,932,125,0.31958762886597936,0.7788944723618091,597,465,990,132
minicpm26,vcd,main,UNCLEAR,UNCLEAR,True,True,0,2424,1918,0.7912541254125413,873,0,0.4551616266944734,0.4551616266944734,873,1551,0,0.36014851485148514,0.36014851485148514,794,1630,0,0.32755775577557755,0.32755775577557755,506,1918,0,648,1776,0,597,1827,0,0.5355731225296443,0.4182098765432099,648,271,235,377,2424,271,235,377,0.4743083003952569,0.4020100502512563,597,240,266,357
minicpm26,vcd,main,UNCLEAR,UNKNOWN,True,True,0,2424,1081,0.445957095709571,608,0,0.5624421831637373,0.5624421831637373,608,1816,0,0.2508250825082508,0.2508250825082508,567,1857,0,0.23391089108910892,0.23391089108910892,1343,1081,0,648,1776,0,597,1827,0,0.37527922561429633,0.7777777777777778,648,504,839,144,2424,504,839,144,0.3320923306031273,0.7470686767169179,597,446,897,151
minicpm26,vcd,main,UNCLEAR,UNSURE,True,True,0,2424,1396,0.5759075907590759,740,0,0.5300859598853869,0.5300859598853869,740,1684,0,0.30528052805280526,0.30528052805280526,688,1736,0,0.2838283828382838,0.2838283828382838,1028,1396,0,648,1776,0,597,1827,0,0.43190661478599224,0.6851851851851852,648,444,584,204,2424,444,584,204,0.3745136186770428,0.644891122278057,597,385,643,212
minicpm26,vcd,main,UNKNOWN,I cannot identify it,True,True,0,2424,1807,0.7454620462046204,766,0,0.423907028223575,0.423907028223575,766,1658,0,0.31600660066006603,0.31600660066006603,730,1694,0,0.30115511551155116,0.30115511551155116,617,1807,0,648,1776,0,597,1827,0,0.47487844408427876,0.4521604938271605,648,293,324,355,2424,293,324,355,0.4327390599675851,0.4472361809045226,597,267,350,330
minicpm26,vcd,main,UNKNOWN,UNCLEAR,True,True,0,2424,2022,0.8341584158415841,832,0,0.4114737883283877,0.4114737883283877,832,1592,0,0.3432343234323432,0.3432343234323432,785,1639,0,0.32384488448844884,0.32384488448844884,402,2022,0,648,1776,0,597,1827,0,0.5248756218905473,0.3256172839506173,648,211,191,437,2424,211,191,437,0.48009950248756217,0.3232830820770519,597,193,209,404
minicpm26,vcd,main,UNKNOWN,UNKNOWN,True,True,0,2424,2382,0.9826732673267327,925,0,0.3883291351805206,0.3883291351805206,925,1499,0,0.3816006600660066,0.3816006600660066,866,1558,0,0.3572607260726073,0.3572607260726073,42,2382,0,648,1776,0,597,1827,0,0.6666666666666666,0.043209876543209874,648,28,14,620,2424,28,14,620,0.6190476190476191,0.04355108877721943,597,26,16,571
minicpm26,vcd,main,UNKNOWN,UNSURE,True,True,0,2424,1999,0.8246699669966997,838,0,0.4192096048024012,0.4192096048024012,838,1586,0,0.3457095709570957,0.3457095709570957,791,1633,0,0.3263201320132013,0.3263201320132013,425,1999,0,648,1776,0,597,1827,0,0.5058823529411764,0.3317901234567901,648,215,210,433,2424,215,210,433,0.45647058823529413,0.3249581239530988,597,194,231,403
minicpm26,vcd,main,UNSURE,I cannot identify it,True,True,0,2424,1036,0.4273927392739274,601,0,0.5801158301158301,0.5801158301158301,601,1823,0,0.24793729372937293,0.24793729372937293,566,1858,0,0.2334983498349835,0.2334983498349835,1388,1036,0,648,1776,0,597,1827,0,0.361671469740634,0.7746913580246914,648,502,886,146,2424,502,886,146,0.32132564841498557,0.7470686767169179,597,446,942,151
minicpm26,vcd,main,UNSURE,UNCLEAR,True,True,0,2424,2012,0.83003300330033,916,0,0.4552683896620278,0.4552683896620278,916,1508,0,0.3778877887788779,0.3778877887788779,814,1610,0,0.3358085808580858,0.3358085808580858,412,2012,0,648,1776,0,597,1827,0,0.5388349514563107,0.3425925925925926,648,222,190,426,2424,222,190,426,0.47572815533980584,0.32830820770519265,597,196,216,401
minicpm26,vcd,main,UNSURE,UNKNOWN,True,True,0,2424,1602,0.6608910891089109,796,0,0.4968789013732834,0.4968789013732834,796,1628,0,0.32838283828382836,0.32838283828382836,710,1714,0,0.2929042904290429,0.2929042904290429,822,1602,0,648,1776,0,597,1827,0,0.4440389294403893,0.5632716049382716,648,365,457,283,2424,365,457,283,0.38929440389294406,0.5360134003350083,597,320,502,277
minicpm26,vcd,main,UNSURE,UNSURE,True,True,0,2424,2261,0.9327557755775577,962,0,0.4254754533392304,0.4254754533392304,962,1462,0,0.39686468646864687,0.39686468646864687,864,1560,0,0.3564356435643564,0.3564356435643564,163,2261,0,648,1776,0,597,1827,0,0.588957055214724,0.14814814814814814,648,96,67,552,2424,96,67,552,0.5337423312883436,0.1457286432160804,597,87,76,510
minicpm26,vcd,reference_instruction_removed,I cannot identify it,I cannot identify it,True,False,0,2424,1583,0.653052805280528,800,0,0.505369551484523,0.505369551484523,800,1624,0,0.33003300330033003,0.33003300330033003,724,1700,0,0.2986798679867987,0.2986798679867987,841,1583,0,648,1776,0,597,1827,0,0.41854934601664684,0.5432098765432098,648,352,489,296,2424,352,489,296,0.3697978596908442,0.5209380234505863,597,311,530,286
minicpm26,vcd,reference_instruction_removed,UNCLEAR,UNCLEAR,True,False,0,2424,971,0.4005775577557756,548,0,0.564366632337796,0.564366632337796,548,1876,0,0.22607260726072606,0.22607260726072606,519,1905,0,0.2141089108910891,0.2141089108910891,1453,971,0,648,1776,0,597,1827,0,0.3599449415003441,0.8070987654320988,648,523,930,125,2424,523,930,125,0.32002752924982797,0.7788944723618091,597,465,988,132
minicpm26,vcd,reference_instruction_removed,UNKNOWN,UNKNOWN,True,False,0,2424,1813,0.7479372937293729,756,0,0.416988416988417,0.416988416988417,756,1668,0,0.3118811881188119,0.3118811881188119,720,1704,0,0.297029702970297,0.297029702970297,611,1813,0,648,1776,0,597,1827,0,0.46808510638297873,0.44135802469135804,648,286,325,362,2424,286,325,362,0.42716857610474634,0.4371859296482412,597,261,350,336
minicpm26,vcd,reference_instruction_removed,UNSURE,UNSURE,True,False,0,2424,1038,0.4282178217821782,594,0,0.5722543352601156,0.5722543352601156,594,1830,0,0.24504950495049505,0.24504950495049505,562,1862,0,0.23184818481848185,0.23184818481848185,1386,1038,0,648,1776,0,597,1827,0,0.36147186147186144,0.7731481481481481,648,501,885,147,2424,501,885,147,0.32106782106782106,0.7453936348408711,597,445,941,152
qwen25vl,cda_visual,instruction_preserving,I cannot identify it,I cannot identify it,True,False,0,2424,2161,0.8915016501650165,818,0,0.3785284590467376,0.3785284590467376,818,1606,0,0.33745874587458746,0.33745874587458746,563,1861,0,0.23226072607260725,0.23226072607260725,263,2161,0,401,2023,0,383,2041,0,0.23193916349809887,0.15211970074812967,401,61,202,340,2424,61,202,340,0.22053231939163498,0.1514360313315927,383,58,205,325
qwen25vl,cda_visual,instruction_preserving,UNCLEAR,UNCLEAR,True,False,0,2424,2307,0.9517326732673267,913,0,0.3957520589510186,0.3957520589510186,913,1511,0,0.37665016501650167,0.37665016501650167,881,1543,0,0.3634488448844885,0.3634488448844885,117,2307,0,401,2023,0,383,2041,0,0.28205128205128205,0.08229426433915212,401,33,84,368,2424,33,84,368,0.2564102564102564,0.0783289817232376,383,30,87,353
qwen25vl,cda_visual,instruction_preserving,UNKNOWN,UNKNOWN,True,False,0,2424,2046,0.844059405940594,822,0,0.40175953079178883,0.40175953079178883,822,1602,0,0.33910891089108913,0.33910891089108913,801,1623,0,0.33044554455445546,0.33044554455445546,378,2046,0,401,2023,0,383,2041,0,0.2566137566137566,0.24189526184538654,401,97,281,304,2424,97,281,304,0.23544973544973544,0.23237597911227154,383,89,289,294
qwen25vl,cda_visual,instruction_preserving,UNSURE,UNSURE,True,False,0,2424,2036,0.8399339933993399,818,0,0.4017681728880157,0.4017681728880157,818,1606,0,0.33745874587458746,0.33745874587458746,775,1649,0,0.31971947194719474,0.31971947194719474,388,2036,0,401,2023,0,383,2041,0,0.2422680412371134,0.2344139650872818,401,94,294,307,2424,94,294,307,0.2190721649484536,0.22193211488250653,383,85,303,298
qwen25vl,deco,main,I cannot identify it,I cannot identify it,True,True,0,2424,1498,0.6179867986798679,860,0,0.5740987983978638,0.5740987983978638,860,1564,0,0.3547854785478548,0.3547854785478548,595,1829,0,0.24546204620462045,0.24546204620462045,926,1498,0,401,2023,0,383,2041,0,0.29481641468682507,0.6807980049875312,401,273,653,128,2424,273,653,128,0.26673866090712745,0.6449086161879896,383,247,679,136
qwen25vl,deco,main,UNCLEAR,UNCLEAR,True,True,0,2424,1728,0.7128712871287128,939,0,0.5434027777777778,0.5434027777777778,939,1485,0,0.3873762376237624,0.3873762376237624,900,1524,0,0.3712871287128713,0.3712871287128713,696,1728,0,401,2023,0,383,2041,0,0.3218390804597701,0.5586034912718204,401,224,472,177,2424,224,472,177,0.2859195402298851,0.5195822454308094,383,199,497,184
qwen25vl,deco,main,UNKNOWN,UNKNOWN,True,True,0,2424,974,0.4018151815181518,595,0,0.6108829568788501,0.6108829568788501,595,1829,0,0.24546204620462045,0.24546204620462045,586,1838,0,0.24174917491749176,0.24174917491749176,1450,974,0,401,2023,0,383,2041,0,0.2524137931034483,0.912718204488778,401,366,1084,35,2424,366,1084,35,0.22689655172413792,0.8590078328981723,383,329,1121,54
qwen25vl,deco,main,UNSURE,UNSURE,True,True,0,2424,1095,0.45173267326732675,686,0,0.6264840182648402,0.6264840182648402,686,1738,0,0.283003300330033,0.283003300330033,669,1755,0,0.275990099009901,0.275990099009901,1329,1095,0,401,2023,0,383,2041,0,0.2626034612490594,0.8703241895261845,401,349,980,52,2424,349,980,52,0.236267870579383,0.8198433420365535,383,314,1015,69
qwen25vl,direct,main,I cannot identify it,I cannot identify it,True,True,0,2424,1449,0.5977722772277227,868,0,0.5990338164251208,0.5990338164251208,868,1556,0,0.3580858085808581,0.3580858085808581,557,1867,0,0.22978547854785478,0.22978547854785478,975,1449,0,401,2023,0,383,2041,0,0.29025641025641025,0.7057356608478803,401,283,692,118,2424,283,692,118,0.26256410256410256,0.6684073107049608,383,256,719,127
qwen25vl,direct,main,UNCLEAR,UNCLEAR,True,True,0,2424,1741,0.7182343234323433,961,0,0.5519816197587594,0.5519816197587594,961,1463,0,0.39645214521452143,0.39645214521452143,924,1500,0,0.3811881188118812,0.3811881188118812,683,1741,0,401,2023,0,383,2041,0,0.32503660322108346,0.5536159600997507,401,222,461,179,2424,222,461,179,0.2884333821376281,0.5143603133159269,383,197,486,186
qwen25vl,direct,main,UNKNOWN,UNKNOWN,True,True,0,2424,1006,0.415016501650165,609,0,0.6053677932405567,0.6053677932405567,609,1815,0,0.25123762376237624,0.25123762376237624,601,1823,0,0.24793729372937293,0.24793729372937293,1418,1006,0,401,2023,0,383,2041,0,0.2538787023977433,0.8977556109725686,401,360,1058,41,2424,360,1058,41,0.22778561354019747,0.8433420365535248,383,323,1095,60
qwen25vl,direct,main,UNSURE,UNSURE,True,True,0,2424,1098,0.452970297029703,692,0,0.6302367941712204,0.6302367941712204,692,1732,0,0.2854785478547855,0.2854785478547855,673,1751,0,0.27764026402640263,0.27764026402640263,1326,1098,0,401,2023,0,383,2041,0,0.26395173453996984,0.8728179551122195,401,350,976,51,2424,350,976,51,0.2368024132730015,0.8198433420365535,383,314,1012,69
qwen25vl,dola,main,I cannot identify it,I cannot identify it,True,True,0,2424,1051,0.4335808580858086,455,0,0.4329210275927688,0.4329210275927688,455,1969,0,0.18770627062706272,0.18770627062706272,341,2083,0,0.14067656765676567,0.14067656765676567,1373,1051,0,401,2023,0,383,2041,0,0.18936635105608157,0.6483790523690773,401,260,1113,141,2424,260,1113,141,0.16605972323379461,0.5953002610966057,383,228,1145,155
qwen25vl,dola,main,UNCLEAR,UNCLEAR,True,True,0,2424,2375,0.9797854785478548,819,0,0.3448421052631579,0.3448421052631579,819,1605,0,0.3378712871287129,0.3378712871287129,690,1734,0,0.28465346534653463,0.28465346534653463,49,2375,0,401,2023,0,383,2041,0,0.4489795918367347,0.05486284289276808,401,22,27,379,2424,22,27,379,0.40816326530612246,0.05221932114882506,383,20,29,363
qwen25vl,dola,main,UNKNOWN,UNKNOWN,True,True,0,2424,1757,0.7248349834983498,792,0,0.45076835515082525,0.45076835515082525,792,1632,0,0.32673267326732675,0.32673267326732675,743,1681,0,0.3065181518151815,0.3065181518151815,667,1757,0,401,2023,0,383,2041,0,0.39730134932533734,0.6608478802992519,401,265,402,136,2424,265,402,136,0.3538230884557721,0.6161879895561357,383,236,431,147
qwen25vl,dola,main,UNSURE,UNSURE,True,True,0,2424,2254,0.9298679867986799,834,0,0.3700088731144632,0.3700088731144632,834,1590,0,0.34405940594059403,0.34405940594059403,661,1763,0,0.2726897689768977,0.2726897689768977,170,2254,0,401,2023,0,383,2041,0,0.34705882352941175,0.14713216957605985,401,59,111,342,2424,59,111,342,0.3176470588235294,0.1409921671018277,383,54,116,329
qwen25vl,instruction_m3id,instruction_preserving,I cannot identify it,I cannot identify it,True,False,0,2424,1859,0.766914191419142,1022,0,0.549757934373319,0.549757934373319,1022,1402,0,0.42161716171617164,0.42161716171617164,733,1691,0,0.3023927392739274,0.3023927392739274,565,1859,0,401,2023,0,383,2041,0,0.27256637168141595,0.38403990024937656,401,154,411,247,2424,154,411,247,0.25309734513274335,0.3733681462140992,383,143,422,240
qwen25vl,instruction_m3id,instruction_preserving,UNCLEAR,UNCLEAR,True,False,0,2424,1905,0.7858910891089109,995,0,0.5223097112860893,0.5223097112860893,995,1429,0,0.4104785478547855,0.4104785478547855,966,1458,0,0.39851485148514854,0.39851485148514854,519,1905,0,401,2023,0,383,2041,0,0.348747591522158,0.4513715710723192,401,181,338,220,2424,181,338,220,0.3044315992292871,0.412532637075718,383,158,361,225
qwen25vl,instruction_m3id,instruction_preserving,UNKNOWN,UNKNOWN,True,False,0,2424,1296,0.5346534653465347,712,0,0.5493827160493827,0.5493827160493827,712,1712,0,0.29372937293729373,0.29372937293729373,702,1722,0,0.2896039603960396,0.2896039603960396,1128,1296,0,401,2023,0,383,2041,0,0.27570921985815605,0.7755610972568578,401,311,817,90,2424,311,817,90,0.24822695035460993,0.7310704960835509,383,280,848,103
qwen25vl,instruction_m3id,instruction_preserving,UNSURE,UNSURE,True,False,0,2424,1369,0.5647689768976898,798,0,0.5829072315558802,0.5829072315558802,798,1626,0,0.3292079207920792,0.3292079207920792,782,1642,0,0.3226072607260726,0.3226072607260726,1055,1369,0,401,2023,0,383,2041,0,0.28720379146919434,0.7556109725685786,401,303,752,98,2424,303,752,98,0.25781990521327014,0.7101827676240209,383,272,783,111
qwen25vl,instruction_vcd,instruction_preserving,I cannot identify it,I cannot identify it,True,False,0,2424,1490,0.6146864686468647,880,0,0.5906040268456376,0.5906040268456376,880,1544,0,0.36303630363036304,0.36303630363036304,782,1642,0,0.3226072607260726,0.3226072607260726,934,1490,0,401,2023,0,383,2041,0,0.2944325481798715,0.685785536159601,401,275,659,126,2424,275,659,126,0.26124197002141325,0.6370757180156658,383,244,690,139
qwen25vl,instruction_vcd,instruction_preserving,UNCLEAR,UNCLEAR,True,False,0,2424,1970,0.8127062706270627,902,0,0.4578680203045685,0.4578680203045685,902,1522,0,0.3721122112211221,0.3721122112211221,876,1548,0,0.3613861386138614,0.3613861386138614,454,1970,0,401,2023,0,383,2041,0,0.3656387665198238,0.4139650872817955,401,166,288,235,2424,166,288,235,0.31497797356828194,0.3733681462140992,383,143,311,240
qwen25vl,instruction_vcd,instruction_preserving,UNKNOWN,UNKNOWN,True,False,0,2424,1566,0.6460396039603961,769,0,0.49106002554278416,0.49106002554278416,769,1655,0,0.31724422442244227,0.31724422442244227,758,1666,0,0.3127062706270627,0.3127062706270627,858,1566,0,401,2023,0,383,2041,0,0.32867132867132864,0.7032418952618454,401,282,576,119,2424,282,576,119,0.2925407925407925,0.6553524804177546,383,251,607,132
qwen25vl,instruction_vcd,instruction_preserving,UNSURE,UNSURE,True,False,0,2424,1692,0.698019801980198,853,0,0.5041371158392435,0.5041371158392435,853,1571,0,0.3518976897689769,0.3518976897689769,836,1588,0,0.3448844884488449,0.3448844884488449,732,1692,0,401,2023,0,383,2041,0,0.3292349726775956,0.600997506234414,401,241,491,160,2424,241,491,160,0.2923497267759563,0.5587467362924282,383,214,518,169
qwen25vl,m3id,main,I cannot identify it,I cannot identify it,True,True,0,2424,1462,0.6031353135313532,883,0,0.603967168262654,0.603967168262654,883,1541,0,0.3642739273927393,0.3642739273927393,562,1862,0,0.23184818481848185,0.23184818481848185,962,1462,0,401,2023,0,383,2041,0,0.29313929313929316,0.7032418952618454,401,282,680,119,2424,282,680,119,0.26403326403326405,0.6631853785900783,383,254,708,129
qwen25vl,m3id,main,I cannot identify it,UNCLEAR,True,True,0,2424,1462,0.6031353135313532,885,0,0.6053351573187414,0.6053351573187414,885,1539,0,0.3650990099009901,0.3650990099009901,562,1862,0,0.23184818481848185,0.23184818481848185,962,1462,0,401,2023,0,383,2041,0,0.29313929313929316,0.7032418952618454,401,282,680,119,2424,282,680,119,0.26403326403326405,0.6631853785900783,383,254,708,129
qwen25vl,m3id,main,I cannot identify it,UNKNOWN,True,True,0,2424,1462,0.6031353135313532,884,0,0.6046511627906976,0.6046511627906976,884,1540,0,0.36468646864686466,0.36468646864686466,561,1863,0,0.23143564356435645,0.23143564356435645,962,1462,0,401,2023,0,383,2041,0,0.29313929313929316,0.7032418952618454,401,282,680,119,2424,282,680,119,0.26403326403326405,0.6631853785900783,383,254,708,129
qwen25vl,m3id,main,I cannot identify it,UNSURE,True,True,0,2424,1462,0.6031353135313532,885,0,0.6053351573187414,0.6053351573187414,885,1539,0,0.3650990099009901,0.3650990099009901,563,1861,0,0.23226072607260725,0.23226072607260725,962,1462,0,401,2023,0,383,2041,0,0.29313929313929316,0.7032418952618454,401,282,680,119,2424,282,680,119,0.26403326403326405,0.6631853785900783,383,254,708,129
qwen25vl,m3id,main,UNCLEAR,I cannot identify it,True,True,0,2424,1468,0.6056105610561056,808,0,0.5504087193460491,0.5504087193460491,808,1616,0,0.3333333333333333,0.3333333333333333,789,1635,0,0.3254950495049505,0.3254950495049505,956,1468,0,401,2023,0,383,2041,0,0.2824267782426778,0.6733167082294265,401,270,686,131,2424,270,686,131,0.2510460251046025,0.6266318537859008,383,240,716,143
qwen25vl,m3id,main,UNCLEAR,UNCLEAR,True,True,0,2424,1955,0.8065181518151815,934,0,0.47774936061381074,0.47774936061381074,934,1490,0,0.38531353135313534,0.38531353135313534,910,1514,0,0.37541254125412543,0.37541254125412543,469,1955,0,401,2023,0,383,2041,0,0.3603411513859275,0.42144638403990026,401,169,300,232,2424,169,300,232,0.31343283582089554,0.3838120104438642,383,147,322,236
qwen25vl,m3id,main,UNCLEAR,UNKNOWN,True,True,0,2424,1919,0.7916666666666666,917,0,0.477853048462741,0.477853048462741,917,1507,0,0.3783003300330033,0.3783003300330033,892,1532,0,0.367986798679868,0.367986798679868,505,1919,0,401,2023,0,383,2041,0,0.3465346534653465,0.43640897755610975,401,175,330,226,2424,175,330,226,0.30297029702970296,0.39947780678851175,383,153,352,230
qwen25vl,m3id,main,UNCLEAR,UNSURE,True,True,0,2424,1946,0.8028052805280528,928,0,0.47687564234326824,0.47687564234326824,928,1496,0,0.38283828382838286,0.38283828382838286,903,1521,0,0.3725247524752475,0.3725247524752475,478,1946,0,401,2023,0,383,2041,0,0.35355648535564854,0.42144638403990026,401,169,309,232,2424,169,309,232,0.3075313807531381,0.3838120104438642,383,147,331,236
qwen25vl,m3id,main,UNKNOWN,I cannot identify it,True,True,0,2424,982,0.4051155115511551,588,0,0.5987780040733197,0.5987780040733197,588,1836,0,0.24257425742574257,0.24257425742574257,580,1844,0,0.23927392739273928,0.23927392739273928,1442,982,0,401,2023,0,383,2041,0,0.24965325936199723,0.8977556109725686,401,360,1082,41,2424,360,1082,41,0.22399445214979197,0.8433420365535248,383,323,1119,60
qwen25vl,m3id,main,UNKNOWN,UNCLEAR,True,True,0,2424,1064,0.4389438943894389,614,0,0.5770676691729323,0.5770676691729323,614,1810,0,0.2533003300330033,0.2533003300330033,606,1818,0,0.25,0.25,1360,1064,0,401,2023,0,383,2041,0,0.2610294117647059,0.885286783042394,401,355,1005,46,2424,355,1005,46,0.23308823529411765,0.8276762402088773,383,317,1043,66
qwen25vl,m3id,main,UNKNOWN,UNKNOWN,True,True,0,2424,1064,0.4389438943894389,614,0,0.5770676691729323,0.5770676691729323,614,1810,0,0.2533003300330033,0.2533003300330033,604,1820,0,0.24917491749174916,0.24917491749174916,1360,1064,0,401,2023,0,383,2041,0,0.2610294117647059,0.885286783042394,401,355,1005,46,2424,355,1005,46,0.23308823529411765,0.8276762402088773,383,317,1043,66
qwen25vl,m3id,main,UNKNOWN,UNSURE,True,True,0,2424,1064,0.4389438943894389,622,0,0.5845864661654135,0.5845864661654135,622,1802,0,0.2566006600660066,0.2566006600660066,612,1812,0,0.2524752475247525,0.2524752475247525,1360,1064,0,401,2023,0,383,2041,0,0.2610294117647059,0.885286783042394,401,355,1005,46,2424,355,1005,46,0.23308823529411765,0.8276762402088773,383,317,1043,66
qwen25vl,m3id,main,UNSURE,I cannot identify it,True,True,0,2424,1207,0.49793729372937295,722,0,0.5981772990886496,0.5981772990886496,722,1702,0,0.2978547854785479,0.2978547854785479,708,1716,0,0.29207920792079206,0.29207920792079206,1217,1207,0,401,2023,0,383,2041,0,0.2752670501232539,0.8354114713216958,401,335,882,66,2424,335,882,66,0.24979457682826622,0.793733681462141,383,304,913,79
qwen25vl,m3id,main,UNSURE,UNCLEAR,True,True,0,2424,1233,0.5086633663366337,733,0,0.5944849959448499,0.5944849959448499,733,1691,0,0.3023927392739274,0.3023927392739274,720,1704,0,0.297029702970297,0.297029702970297,1191,1233,0,401,2023,0,383,2041,0,0.2787573467674223,0.827930174563591,401,332,859,69,2424,332,859,69,0.25272879932829556,0.7859007832898173,383,301,890,82
qwen25vl,m3id,main,UNSURE,UNKNOWN,True,True,0,2424,1233,0.5086633663366337,725,0,0.5879967558799676,0.5879967558799676,725,1699,0,0.2990924092409241,0.2990924092409241,712,1712,0,0.29372937293729373,0.29372937293729373,1191,1233,0,401,2023,0,383,2041,0,0.2787573467674223,0.827930174563591,401,332,859,69,2424,332,859,69,0.25272879932829556,0.7859007832898173,383,301,890,82
qwen25vl,m3id,main,UNSURE,UNSURE,True,True,0,2424,1233,0.5086633663366337,724,0,0.5871857258718572,0.5871857258718572,724,1700,0,0.2986798679867987,0.2986798679867987,711,1713,0,0.2933168316831683,0.2933168316831683,1191,1233,0,401,2023,0,383,2041,0,0.2787573467674223,0.827930174563591,401,332,859,69,2424,332,859,69,0.25272879932829556,0.7859007832898173,383,301,890,82
qwen25vl,m3id,reference_instruction_removed,I cannot identify it,I cannot identify it,True,False,0,2424,1462,0.6031353135313532,883,0,0.603967168262654,0.603967168262654,883,1541,0,0.3642739273927393,0.3642739273927393,564,1860,0,0.23267326732673269,0.23267326732673269,962,1462,0,401,2023,0,383,2041,0,0.29313929313929316,0.7032418952618454,401,282,680,119,2424,282,680,119,0.26403326403326405,0.6631853785900783,383,254,708,129
qwen25vl,m3id,reference_instruction_removed,UNCLEAR,UNCLEAR,True,False,0,2424,1343,0.554042904290429,774,0,0.5763216679076694,0.5763216679076694,774,1650,0,0.3193069306930693,0.3193069306930693,754,1670,0,0.3110561056105611,0.3110561056105611,1081,1343,0,401,2023,0,383,2041,0,0.27104532839962997,0.7306733167082294,401,293,788,108,2424,293,788,108,0.2414431082331175,0.6814621409921671,383,261,820,122
qwen25vl,m3id,reference_instruction_removed,UNKNOWN,UNKNOWN,True,False,0,2424,920,0.3795379537953795,569,0,0.6184782608695653,0.6184782608695653,569,1855,0,0.23473597359735973,0.23473597359735973,560,1864,0,0.23102310231023102,0.23102310231023102,1504,920,0,401,2023,0,383,2041,0,0.24268617021276595,0.9102244389027432,401,365,1139,36,2424,365,1139,36,0.21808510638297873,0.856396866840731,383,328,1176,55
qwen25vl,m3id,reference_instruction_removed,UNSURE,UNSURE,True,False,0,2424,1031,0.42533003300330036,660,0,0.6401551891367604,0.6401551891367604,660,1764,0,0.2722772277227723,0.2722772277227723,648,1776,0,0.26732673267326734,0.26732673267326734,1393,1031,0,401,2023,0,383,2041,0,0.2548456568557071,0.885286783042394,401,355,1038,46,2424,355,1038,46,0.23115577889447236,0.8407310704960835,383,322,1071,61
qwen25vl,sid,main,I cannot identify it,I cannot identify it,True,True,0,2424,1947,0.8032178217821783,1072,0,0.5505906522855676,0.5505906522855676,1072,1352,0,0.44224422442244227,0.44224422442244227,876,1548,0,0.3613861386138614,0.3613861386138614,477,1947,0,401,2023,0,383,2041,0,0.3689727463312369,0.4389027431421446,401,176,301,225,2424,176,301,225,0.3333333333333333,0.4151436031331593,383,159,318,224
qwen25vl,sid,main,I cannot identify it,UNCLEAR,True,True,0,2424,447,0.1844059405940594,312,0,0.697986577181208,0.697986577181208,312,2112,0,0.12871287128712872,0.12871287128712872,236,2188,0,0.09735973597359736,0.09735973597359736,1977,447,0,401,2023,0,383,2041,0,0.19322205361659078,0.9526184538653366,401,382,1595,19,2424,382,1595,19,0.17602427921092564,0.9086161879895561,383,348,1629,35
qwen25vl,sid,main,I cannot identify it,UNKNOWN,True,True,0,2424,414,0.1707920792079208,291,0,0.7028985507246377,0.7028985507246377,291,2133,0,0.12004950495049505,0.12004950495049505,198,2226,0,0.08168316831683169,0.08168316831683169,2010,414,0,401,2023,0,383,2041,0,0.19154228855721392,0.9600997506234414,401,385,1625,16,2424,385,1625,16,0.1736318407960199,0.9112271540469974,383,349,1661,34
qwen25vl,sid,main,I cannot identify it,UNSURE,True,True,0,2424,479,0.1976072607260726,334,0,0.697286012526096,0.697286012526096,334,2090,0,0.1377887788778878,0.1377887788778878,273,2151,0,0.11262376237623763,0.11262376237623763,1945,479,0,401,2023,0,383,2041,0,0.19588688946015423,0.9501246882793017,401,381,1564,20,2424,381,1564,20,0.17840616966580977,0.9060052219321149,383,347,1598,36
qwen25vl,sid,main,UNCLEAR,I cannot identify it,True,True,0,2424,751,0.30981848184818483,404,0,0.5379494007989347,0.5379494007989347,404,2020,0,0.16666666666666666,0.16666666666666666,396,2028,0,0.16336633663366337,0.16336633663366337,1673,751,0,401,2023,0,383,2041,0,0.22295277943813507,0.9301745635910225,401,373,1300,28,2424,373,1300,28,0.2026300059772863,0.8851174934725848,383,339,1334,44
qwen25vl,sid,main,UNCLEAR,UNCLEAR,True,True,0,2424,2149,0.8865511551155115,999,0,0.46486738017682644,0.46486738017682644,999,1425,0,0.4121287128712871,0.4121287128712871,972,1452,0,0.400990099009901,0.400990099009901,275,2149,0,401,2023,0,383,2041,0,0.4254545454545455,0.29177057356608477,401,117,158,284,2424,117,158,284,0.3781818181818182,0.27154046997389036,383,104,171,279
qwen25vl,sid,main,UNCLEAR,UNKNOWN,True,True,0,2424,908,0.37458745874587457,543,0,0.5980176211453745,0.5980176211453745,543,1881,0,0.22400990099009901,0.22400990099009901,532,1892,0,0.21947194719471946,0.21947194719471946,1516,908,0,401,2023,0,383,2041,0,0.2341688654353562,0.885286783042394,401,355,1161,46,2424,355,1161,46,0.21108179419525067,0.835509138381201,383,320,1196,63
qwen25vl,sid,main,UNCLEAR,UNSURE,True,True,0,2424,1065,0.43935643564356436,605,0,0.568075117370892,0.568075117370892,605,1819,0,0.2495874587458746,0.2495874587458746,596,1828,0,0.24587458745874588,0.24587458745874588,1359,1065,0,401,2023,0,383,2041,0,0.2501839587932303,0.8478802992518704,401,340,1019,61,2424,340,1019,61,0.22663723325974983,0.804177545691906,383,308,1051,75
qwen25vl,sid,main,UNKNOWN,I cannot identify it,True,True,0,2424,297,0.12252475247524752,147,0,0.494949494949495,0.494949494949495,147,2277,0,0.06064356435643564,0.06064356435643564,145,2279,0,0.05981848184818482,0.05981848184818482,2127,297,0,401,2023,0,383,2041,0,0.18711800658204042,0.9925187032418953,401,398,1729,3,2424,398,1729,3,0.1772449459332393,0.9843342036553525,383,377,1750,6
qwen25vl,sid,main,UNKNOWN,UNCLEAR,True,True,0,2424,364,0.15016501650165018,178,0,0.489010989010989,0.489010989010989,178,2246,0,0.07343234323432343,0.07343234323432343,176,2248,0,0.07260726072607261,0.07260726072607261,2060,364,0,401,2023,0,383,2041,0,0.18980582524271844,0.9750623441396509,401,391,1669,10,2424,391,1669,10,0.18009708737864077,0.9686684073107049,383,371,1689,12
qwen25vl,sid,main,UNKNOWN,UNKNOWN,True,True,0,2424,1669,0.6885313531353136,834,0,0.49970041941282206,0.49970041941282206,834,1590,0,0.34405940594059403,0.34405940594059403,825,1599,0,0.34034653465346537,0.34034653465346537,755,1669,0,401,2023,0,383,2041,0,0.3576158940397351,0.6733167082294265,401,270,485,131,2424,270,485,131,0.31788079470198677,0.6266318537859008,383,240,515,143
qwen25vl,sid,main,UNKNOWN,UNSURE,True,True,0,2424,372,0.15346534653465346,184,0,0.4946236559139785,0.4946236559139785,184,2240,0,0.07590759075907591,0.07590759075907591,183,2241,0,0.07549504950495049,0.07549504950495049,2052,372,0,401,2023,0,383,2041,0,0.18908382066276802,0.9675810473815462,401,388,1664,13,2424,388,1664,13,0.17982456140350878,0.9634464751958225,383,369,1683,14
qwen25vl,sid,main,UNSURE,I cannot identify it,True,True,0,2424,94,0.038778877887788776,51,0,0.5425531914893617,0.5425531914893617,51,2373,0,0.02103960396039604,0.02103960396039604,49,2375,0,0.020214521452145213,0.020214521452145213,2330,94,0,401,2023,0,383,2041,0,0.1721030042918455,1.0,401,401,1929,0,2424,401,1929,0,0.16394849785407725,0.9973890339425587,383,382,1948,1
qwen25vl,sid,main,UNSURE,UNCLEAR,True,True,0,2424,930,0.38366336633663367,480,0,0.5161290322580645,0.5161290322580645,480,1944,0,0.19801980198019803,0.19801980198019803,469,1955,0,0.19348184818481848,0.19348184818481848,1494,930,0,401,2023,0,383,2041,0,0.2215528781793842,0.8254364089775561,401,331,1163,70,2424,331,1163,70,0.20883534136546184,0.814621409921671,383,312,1182,71
qwen25vl,sid,main,UNSURE,UNKNOWN,True,True,0,2424,305,0.12582508250825084,167,0,0.5475409836065573,0.5475409836065573,167,2257,0,0.0688943894389439,0.0688943894389439,161,2263,0,0.06641914191419142,0.06641914191419142,2119,305,0,401,2023,0,383,2041,0,0.18168947616800377,0.9600997506234414,401,385,1734,16,2424,385,1734,16,0.171307220386975,0.9477806788511749,383,363,1756,20
qwen25vl,sid,main,UNSURE,UNSURE,True,True,0,2424,1863,0.7685643564356436,970,0,0.5206655931293612,0.5206655931293612,970,1454,0,0.40016501650165015,0.40016501650165015,946,1478,0,0.39026402640264024,0.39026402640264024,561,1863,0,401,2023,0,383,2041,0,0.37967914438502676,0.5311720698254364,401,213,348,188,2424,213,348,188,0.33689839572192515,0.4934725848563969,383,189,372,194
qwen25vl,vcd,main,I cannot identify it,I cannot identify it,True,True,0,2424,1710,0.7054455445544554,979,0,0.572514619883041,0.572514619883041,979,1445,0,0.40387788778877887,0.40387788778877887,866,1558,0,0.3572607260726073,0.3572607260726073,714,1710,0,401,2023,0,383,2041,0,0.33053221288515405,0.5885286783042394,401,236,478,165,2424,236,478,165,0.29551820728291317,0.5509138381201044,383,211,503,172
qwen25vl,vcd,main,I cannot identify it,UNCLEAR,True,True,0,2424,470,0.19389438943894388,316,0,0.6723404255319149,0.6723404255319149,316,2108,0,0.13036303630363036,0.13036303630363036,223,2201,0,0.091996699669967,0.091996699669967,1954,470,0,401,2023,0,383,2041,0,0.19600818833162742,0.9551122194513716,401,383,1571,18,2424,383,1571,18,0.17758444216990787,0.9060052219321149,383,347,1607,36
qwen25vl,vcd,main,I cannot identify it,UNKNOWN,True,True,0,2424,447,0.1844059405940594,312,0,0.697986577181208,0.697986577181208,312,2112,0,0.12871287128712872,0.12871287128712872,212,2212,0,0.08745874587458746,0.08745874587458746,1977,447,0,401,2023,0,383,2041,0,0.19423368740515934,0.9576059850374065,401,384,1593,17,2424,384,1593,17,0.17653009610520992,0.9112271540469974,383,349,1628,34
qwen25vl,vcd,main,I cannot identify it,UNSURE,True,True,0,2424,491,0.20255775577557755,331,0,0.6741344195519349,0.6741344195519349,331,2093,0,0.13655115511551155,0.13655115511551155,252,2172,0,0.10396039603960396,0.10396039603960396,1933,491,0,401,2023,0,383,2041,0,0.1950336264873254,0.940149625935162,401,377,1556,24,2424,377,1556,24,0.17796171753750648,0.8981723237597912,383,344,1589,39
qwen25vl,vcd,main,UNCLEAR,I cannot identify it,True,True,0,2424,753,0.31064356435643564,404,0,0.5365205843293492,0.5365205843293492,404,2020,0,0.16666666666666666,0.16666666666666666,396,2028,0,0.16336633663366337,0.16336633663366337,1671,753,0,401,2023,0,383,2041,0,0.2232196289646918,0.9301745635910225,401,373,1298,28,2424,373,1298,28,0.20287253141831238,0.8851174934725848,383,339,1332,44
qwen25vl,vcd,main,UNCLEAR,UNCLEAR,True,True,0,2424,2125,0.8766501650165016,943,0,0.44376470588235295,0.44376470588235295,943,1481,0,0.389026402640264,0.389026402640264,916,1508,0,0.3778877887788779,0.3778877887788779,299,2125,0,401,2023,0,383,2041,0,0.40468227424749165,0.30174563591022446,401,121,178,280,2424,121,178,280,0.3511705685618729,0.2741514360313316,383,105,194,278
qwen25vl,vcd,main,UNCLEAR,UNKNOWN,True,True,0,2424,937,0.3865511551155115,516,0,0.5506937033084311,0.5506937033084311,516,1908,0,0.21287128712871287,0.21287128712871287,509,1915,0,0.20998349834983498,0.20998349834983498,1487,937,0,401,2023,0,383,2041,0,0.23537323470073973,0.8728179551122195,401,350,1137,51,2424,350,1137,51,0.2125084061869536,0.825065274151436,383,316,1171,67
qwen25vl,vcd,main,UNCLEAR,UNSURE,True,True,0,2424,1067,0.44018151815181517,539,0,0.5051546391752577,0.5051546391752577,539,1885,0,0.22235973597359737,0.22235973597359737,532,1892,0,0.21947194719471946,0.21947194719471946,1357,1067,0,401,2023,0,383,2041,0,0.23507737656595432,0.7955112219451371,401,319,1038,82,2424,319,1038,82,0.21002210759027265,0.7441253263707572,383,285,1072,98
qwen25vl,vcd,main,UNKNOWN,I cannot identify it,True,True,0,2424,301,0.12417491749174918,155,0,0.5149501661129569,0.5149501661129569,155,2269,0,0.06394389438943894,0.06394389438943894,153,2271,0,0.06311881188118812,0.06311881188118812,2123,301,0,401,2023,0,383,2041,0,0.18747056052755534,0.9925187032418953,401,398,1725,3,2424,398,1725,3,0.17710786622703723,0.9817232375979112,383,376,1747,7
qwen25vl,vcd,main,UNKNOWN,UNCLEAR,True,True,0,2424,387,0.15965346534653466,203,0,0.524547803617571,0.524547803617571,203,2221,0,0.08374587458745875,0.08374587458745875,203,2221,0,0.08374587458745875,0.08374587458745875,2037,387,0,401,2023,0,383,2041,0,0.19293078055964655,0.9800498753117207,401,393,1644,8,2424,393,1644,8,0.18163966617574864,0.9660574412532638,383,370,1667,13
qwen25vl,vcd,main,UNKNOWN,UNKNOWN,True,True,0,2424,1655,0.6827557755775577,809,0,0.48882175226586105,0.48882175226586105,809,1615,0,0.33374587458745875,0.33374587458745875,794,1630,0,0.32755775577557755,0.32755775577557755,769,1655,0,401,2023,0,383,2041,0,0.3563068920676203,0.683291770573566,401,274,495,127,2424,274,495,127,0.31729518855656696,0.6370757180156658,383,244,525,139
qwen25vl,vcd,main,UNKNOWN,UNSURE,True,True,0,2424,367,0.1514026402640264,191,0,0.5204359673024523,0.5204359673024523,191,2233,0,0.07879537953795379,0.07879537953795379,191,2233,0,0.07879537953795379,0.07879537953795379,2057,367,0,401,2023,0,383,2041,0,0.191541079241614,0.9825436408977556,401,394,1663,7,2424,394,1663,7,0.180359747204667,0.9686684073107049,383,371,1686,12
qwen25vl,vcd,main,UNSURE,I cannot identify it,True,True,0,2424,102,0.04207920792079208,55,0,0.5392156862745098,0.5392156862745098,55,2369,0,0.02268976897689769,0.02268976897689769,53,2371,0,0.021864686468646866,0.021864686468646866,2322,102,0,401,2023,0,383,2041,0,0.1726959517657192,1.0,401,401,1921,0,2424,401,1921,0,0.1649440137812231,1.0,383,383,1939,0
qwen25vl,vcd,main,UNSURE,UNCLEAR,True,True,0,2424,851,0.3510726072607261,414,0,0.4864864864864865,0.4864864864864865,414,2010,0,0.1707920792079208,0.1707920792079208,407,2017,0,0.1679042904290429,0.1679042904290429,1573,851,0,401,2023,0,383,2041,0,0.20915448188175462,0.8204488778054863,401,329,1244,72,2424,329,1244,72,0.19516846789574063,0.8015665796344648,383,307,1266,76
qwen25vl,vcd,main,UNSURE,UNKNOWN,True,True,0,2424,332,0.13696369636963696,177,0,0.5331325301204819,0.5331325301204819,177,2247,0,0.07301980198019802,0.07301980198019802,173,2251,0,0.07136963696369637,0.07136963696369637,2092,332,0,401,2023,0,383,2041,0,0.18212237093690248,0.9501246882793017,401,381,1711,20,2424,381,1711,20,0.17065009560229447,0.9321148825065274,383,357,1735,26
qwen25vl,vcd,main,UNSURE,UNSURE,True,True,0,2424,1831,0.7553630363036303,920,0,0.5024576734025122,0.5024576734025122,920,1504,0,0.3795379537953795,0.3795379537953795,897,1527,0,0.37004950495049505,0.37004950495049505,593,1831,0,401,2023,0,383,2041,0,0.3676222596964587,0.543640897755611,401,218,375,183,2424,218,375,183,0.32377740303541314,0.5013054830287206,383,192,401,191
qwen25vl,vcd,reference_instruction_removed,I cannot identify it,I cannot identify it,True,False,0,2424,404,0.16666666666666666,285,0,0.7054455445544554,0.7054455445544554,285,2139,0,0.11757425742574257,0.11757425742574257,211,2213,0,0.08704620462046204,0.08704620462046204,2020,404,0,401,2023,0,383,2041,0,0.1910891089108911,0.9625935162094763,401,386,1634,15,2424,386,1634,15,0.17376237623762375,0.9164490861618799,383,351,1669,32
qwen25vl,vcd,reference_instruction_removed,UNCLEAR,UNCLEAR,True,False,0,2424,737,0.304042904290429,441,0,0.5983717774762551,0.5983717774762551,441,1983,0,0.18193069306930693,0.18193069306930693,437,1987,0,0.18028052805280528,0.18028052805280528,1687,737,0,401,2023,0,383,2041,0,0.22110254890337877,0.9301745635910225,401,373,1314,28,2424,373,1314,28,0.2009484291641968,0.8851174934725848,383,339,1348,44
qwen25vl,vcd,reference_instruction_removed,UNKNOWN,UNKNOWN,True,False,0,2424,296,0.12211221122112212,201,0,0.6790540540540541,0.6790540540540541,201,2223,0,0.08292079207920793,0.08292079207920793,199,2225,0,0.08209570957095709,0.08209570957095709,2128,296,0,401,2023,0,383,2041,0,0.18703007518796994,0.9925187032418953,401,398,1730,3,2424,398,1730,3,0.17716165413533835,0.9843342036553525,383,377,1751,6
qwen25vl,vcd,reference_instruction_removed,UNSURE,UNSURE,True,False,0,2424,97,0.040016501650165015,59,0,0.6082474226804123,0.6082474226804123,59,2365,0,0.02433993399339934,0.02433993399339934,58,2366,0,0.02392739273927393,0.02392739273927393,2327,97,0,401,2023,0,383,2041,0,0.17232488182208852,1.0,401,401,1926,0,2424,401,1926,0,0.16458960034379028,1.0,383,383,1944,0
qwen35_4b,cda_visual,instruction_preserving,I cannot identify it,I cannot identify it,True,False,0,2424,1531,0.6316006600660066,453,0,0.2958850424559112,0.2958850424559112,453,1971,0,0.18688118811881188,0.18688118811881188,409,2015,0,0.16872937293729373,0.16872937293729373,893,1531,0,486,1938,0,486,1938,0,0.07838745800671892,0.1440329218106996,486,70,823,416,2424,70,823,416,0.07838745800671892,0.1440329218106996,486,70,823,416
qwen35_4b,cda_visual,instruction_preserving,UNCLEAR,UNCLEAR,True,False,0,2424,2313,0.9542079207920792,601,0,0.2598357111975789,0.2598357111975789,601,1823,0,0.24793729372937293,0.24793729372937293,532,1892,0,0.21947194719471946,0.21947194719471946,111,2313,0,486,1938,0,486,1938,0,0.02702702702702703,0.006172839506172839,486,3,108,483,2424,3,108,483,0.02702702702702703,0.006172839506172839,486,3,108,483
qwen35_4b,cda_visual,instruction_preserving,UNKNOWN,UNKNOWN,True,False,0,2424,2271,0.9368811881188119,637,0,0.2804931748128578,0.2804931748128578,637,1787,0,0.26278877887788776,0.26278877887788776,550,1874,0,0.2268976897689769,0.2268976897689769,153,2271,0,486,1938,0,486,1938,0,0.006535947712418301,0.00205761316872428,486,1,152,485,2424,1,152,485,0.006535947712418301,0.00205761316872428,486,1,152,485
qwen35_4b,cda_visual,instruction_preserving,UNSURE,UNSURE,True,False,0,2424,2299,0.9484323432343235,610,0,0.2653327533710309,0.2653327533710309,610,1814,0,0.25165016501650167,0.25165016501650167,525,1899,0,0.21658415841584158,0.21658415841584158,125,2299,0,486,1938,0,486,1938,0,0.016,0.00411522633744856,486,2,123,484,2424,2,123,484,0.016,0.00411522633744856,486,2,123,484
qwen35_4b,deco,main,I cannot identify it,I cannot identify it,True,True,0,2424,2351,0.9698844884488449,1291,0,0.5491280306252658,0.5491280306252658,1291,1133,0,0.5325907590759076,0.5325907590759076,1241,1183,0,0.511963696369637,0.511963696369637,73,2351,0,486,1938,0,486,1938,0,0.5616438356164384,0.08436213991769548,486,41,32,445,2424,41,32,445,0.5616438356164384,0.08436213991769548,486,41,32,445
qwen35_4b,deco,main,UNCLEAR,UNCLEAR,True,True,0,2424,1597,0.6588283828382838,999,0,0.6255479023168441,0.6255479023168441,999,1425,0,0.4121287128712871,0.4121287128712871,972,1452,0,0.400990099009901,0.400990099009901,827,1597,0,486,1938,0,486,1938,0,0.3724304715840387,0.6337448559670782,486,308,519,178,2424,308,519,178,0.3724304715840387,0.6337448559670782,486,308,519,178
qwen35_4b,deco,main,UNKNOWN,UNKNOWN,True,True,0,2424,1755,0.724009900990099,1068,0,0.6085470085470085,0.6085470085470085,1068,1356,0,0.4405940594059406,0.4405940594059406,1035,1389,0,0.42698019801980197,0.42698019801980197,669,1755,0,486,1938,0,486,1938,0,0.4155455904334828,0.5720164609053497,486,278,391,208,2424,278,391,208,0.4155455904334828,0.5720164609053497,486,278,391,208
qwen35_4b,deco,main,UNSURE,UNSURE,True,True,0,2424,1820,0.7508250825082509,1101,0,0.6049450549450549,0.6049450549450549,1101,1323,0,0.4542079207920792,0.4542079207920792,1070,1354,0,0.4414191419141914,0.4414191419141914,604,1820,0,486,1938,0,486,1938,0,0.41887417218543044,0.5205761316872428,486,253,351,233,2424,253,351,233,0.41887417218543044,0.5205761316872428,486,253,351,233
qwen35_4b,direct,main,I cannot identify it,I cannot identify it,True,True,0,2424,2350,0.9694719471947195,1294,0,0.5506382978723404,0.5506382978723404,1294,1130,0,0.5338283828382838,0.5338283828382838,1244,1180,0,0.5132013201320133,0.5132013201320133,74,2350,0,486,1938,0,486,1938,0,0.5675675675675675,0.08641975308641975,486,42,32,444,2424,42,32,444,0.5675675675675675,0.08641975308641975,486,42,32,444
qwen35_4b,direct,main,UNCLEAR,UNCLEAR,True,True,0,2424,1627,0.6712046204620462,1004,0,0.6170866625691457,0.6170866625691457,1004,1420,0,0.4141914191419142,0.4141914191419142,977,1447,0,0.40305280528052806,0.40305280528052806,797,1627,0,486,1938,0,486,1938,0,0.36762860727728985,0.602880658436214,486,293,504,193,2424,293,504,193,0.36762860727728985,0.602880658436214,486,293,504,193
qwen35_4b,direct,main,UNKNOWN,UNKNOWN,True,True,0,2424,1926,0.7945544554455446,1123,0,0.5830737279335411,0.5830737279335411,1123,1301,0,0.46328382838283827,0.46328382838283827,1087,1337,0,0.4484323432343234,0.4484323432343234,498,1926,0,486,1938,0,486,1938,0,0.4578313253012048,0.4691358024691358,486,228,270,258,2424,228,270,258,0.4578313253012048,0.4691358024691358,486,228,270,258
qwen35_4b,direct,main,UNSURE,UNSURE,True,True,0,2424,1852,0.764026402640264,1105,0,0.5966522678185745,0.5966522678185745,1105,1319,0,0.45585808580858084,0.45585808580858084,1073,1351,0,0.44265676567656764,0.44265676567656764,572,1852,0,486,1938,0,486,1938,0,0.4195804195804196,0.49382716049382713,486,240,332,246,2424,240,332,246,0.4195804195804196,0.49382716049382713,486,240,332,246
qwen35_4b,dola,main,I cannot identify it,I cannot identify it,True,True,0,2424,2357,0.9723597359735974,1291,0,0.5477301654645736,0.5477301654645736,1291,1133,0,0.5325907590759076,0.5325907590759076,1243,1181,0,0.5127887788778878,0.5127887788778878,67,2357,0,486,1938,0,486,1938,0,0.5671641791044776,0.07818930041152264,486,38,29,448,2424,38,29,448,0.5671641791044776,0.07818930041152264,486,38,29,448
qwen35_4b,dola,main,UNCLEAR,UNCLEAR,True,True,0,2424,1636,0.6749174917491749,1007,0,0.6155256723716381,0.6155256723716381,1007,1417,0,0.41542904290429045,0.41542904290429045,980,1444,0,0.4042904290429043,0.4042904290429043,788,1636,0,486,1938,0,486,1938,0,0.36928934010152287,0.5987654320987654,486,291,497,195,2424,291,497,195,0.36928934010152287,0.5987654320987654,486,291,497,195
qwen35_4b,dola,main,UNKNOWN,UNKNOWN,True,True,0,2424,1914,0.7896039603960396,1130,0,0.5903866248693835,0.5903866248693835,1130,1294,0,0.4661716171617162,0.4661716171617162,1096,1328,0,0.4521452145214521,0.4521452145214521,510,1914,0,486,1938,0,486,1938,0,0.4568627450980392,0.4794238683127572,486,233,277,253,2424,233,277,253,0.4568627450980392,0.4794238683127572,486,233,277,253
qwen35_4b,dola,main,UNSURE,UNSURE,True,True,0,2424,1849,0.7627887788778878,1106,0,0.5981611681990265,0.5981611681990265,1106,1318,0,0.45627062706270627,0.45627062706270627,1075,1349,0,0.4434818481848185,0.4434818481848185,575,1849,0,486,1938,0,486,1938,0,0.4156521739130435,0.49176954732510286,486,239,336,247,2424,239,336,247,0.4156521739130435,0.49176954732510286,486,239,336,247
qwen35_4b,instruction_m3id,instruction_preserving,I cannot identify it,I cannot identify it,True,False,0,2424,2417,0.9971122112211221,1300,0,0.5378568473314026,0.5378568473314026,1300,1124,0,0.5363036303630363,0.5363036303630363,1251,1173,0,0.5160891089108911,0.5160891089108911,7,2417,0,486,1938,0,486,1938,0,0.7142857142857143,0.0102880658436214,486,5,2,481,2424,5,2,481,0.7142857142857143,0.0102880658436214,486,5,2,481
qwen35_4b,instruction_m3id,instruction_preserving,UNCLEAR,UNCLEAR,True,False,0,2424,2133,0.879950495049505,1117,0,0.5236755743084857,0.5236755743084857,1117,1307,0,0.4608085808580858,0.4608085808580858,1079,1345,0,0.4451320132013201,0.4451320132013201,291,2133,0,486,1938,0,486,1938,0,0.3024054982817869,0.18106995884773663,486,88,203,398,2424,88,203,398,0.3024054982817869,0.18106995884773663,486,88,203,398
qwen35_4b,instruction_m3id,instruction_preserving,UNKNOWN,UNKNOWN,True,False,0,2424,2319,0.9566831683168316,1210,0,0.5217766278568349,0.5217766278568349,1210,1214,0,0.4991749174917492,0.4991749174917492,1169,1255,0,0.4822607260726073,0.4822607260726073,105,2319,0,486,1938,0,486,1938,0,0.45714285714285713,0.09876543209876543,486,48,57,438,2424,48,57,438,0.45714285714285713,0.09876543209876543,486,48,57,438
qwen35_4b,instruction_m3id,instruction_preserving,UNSURE,UNSURE,True,False,0,2424,2272,0.9372937293729373,1199,0,0.5277288732394366,0.5277288732394366,1199,1225,0,0.4946369636963696,0.4946369636963696,1164,1260,0,0.4801980198019802,0.4801980198019802,152,2272,0,486,1938,0,486,1938,0,0.4407894736842105,0.13786008230452676,486,67,85,419,2424,67,85,419,0.4407894736842105,0.13786008230452676,486,67,85,419
qwen35_4b,instruction_vcd,instruction_preserving,I cannot identify it,I cannot identify it,True,False,0,2424,2377,0.9806105610561056,1258,0,0.5292385359697097,0.5292385359697097,1258,1166,0,0.518976897689769,0.518976897689769,1176,1248,0,0.48514851485148514,0.48514851485148514,47,2377,0,486,1938,0,486,1938,0,0.46808510638297873,0.04526748971193416,486,22,25,464,2424,22,25,464,0.46808510638297873,0.04526748971193416,486,22,25,464
qwen35_4b,instruction_vcd,instruction_preserving,UNCLEAR,UNCLEAR,True,False,0,2424,2099,0.865924092409241,1042,0,0.49642686993806573,0.49642686993806573,1042,1382,0,0.4298679867986799,0.4298679867986799,980,1444,0,0.4042904290429043,0.4042904290429043,325,2099,0,486,1938,0,486,1938,0,0.37538461538461537,0.25102880658436216,486,122,203,364,2424,122,203,364,0.37538461538461537,0.25102880658436216,486,122,203,364
qwen35_4b,instruction_vcd,instruction_preserving,UNKNOWN,UNKNOWN,True,False,0,2424,2303,0.9500825082508251,1142,0,0.49587494572297003,0.49587494572297003,1142,1282,0,0.47112211221122113,0.47112211221122113,1071,1353,0,0.44183168316831684,0.44183168316831684,121,2303,0,486,1938,0,486,1938,0,0.5041322314049587,0.12551440329218108,486,61,60,425,2424,61,60,425,0.5041322314049587,0.12551440329218108,486,61,60,425
qwen35_4b,instruction_vcd,instruction_preserving,UNSURE,UNSURE,True,False,0,2424,2156,0.8894389438943895,1094,0,0.5074211502782932,0.5074211502782932,1094,1330,0,0.4513201320132013,0.4513201320132013,1026,1398,0,0.42326732673267325,0.42326732673267325,268,2156,0,486,1938,0,486,1938,0,0.376865671641791,0.20781893004115226,486,101,167,385,2424,101,167,385,0.376865671641791,0.20781893004115226,486,101,167,385
qwen35_4b,m3id,main,I cannot identify it,I cannot identify it,True,True,0,2424,2405,0.9921617161716172,1294,0,0.5380457380457381,0.5380457380457381,1294,1130,0,0.5338283828382838,0.5338283828382838,1243,1181,0,0.5127887788778878,0.5127887788778878,19,2405,0,486,1938,0,486,1938,0,0.8421052631578947,0.03292181069958848,486,16,3,470,2424,16,3,470,0.8421052631578947,0.03292181069958848,486,16,3,470
qwen35_4b,m3id,main,I cannot identify it,UNCLEAR,True,True,0,2424,2405,0.9921617161716172,1293,0,0.5376299376299376,0.5376299376299376,1293,1131,0,0.5334158415841584,0.5334158415841584,1243,1181,0,0.5127887788778878,0.5127887788778878,19,2405,0,486,1938,0,486,1938,0,0.8421052631578947,0.03292181069958848,486,16,3,470,2424,16,3,470,0.8421052631578947,0.03292181069958848,486,16,3,470
qwen35_4b,m3id,main,I cannot identify it,UNKNOWN,True,True,0,2424,2403,0.9913366336633663,1280,0,0.5326674989596338,0.5326674989596338,1280,1144,0,0.528052805280528,0.528052805280528,1223,1201,0,0.5045379537953796,0.5045379537953796,21,2403,0,486,1938,0,486,1938,0,0.7619047619047619,0.03292181069958848,486,16,5,470,2424,16,5,470,0.7619047619047619,0.03292181069958848,486,16,5,470
qwen35_4b,m3id,main,I cannot identify it,UNSURE,True,True,0,2424,2405,0.9921617161716172,1278,0,0.5313929313929314,0.5313929313929314,1278,1146,0,0.5272277227722773,0.5272277227722773,1221,1203,0,0.5037128712871287,0.5037128712871287,19,2405,0,486,1938,0,486,1938,0,0.8421052631578947,0.03292181069958848,486,16,3,470,2424,16,3,470,0.8421052631578947,0.03292181069958848,486,16,3,470
qwen35_4b,m3id,main,UNCLEAR,I cannot identify it,True,True,0,2424,1503,0.620049504950495,906,0,0.6027944111776448,0.6027944111776448,906,1518,0,0.37376237623762376,0.37376237623762376,876,1548,0,0.3613861386138614,0.3613861386138614,921,1503,0,486,1938,0,486,1938,0,0.3485342019543974,0.6604938271604939,486,321,600,165,2424,321,600,165,0.3485342019543974,0.6604938271604939,486,321,600,165
qwen35_4b,m3id,main,UNCLEAR,UNCLEAR,True,True,0,2424,1946,0.8028052805280528,1078,0,0.5539568345323741,0.5539568345323741,1078,1346,0,0.44471947194719474,0.44471947194719474,1040,1384,0,0.429042904290429,0.429042904290429,478,1946,0,486,1938,0,486,1938,0,0.3702928870292887,0.36419753086419754,486,177,301,309,2424,177,301,309,0.3702928870292887,0.36419753086419754,486,177,301,309
qwen35_4b,m3id,main,UNCLEAR,UNKNOWN,True,True,0,2424,1902,0.7846534653465347,1054,0,0.5541535226077813,0.5541535226077813,1054,1370,0,0.43481848184818483,0.43481848184818483,1013,1411,0,0.4179042904290429,0.4179042904290429,522,1902,0,486,1938,0,486,1938,0,0.3773946360153257,0.4053497942386831,486,197,325,289,2424,197,325,289,0.3773946360153257,0.4053497942386831,486,197,325,289
qwen35_4b,m3id,main,UNCLEAR,UNSURE,True,True,0,2424,1944,0.801980198019802,1065,0,0.5478395061728395,0.5478395061728395,1065,1359,0,0.43935643564356436,0.43935643564356436,1024,1400,0,0.42244224422442245,0.42244224422442245,480,1944,0,486,1938,0,486,1938,0,0.36875,0.36419753086419754,486,177,303,309,2424,177,303,309,0.36875,0.36419753086419754,486,177,303,309
qwen35_4b,m3id,main,UNKNOWN,I cannot identify it,True,True,0,2424,1395,0.5754950495049505,915,0,0.6559139784946236,0.6559139784946236,915,1509,0,0.3774752475247525,0.3774752475247525,894,1530,0,0.3688118811881188,0.3688118811881188,1029,1395,0,486,1938,0,486,1938,0,0.34791059280855197,0.7366255144032922,486,358,671,128,2424,358,671,128,0.34791059280855197,0.7366255144032922,486,358,671,128
qwen35_4b,m3id,main,UNKNOWN,UNCLEAR,True,True,0,2424,2252,0.929042904290429,1188,0,0.5275310834813499,0.5275310834813499,1188,1236,0,0.4900990099009901,0.4900990099009901,1152,1272,0,0.4752475247524752,0.4752475247524752,172,2252,0,486,1938,0,486,1938,0,0.43023255813953487,0.1522633744855967,486,74,98,412,2424,74,98,412,0.43023255813953487,0.1522633744855967,486,74,98,412
qwen35_4b,m3id,main,UNKNOWN,UNKNOWN,True,True,0,2424,2282,0.9414191419141914,1188,0,0.5205959684487291,0.5205959684487291,1188,1236,0,0.4900990099009901,0.4900990099009901,1147,1277,0,0.4731848184818482,0.4731848184818482,142,2282,0,486,1938,0,486,1938,0,0.4507042253521127,0.13168724279835392,486,64,78,422,2424,64,78,422,0.4507042253521127,0.13168724279835392,486,64,78,422
qwen35_4b,m3id,main,UNKNOWN,UNSURE,True,True,0,2424,2239,0.9236798679867987,1174,0,0.5243412237606074,0.5243412237606074,1174,1250,0,0.48432343234323433,0.48432343234323433,1137,1287,0,0.46905940594059403,0.46905940594059403,185,2239,0,486,1938,0,486,1938,0,0.4648648648648649,0.17695473251028807,486,86,99,400,2424,86,99,400,0.4648648648648649,0.17695473251028807,486,86,99,400
qwen35_4b,m3id,main,UNSURE,I cannot identify it,True,True,0,2424,1523,0.6283003300330033,973,0,0.63887065003283,0.63887065003283,973,1451,0,0.4014026402640264,0.4014026402640264,951,1473,0,0.39232673267326734,0.39232673267326734,901,1523,0,486,1938,0,486,1938,0,0.3706992230854606,0.6872427983539094,486,334,567,152,2424,334,567,152,0.3706992230854606,0.6872427983539094,486,334,567,152
qwen35_4b,m3id,main,UNSURE,UNCLEAR,True,True,0,2424,2198,0.9067656765676567,1183,0,0.5382165605095541,0.5382165605095541,1183,1241,0,0.48803630363036304,0.48803630363036304,1145,1279,0,0.47235973597359737,0.47235973597359737,226,2198,0,486,1938,0,486,1938,0,0.3938053097345133,0.1831275720164609,486,89,137,397,2424,89,137,397,0.3938053097345133,0.1831275720164609,486,89,137,397
qwen35_4b,m3id,main,UNSURE,UNKNOWN,True,True,0,2424,2172,0.8960396039603961,1156,0,0.5322283609576427,0.5322283609576427,1156,1268,0,0.4768976897689769,0.4768976897689769,1122,1302,0,0.4628712871287129,0.4628712871287129,252,2172,0,486,1938,0,486,1938,0,0.4126984126984127,0.2139917695473251,486,104,148,382,2424,104,148,382,0.4126984126984127,0.2139917695473251,486,104,148,382
qwen35_4b,m3id,main,UNSURE,UNSURE,True,True,0,2424,2204,0.9092409240924092,1170,0,0.530852994555354,0.530852994555354,1170,1254,0,0.48267326732673266,0.48267326732673266,1135,1289,0,0.4682343234323432,0.4682343234323432,220,2204,0,486,1938,0,486,1938,0,0.38636363636363635,0.1748971193415638,486,85,135,401,2424,85,135,401,0.38636363636363635,0.1748971193415638,486,85,135,401
qwen35_4b,m3id,reference_instruction_removed,I cannot identify it,I cannot identify it,True,False,0,2424,2405,0.9921617161716172,1276,0,0.5305613305613306,0.5305613305613306,1276,1148,0,0.5264026402640264,0.5264026402640264,1222,1202,0,0.5041254125412541,0.5041254125412541,19,2405,0,486,1938,0,486,1938,0,0.8421052631578947,0.03292181069958848,486,16,3,470,2424,16,3,470,0.8421052631578947,0.03292181069958848,486,16,3,470
qwen35_4b,m3id,reference_instruction_removed,UNCLEAR,UNCLEAR,True,False,0,2424,1582,0.6526402640264026,929,0,0.5872313527180784,0.5872313527180784,929,1495,0,0.38325082508250824,0.38325082508250824,900,1524,0,0.3712871287128713,0.3712871287128713,842,1582,0,486,1938,0,486,1938,0,0.3527315914489311,0.6111111111111112,486,297,545,189,2424,297,545,189,0.3527315914489311,0.6111111111111112,486,297,545,189
qwen35_4b,m3id,reference_instruction_removed,UNKNOWN,UNKNOWN,True,False,0,2424,1569,0.6472772277227723,980,0,0.6246016571064372,0.6246016571064372,980,1444,0,0.4042904290429043,0.4042904290429043,959,1465,0,0.3956270627062706,0.3956270627062706,855,1569,0,486,1938,0,486,1938,0,0.38128654970760234,0.6707818930041153,486,326,529,160,2424,326,529,160,0.38128654970760234,0.6707818930041153,486,326,529,160
qwen35_4b,m3id,reference_instruction_removed,UNSURE,UNSURE,True,False,0,2424,1600,0.6600660066006601,1002,0,0.62625,0.62625,1002,1422,0,0.41336633663366334,0.41336633663366334,978,1446,0,0.4034653465346535,0.4034653465346535,824,1600,0,486,1938,0,486,1938,0,0.37985436893203883,0.6440329218106996,486,313,511,173,2424,313,511,173,0.37985436893203883,0.6440329218106996,486,313,511,173
qwen35_4b,vcd,main,I cannot identify it,I cannot identify it,True,True,0,2424,2406,0.9925742574257426,1249,0,0.5191188694929343,0.5191188694929343,1249,1175,0,0.5152640264026402,0.5152640264026402,1154,1270,0,0.4760726072607261,0.4760726072607261,18,2406,0,486,1938,0,486,1938,0,0.7222222222222222,0.026748971193415638,486,13,5,473,2424,13,5,473,0.7222222222222222,0.026748971193415638,486,13,5,473
qwen35_4b,vcd,main,I cannot identify it,UNCLEAR,True,True,0,2424,2264,0.933993399339934,1210,0,0.534452296819788,0.534452296819788,1210,1214,0,0.4991749174917492,0.4991749174917492,1105,1319,0,0.45585808580858084,0.45585808580858084,160,2264,0,486,1938,0,486,1938,0,0.46875,0.15432098765432098,486,75,85,411,2424,75,85,411,0.46875,0.15432098765432098,486,75,85,411
qwen35_4b,vcd,main,I cannot identify it,UNKNOWN,True,True,0,2424,2208,0.9108910891089109,1202,0,0.5443840579710145,0.5443840579710145,1202,1222,0,0.49587458745874585,0.49587458745874585,1095,1329,0,0.45173267326732675,0.45173267326732675,216,2208,0,486,1938,0,486,1938,0,0.5,0.2222222222222222,486,108,108,378,2424,108,108,378,0.5,0.2222222222222222,486,108,108,378
qwen35_4b,vcd,main,I cannot identify it,UNSURE,True,True,0,2424,2205,0.9096534653465347,1199,0,0.5437641723356009,0.5437641723356009,1199,1225,0,0.4946369636963696,0.4946369636963696,1085,1339,0,0.4476072607260726,0.4476072607260726,219,2205,0,486,1938,0,486,1938,0,0.4840182648401826,0.21810699588477367,486,106,113,380,2424,106,113,380,0.4840182648401826,0.21810699588477367,486,106,113,380
qwen35_4b,vcd,main,UNCLEAR,I cannot identify it,True,True,0,2424,643,0.26526402640264024,385,0,0.5987558320373251,0.5987558320373251,385,2039,0,0.15882838283828382,0.15882838283828382,369,2055,0,0.15222772277227722,0.15222772277227722,1781,643,0,486,1938,0,486,1938,0,0.2442448062886019,0.8950617283950617,486,435,1346,51,2424,435,1346,51,0.2442448062886019,0.8950617283950617,486,435,1346,51
qwen35_4b,vcd,main,UNCLEAR,UNCLEAR,True,True,0,2424,2199,0.9071782178217822,1105,0,0.5025011368804002,0.5025011368804002,1105,1319,0,0.45585808580858084,0.45585808580858084,1038,1386,0,0.4282178217821782,0.4282178217821782,225,2199,0,486,1938,0,486,1938,0,0.4266666666666667,0.19753086419753085,486,96,129,390,2424,96,129,390,0.4266666666666667,0.19753086419753085,486,96,129,390
qwen35_4b,vcd,main,UNCLEAR,UNKNOWN,True,True,0,2424,853,0.3518976897689769,533,0,0.6248534583821805,0.6248534583821805,533,1891,0,0.2198844884488449,0.2198844884488449,508,1916,0,0.20957095709570958,0.20957095709570958,1571,853,0,486,1938,0,486,1938,0,0.2558879694462126,0.8271604938271605,486,402,1169,84,2424,402,1169,84,0.2558879694462126,0.8271604938271605,486,402,1169,84
qwen35_4b,vcd,main,UNCLEAR,UNSURE,True,True,0,2424,1099,0.45338283828382836,619,0,0.5632393084622384,0.5632393084622384,619,1805,0,0.2553630363036304,0.2553630363036304,588,1836,0,0.24257425742574257,0.24257425742574257,1325,1099,0,486,1938,0,486,1938,0,0.26339622641509436,0.7181069958847737,486,349,976,137,2424,349,976,137,0.26339622641509436,0.7181069958847737,486,349,976,137
qwen35_4b,vcd,main,UNKNOWN,I cannot identify it,True,True,0,2424,968,0.39933993399339934,558,0,0.5764462809917356,0.5764462809917356,558,1866,0,0.2301980198019802,0.2301980198019802,539,1885,0,0.22235973597359737,0.22235973597359737,1456,968,0,486,1938,0,486,1938,0,0.27953296703296704,0.8374485596707819,486,407,1049,79,2424,407,1049,79,0.27953296703296704,0.8374485596707819,486,407,1049,79
qwen35_4b,vcd,main,UNKNOWN,UNCLEAR,True,True,0,2424,1318,0.5437293729372937,814,0,0.6176024279210925,0.6176024279210925,814,1610,0,0.3358085808580858,0.3358085808580858,777,1647,0,0.32054455445544555,0.32054455445544555,1106,1318,0,486,1938,0,486,1938,0,0.310126582278481,0.7057613168724279,486,343,763,143,2424,343,763,143,0.310126582278481,0.7057613168724279,486,343,763,143
qwen35_4b,vcd,main,UNKNOWN,UNKNOWN,True,True,0,2424,2337,0.9641089108910891,1176,0,0.503209242618742,0.503209242618742,1176,1248,0,0.48514851485148514,0.48514851485148514,1099,1325,0,0.45338283828382836,0.45338283828382836,87,2337,0,486,1938,0,486,1938,0,0.4827586206896552,0.08641975308641975,486,42,45,444,2424,42,45,444,0.4827586206896552,0.08641975308641975,486,42,45,444
qwen35_4b,vcd,main,UNKNOWN,UNSURE,True,True,0,2424,1261,0.5202145214521452,755,0,0.598731165741475,0.598731165741475,755,1669,0,0.31146864686468645,0.31146864686468645,717,1707,0,0.2957920792079208,0.2957920792079208,1163,1261,0,486,1938,0,486,1938,0,0.30266552020636284,0.7242798353909465,486,352,811,134,2424,352,811,134,0.30266552020636284,0.7242798353909465,486,352,811,134
qwen35_4b,vcd,main,UNSURE,I cannot identify it,True,True,0,2424,705,0.2908415841584158,393,0,0.5574468085106383,0.5574468085106383,393,2031,0,0.16212871287128713,0.16212871287128713,382,2042,0,0.15759075907590758,0.15759075907590758,1719,705,0,486,1938,0,486,1938,0,0.2501454333915067,0.8847736625514403,486,430,1289,56,2424,430,1289,56,0.2501454333915067,0.8847736625514403,486,430,1289,56
qwen35_4b,vcd,main,UNSURE,UNCLEAR,True,True,0,2424,2025,0.8353960396039604,1117,0,0.551604938271605,0.551604938271605,1117,1307,0,0.4608085808580858,0.4608085808580858,1051,1373,0,0.4335808580858086,0.4335808580858086,399,2025,0,486,1938,0,486,1938,0,0.38847117794486213,0.31893004115226337,486,155,244,331,2424,155,244,331,0.38847117794486213,0.31893004115226337,486,155,244,331
qwen35_4b,vcd,main,UNSURE,UNKNOWN,True,True,0,2424,1552,0.6402640264026402,876,0,0.5644329896907216,0.5644329896907216,876,1548,0,0.3613861386138614,0.3613861386138614,819,1605,0,0.3378712871287129,0.3378712871287129,872,1552,0,486,1938,0,486,1938,0,0.29701834862385323,0.5329218106995884,486,259,613,227,2424,259,613,227,0.29701834862385323,0.5329218106995884,486,259,613,227
qwen35_4b,vcd,main,UNSURE,UNSURE,True,True,0,2424,2295,0.9467821782178217,1177,0,0.5128540305010894,0.5128540305010894,1177,1247,0,0.48556105610561057,0.48556105610561057,1099,1325,0,0.45338283828382836,0.45338283828382836,129,2295,0,486,1938,0,486,1938,0,0.4496124031007752,0.11934156378600823,486,58,71,428,2424,58,71,428,0.4496124031007752,0.11934156378600823,486,58,71,428
qwen35_4b,vcd,reference_instruction_removed,I cannot identify it,I cannot identify it,True,False,0,2424,2073,0.8551980198019802,1167,0,0.5629522431259045,0.5629522431259045,1167,1257,0,0.4814356435643564,0.4814356435643564,1070,1354,0,0.4414191419141914,0.4414191419141914,351,2073,0,486,1938,0,486,1938,0,0.47863247863247865,0.345679012345679,486,168,183,318,2424,168,183,318,0.47863247863247865,0.345679012345679,486,168,183,318
qwen35_4b,vcd,reference_instruction_removed,UNCLEAR,UNCLEAR,True,False,0,2424,621,0.2561881188118812,381,0,0.6135265700483091,0.6135265700483091,381,2043,0,0.15717821782178218,0.15717821782178218,364,2060,0,0.15016501650165018,0.15016501650165018,1803,621,0,486,1938,0,486,1938,0,0.24403771491957849,0.9053497942386831,486,440,1363,46,2424,440,1363,46,0.24403771491957849,0.9053497942386831,486,440,1363,46
qwen35_4b,vcd,reference_instruction_removed,UNKNOWN,UNKNOWN,True,False,0,2424,946,0.39026402640264024,561,0,0.5930232558139535,0.5930232558139535,561,1863,0,0.23143564356435645,0.23143564356435645,539,1885,0,0.22235973597359737,0.22235973597359737,1478,946,0,486,1938,0,486,1938,0,0.2774018944519621,0.8436213991769548,486,410,1068,76,2424,410,1068,76,0.2774018944519621,0.8436213991769548,486,410,1068,76
qwen35_4b,vcd,reference_instruction_removed,UNSURE,UNSURE,True,False,0,2424,661,0.2726897689768977,395,0,0.5975794251134644,0.5975794251134644,395,2029,0,0.16295379537953794,0.16295379537953794,382,2042,0,0.15759075907590758,0.15759075907590758,1763,661,0,486,1938,0,486,1938,0,0.24844015882019285,0.9012345679012346,486,438,1325,48,2424,438,1325,48,0.24844015882019285,0.9012345679012346,486,438,1325,48
